"p_val","avg_log2FC","pct.1","pct.2","p_val_adj","cluster","gene"
4.91873208829929e-12,1.23987445224829,0.29,0.173,1.00661852187045e-07,"0","BEX3"
0,1.01359913197036,0.434,0.245,0,"0","NECAB3"
2.70894418008538e-14,0.94178599904969,0.369,0.222,5.54385426454473e-10,"0","SOCS3"
0,0.913378367456334,0.939,0.81,0,"0","MAL"
4.37427871702312e-13,0.900695237703702,0.398,0.258,8.95196139438781e-09,"0","AL391056.1"
0,0.88402449731873,0.829,0.652,0,"0","AQP3"
8.88178419700125e-16,0.864595516642195,0.514,0.348,1.81765713591631e-11,"0","CLIC3"
0,0.843511920245422,0.595,0.33,0,"0","SLC35D2"
5.24913446042774e-13,0.79950890473672,0.384,0.242,1.07423536732654e-08,"0","LINC00861"
0,0.776415618073395,0.981,0.92,0,"0","PCED1B-AS1"
0,0.753377038208111,0.965,0.856,0,"0","UCP2"
0,0.747408822062887,0.686,0.509,0,"0","SH3BP5"
5.55111512312578e-15,0.74250568790614,0.57,0.423,1.13603570994769e-10,"0","MT1X"
5.73690006611116e-09,0.740923826908353,0.304,0.2,0.000117405659852965,"0","THEMIS2"
0,0.729165602084892,0.771,0.613,0,"0","TNFSF8"
3.02338154511972e-11,0.727689401643018,0.408,0.277,6.1873503320875e-07,"0","LINC01215"
0,0.720674033660036,0.625,0.441,0,"0","SNHG32"
6.12718791259681e-07,0.692536420575242,0.279,0.191,0.0125392900631294,"0","AC008555.4"
2.95079761345463e-05,0.677128385305085,0.338,0.265,0.603880731593489,"0","SGK1"
1.21534557306902e-07,0.676637641072767,0.287,0.194,0.00248720471528574,"0","SLC12A9"
1.48483372930386e-07,0.675239840248528,0.258,0.167,0.00303871222702035,"0","G6PC3"
2.73292499741729e-12,0.673383260475144,0.621,0.497,5.59293100721447e-08,"0","NPDC1"
1.96904185201241e-06,0.671494463066008,0.25,0.168,0.040296441501434,"0","TMEM129"
0,0.661252886239836,0.965,0.831,0,"0","GAS5"
5.63748381310347e-10,0.6486958784508,0.338,0.221,1.15371106235163e-05,"0","MEN1"
0,0.646597770979315,0.768,0.598,0,"0","TRADD"
4.11226608321158e-13,0.640581378155874,0.494,0.351,8.4157525392925e-09,"0","PEPD"
1.35580435767224e-12,0.63996937365217,0.44,0.287,2.77465361797624e-08,"0","EPB41L4A-AS1"
2.71943590979262e-07,0.639640444805345,0.38,0.277,0.0055653255893906,"0","LGALS3BP"
4.44089209850063e-15,0.638072829797052,0.492,0.328,9.08828567958153e-11,"0","TSPAN32"
4.11232065666844e-06,0.634255961090906,0.331,0.249,0.0841586422387197,"0","ANTKMT"
0,0.633707529663477,0.713,0.541,0,"0","TESPA1"
0,0.624152905876144,0.814,0.676,0,"0","PTGER2"
7.8590756125152e-10,0.61914698030687,0.441,0.333,1.60835982410124e-05,"0","WDR45"
2.47845464151908e-08,0.613242551267894,0.394,0.289,0.00050721574238688,"0","ATP8B2"
3.04036651410655e-08,0.611456387216031,0.328,0.223,0.000622211007111906,"0","DPH5"
0,0.610933973183715,1,0.992,0,"0","LTB"
0.000475908216529985,0.610295651199777,0.392,0.332,1,"0","OSM"
3.3633825546886e-07,0.608468783047584,0.309,0.214,0.00688316239817022,"0","WDR13"
7.99360577730113e-15,0.604465179461025,0.529,0.364,1.63589142232468e-10,"0","MXD4"
9.31843735507698e-09,0.601260383905957,0.38,0.268,0.00019070182047165,"0","OCEL1"
0,0.600550383227253,0.854,0.752,0,"0","IL7R"
0,0.599726838818489,0.998,0.976,0,"0","CD52"
0,0.599549686182767,0.919,0.852,0,"0","CISH"
1.88737914186277e-14,0.597530461568495,0.608,0.464,3.86252141382215e-10,"0","HAPLN3"
0,0.594267284890345,0.943,0.824,0,"0","PRMT2"
0,0.593543654855033,0.653,0.473,0,"0","ORAI2"
2.19453594205721e-05,0.590548972860033,0.291,0.22,0.449111780542008,"0","TP53TG1"
1.42310709438931e-07,0.590294538020571,0.295,0.199,0.00291238866866772,"0","AC093157.1"
0,0.588422375823233,0.857,0.708,0,"0","ISG20"
1.65867319878998e-13,0.584293678569634,0.587,0.453,3.3944747013237e-09,"0","UBLCP1"
8.41334491852308e-07,0.582995732726346,0.373,0.284,0.0172179103757575,"0","MT1F"
9.46774976195996e-08,0.582724649949574,0.322,0.223,0.00193757498878511,"0","FLNB"
0,0.577737346835827,0.822,0.655,0,"0","TRAPPC6A"
5.26934051947592e-10,0.576922001438389,0.463,0.336,1.07837053731075e-05,"0","TYMP"
0.000100257466871145,0.576448842293033,0.28,0.214,1,"0","RUFY3"
1.2072478572378e-09,0.575302916306232,0.371,0.252,2.47063273983716e-05,"0","TRIM73"
4.20472523465776e-09,0.575244292565854,0.369,0.249,8.6049701927271e-05,"0","C11orf21"
6.12706605451763e-08,0.56850744356329,0.351,0.239,0.00125390406805703,"0","TM7SF2"
1.30891675276246e-09,0.565392362248114,0.571,0.467,2.67869813452837e-05,"0","IFI6"
6.81172421284071e-05,0.563242251784744,0.27,0.204,1,"0","TMEM138"
0,0.562664273265471,0.944,0.838,0,"0","SLFN5"
1.20658238955684e-09,0.560917351773902,0.418,0.293,2.46927086022808e-05,"0","RARA"
1.33655422089873e-05,0.560675724028166,0.318,0.236,0.273525821306926,"0","ANAPC13"
2.22044604925031e-16,0.557853771634555,0.689,0.517,4.54414283979077e-12,"0","RNF166"
2.18662098889766e-05,0.556190546769581,0.3,0.222,0.447491985377906,"0","SCRN2"
1.09688547134112e-09,0.555692994496642,0.458,0.334,2.24477611709961e-05,"0","MEI1"
3.46656037208959e-12,0.553461917794433,0.444,0.295,7.09431580148134e-08,"0","LINC01550"
2.22044604925031e-16,0.552372107567451,0.928,0.836,4.54414283979077e-12,"0","GBP5"
2.59363197585571e-10,0.552106629869909,0.524,0.403,5.30786783858872e-06,"0","ORMDL2"
2.74012523782119e-09,0.551688174795274,0.29,0.174,5.60766629920106e-05,"0","WDR81"
5.57925534883097e-07,0.550789161709054,0.305,0.21,0.0114179460713826,"0","PPP1R3F"
0.00107307757267905,0.550371727139276,0.275,0.219,1,"0","REG4"
7.53231921279962e-10,0.547568153695365,0.475,0.348,1.54148912689944e-05,"0","MFSD5"
1.08112770291768e-07,0.547253122298941,0.623,0.545,0.00221252784402104,"0","PIM2"
1.66454228178736e-09,0.544632977249928,0.553,0.438,3.40648577967784e-05,"0","PRCP"
1.08264962654925e-05,0.543921106207929,0.289,0.205,0.221564246073304,"0","RELL2"
4.04121180963557e-14,0.537075129121887,0.75,0.599,8.27033996841919e-10,"0","TRIM22"
5.18199088417326e-06,0.534427458122845,0.435,0.35,0.106049443444606,"0","MIDN"
0,0.534175629402384,0.896,0.747,0,"0","TSPO"
2.68290684650729e-05,0.533639275315554,0.281,0.207,0.549056886137718,"0","GPX7"
1.80189196896663e-12,0.531600814252574,0.6,0.447,3.68757191449021e-08,"0","ARL14EP"
5.1938885192726e-08,0.527217098433743,0.318,0.215,0.00106292928546914,"0","FLAD1"
3.7786884732327e-11,0.526518514240161,0.575,0.456,7.73308596047073e-07,"0","SAMD9L"
2.10698125613362e-12,0.526052418067801,0.747,0.643,4.31193714067746e-08,"0","SELL"
1.13854904046917e-05,0.523042423162264,0.254,0.178,0.233004061132016,"0","MAP11"
0,0.521562758493904,0.758,0.634,0,"0","MVP"
2.8421709430404e-14,0.518338461831913,0.763,0.629,5.81650283493218e-10,"0","NBDY"
9.17479656692421e-07,0.516601301168672,0.499,0.403,0.0187762211742104,"0","XAF1"
1.77342135643244e-07,0.515767628391863,0.419,0.318,0.00362930680593898,"0","PEX11B"
2.18079554414885e-10,0.514955172845739,0.416,0.274,4.46299808110062e-06,"0","MHENCR"
1.37877786299256e-06,0.513982635937876,0.373,0.286,0.0282166889661428,"0","ACSS1"
1.52455825741526e-12,0.511820855732841,0.745,0.633,3.12000847380034e-08,"0","DOK2"
2.3604584886705e-06,0.510696036875137,0.333,0.246,0.0483067829706418,"0","MARCH2"
6.66133814775094e-16,0.508535369151131,0.755,0.604,1.36324285193723e-11,"0","GRK6"
2.46469511466785e-14,0.501074530642197,0.599,0.431,5.04399855216775e-10,"0","TMEM204"
8.64568638903052e-10,0.500008620052683,0.499,0.373,1.7693397195151e-05,"0","NUDT16L1"
8.1921383585648e-06,0.499378373922317,0.316,0.233,0.167652111508029,"0","LINC02273"
2.22044604925031e-16,0.498052828339486,0.67,0.515,4.54414283979077e-12,"0","IKBKE"
1.09210640530932e-10,0.495636924866848,0.546,0.414,2.23499575846553e-06,"0","SNHG16"
1.09037671822687e-05,0.494511573433858,0.273,0.192,0.223145595385129,"0","AC127521.1"
0,0.493772847716552,0.978,0.876,0,"0","NOP53"
0,0.492430255224229,0.965,0.913,0,"0","LRRN3"
3.85944609604394e-10,0.492170904165989,0.556,0.431,7.89835643555392e-06,"0","ATP6AP1"
3.71024311052182e-07,0.490738816515831,0.423,0.318,0.0075930125256829,"0","A1BG"
1.47894483326638e-08,0.490000953805186,0.451,0.332,0.000302666060127965,"0","GRN"
2.94024822267147e-08,0.488981894704723,0.413,0.295,0.000601721798769717,"0","NT5E"
3.06928926718797e-10,0.486907303679683,0.502,0.367,6.28130048530018e-06,"0","CCS"
0.000181219069864236,0.483631287104553,0.337,0.271,1,"0","MAP2K7"
1.51307633089459e-09,0.482127148163124,0.52,0.4,3.09651071117578e-05,"0","WBP1"
0,0.480209061972696,0.866,0.748,0,"0","GIMAP4"
2.73558953267639e-13,0.480013530446177,0.665,0.511,5.59838397862222e-09,"0","OXLD1"
6.2130300904073e-12,0.478105737551108,0.685,0.55,1.27149660800185e-07,"0","CCR7"
9.90828055527082e-05,0.477450726764887,0.278,0.205,1,"0","AC013264.1"
2.88657986402541e-15,0.477227513646036,0.607,0.436,5.907385691728e-11,"0","PCSK7"
9.07511504544267e-06,0.476812413013265,0.337,0.251,0.185722229404984,"0","ITGA6"
7.20474790938397e-11,0.476019276633479,0.591,0.466,1.47445165965543e-06,"0","ITPA"
0,0.475873842950686,0.864,0.75,0,"0","EIF4A2"
0.000154276278334642,0.47526458911402,0.296,0.224,1,"0","CITED4"
0,0.472821143228506,0.976,0.93,0,"0","BTG1"
8.24500467899725e-11,0.472588406755165,0.643,0.531,1.68734020755679e-06,"0","CARD16"
1.7890395609399e-08,0.472405316894923,0.558,0.441,0.00036612694614635,"0","CTSA"
3.6849988838128e-07,0.469981673096261,0.394,0.291,0.00754135021572289,"0","LY75"
7.22529152064055e-08,0.469503183582687,0.54,0.427,0.00147865590969909,"0","BCL3"
0,0.469328650413115,0.999,0.973,0,"0","EEF2"
2.34453396696921e-08,0.468232048653717,0.447,0.331,0.000479808876340249,"0","ZNF101"
1.08800441145362e-06,0.46731699567467,0.399,0.301,0.0222660102803984,"0","SLC25A20"
0,0.466878809146059,0.971,0.855,0,"0","EIF3G"
2.16675852009462e-05,0.466867084665601,0.393,0.305,0.443427131137365,"0","LINC00667"
0.00050146847413246,0.464833315330916,0.299,0.237,1,"0","BEX4"
0.000102269333889904,0.464814773433659,0.289,0.212,1,"0","SH3YL1"
0,0.464412795531382,1,0.987,0,"0","RPS27"
0,0.464047948943047,0.934,0.846,0,"0","BIN2"
0,0.462970398854289,1,0.994,0,"0","EEF1A1"
1.4502578915554e-08,0.462201335139026,0.542,0.426,0.000296795277506812,"0","OAS2"
9.01402745112634e-07,0.462109058938508,0.43,0.327,0.0184472071787301,"0","MCRIP1"
3.85663170288097e-08,0.461082484506557,0.482,0.374,0.000789259677994592,"0","IVD"
0.000119053947394976,0.457497350846368,0.28,0.21,1,"0","ABCD4"
1.62274194082102e-10,0.456235140520622,0.605,0.474,3.32094138189021e-06,"0","PDLIM2"
1.55431223447522e-14,0.455868815762367,0.835,0.694,3.18089998785354e-10,"0","VAMP5"
3.55258148883042e-05,0.455617034539343,0.389,0.304,0.727035801689145,"0","LINC00910"
4.47828440997e-11,0.452643563372218,0.506,0.36,9.16480904500361e-07,"0","STAT6"
1.44509910704471e-08,0.451179604207883,0.519,0.403,0.0002957395322567,"0","GTPBP6"
7.17613664047434e-08,0.451089225053177,0.489,0.381,0.00146859636347307,"0","AC008875.3"
1.86320467943091e-08,0.449386143180146,0.498,0.381,0.000381304837645535,"0","SRSF8"
0,0.449058834354632,1,0.973,0,"0","RPL10A"
0,0.448852744152677,0.928,0.86,0,"0","SAMHD1"
8.14428235962339e-09,0.44869136645398,0.43,0.303,0.000166672738489693,"0","WDR77"
1.87957034072372e-05,0.44846035989388,0.366,0.284,0.38465407022911,"0","SLC52A2"
8.64580724790898e-08,0.44770706263146,0.644,0.544,0.00176936445328457,"0","GBP1"
1.43463019242063e-12,0.447098440565906,0.629,0.474,2.93597068878881e-08,"0","ARL2BP"
7.75791932612346e-05,0.446194700720211,0.29,0.218,1,"0","ZC3H12A"
0,0.446066601164877,0.98,0.868,0,"0","EIF3L"
0,0.445917169947452,0.908,0.768,0,"0","HLA-F"
0,0.445722272738507,0.978,0.92,0,"0","GSTK1"
3.4878544497019e-11,0.443058560666562,0.777,0.691,7.13789413131494e-07,"0","KLF2"
2.83479676288501e-06,0.44202630967163,0.44,0.345,0.0580141157524416,"0","CASP1"
0.000138688860974012,0.4402917422251,0.3,0.228,1,"0","RAB43"
2.8631137016788e-08,0.439499360996493,0.528,0.421,0.000585936219048566,"0","IFI35"
0,0.439374175400428,0.927,0.824,0,"0","ZFAS1"
4.11004563716233e-13,0.438548951400082,0.672,0.505,8.41120839645271e-09,"0","FCMR"
5.39044320713167e-06,0.438540018385395,0.333,0.242,0.11031542023395,"0","ACP5"
1.19884102645074e-11,0.437066806440964,0.59,0.441,2.45342816063143e-07,"0","RBM4"
0,0.436461471948212,0.953,0.868,0,"0","APRT"
7.95114797558227e-07,0.435667091941414,0.714,0.633,0.0162720243320291,"0","GBP4"
0,0.434020066638388,0.999,0.982,0,"0","LIMD2"
0,0.431586561965197,0.924,0.805,0,"0","RABAC1"
3.36183925142564e-09,0.429900918825043,0.543,0.426,6.88000402804256e-05,"0","PPM1K"
8.70263137109362e-08,0.429813649638653,0.48,0.364,0.00178099351009431,"0","EDEM2"
1.4049046370701e-09,0.429598654483426,0.591,0.47,2.87513733976397e-05,"0","MAN2B1"
0,0.429295330250432,0.998,0.984,0,"0","RPL34"
0,0.426958006026604,0.995,0.969,0,"0","RPL9"
1.1257859888758e-07,0.425588256750227,0.442,0.332,0.00230392102623433,"0","ZNF276"
3.82082577954357e-06,0.42557124490066,0.538,0.465,0.0781931995783591,"0","PARP9"
1.39820637290455e-07,0.424573645862566,0.404,0.29,0.00286142934214917,"0","ARSA"
0,0.423065230125675,0.955,0.872,0,"0","FLT3LG"
2.33702790453094e-09,0.421270235424986,0.601,0.464,4.78272760662257e-05,"0","TMEM147"
9.18447642384024e-08,0.420912593952617,0.487,0.375,0.0018796031001389,"0","RAB37"
0,0.420532730612678,0.97,0.878,0,"0","EIF3E"
1.52632950367604e-06,0.420397657503571,0.423,0.324,0.0312363332927301,"0","CYHR1"
0.000794575591592794,0.419964588388458,0.269,0.206,1,"0","LGALS9"
9.69990359238615e-05,0.419748614817814,0.312,0.236,1,"0","RASA4"
0.00262980502879051,0.419610678159323,0.276,0.226,1,"0","SNHG25"
0.00263035479854534,0.419426551280766,0.312,0.268,1,"0","GLMP"
2.85654416209979e-05,0.418478546475274,0.348,0.266,0.584591762773723,"0","TRIB2"
4.51239327450281e-05,0.418284170594009,0.414,0.332,0.923461283627001,"0","SMIM29"
2.78166187861473e-08,0.417596400009751,0.551,0.433,0.000569267103458504,"0","RAB29"
1.74149694665005e-08,0.417069926045151,0.582,0.454,0.000356397350131932,"0","BLOC1S4"
1.6774997217972e-06,0.416852557505753,0.344,0.248,0.0343300318065798,"0","ZMAT3"
0,0.416161396585248,1,0.995,0,"0","B2M"
4.38852238351384e-05,0.416035264039727,0.401,0.322,0.898111105786107,"0","ZNF330"
9.82168687424512e-06,0.415542981496527,0.392,0.302,0.201000821881426,"0","CCDC115"
5.06561237401115e-10,0.415089335680421,0.564,0.43,1.03667757234138e-05,"0","TNFRSF25"
6.47348228799416e-06,0.415030846788137,0.486,0.389,0.1324798150238,"0","C16orf54"
0,0.414403443659189,0.998,0.99,0,"0","HLA-B"
0,0.412222979926769,0.994,0.956,0,"0","SLC25A6"
4.95841617698112e-06,0.412082538912858,0.413,0.31,0.101473987061919,"0","TOB1"
7.61773644164521e-07,0.411902337418663,0.444,0.341,0.0155896976278269,"0","MED11"
0.00109298528892854,0.410671213094865,0.418,0.353,1,"0","EPSTI1"
1.4336399881687e-05,0.410198248729348,0.369,0.274,0.293394423578724,"0","GPATCH4"
1.28603458111609e-05,0.409746384771631,0.273,0.191,0.263186977025408,"0","DPEP2"
0,0.407578882714804,0.999,0.965,0,"0","S100A6"
1.43743596157098e-05,0.407250022569682,0.278,0.195,0.2941712695355,"0","FUOM"
0,0.406319606545845,0.932,0.859,0,"0","SELPLG"
1.66533453693773e-14,0.405826039924052,0.825,0.698,3.40810712984307e-10,"0","SP110"
0.000498627125074425,0.405610108710382,0.292,0.225,1,"0","RAD17"
0.000108408347163191,0.405451628770083,0.416,0.35,1,"0","USB1"
0,0.405303906781959,0.974,0.909,0,"0","S100A11"
0.00021378822893503,0.40414391068617,0.287,0.218,1,"0","FBXL12"
3.80547526823705e-09,0.4040596303624,0.678,0.55,7.78790513644712e-05,"0","TMEM35B"
0.00646722835956282,0.403778267879165,0.258,0.211,1,"0","MFGE8"
9.67387528549857e-06,0.403772153168843,0.375,0.283,0.197975857717728,"0","LDLRAP1"
8.35333446858044e-09,0.401964295907335,0.809,0.746,0.000170950989899499,"0","CXCR3"
4.1670785499992e-06,0.400392729526745,0.45,0.36,0.0852792625257337,"0","UBA7"
6.8382182163429e-06,0.400127233764276,0.356,0.262,0.139944135797457,"0","TBC1D17"
0,0.399431949763581,0.999,0.986,0,"0","RPS19"
0,0.397228232422682,0.986,0.923,0,"0","EIF3F"
2.65729480641852e-08,0.397002989375245,0.644,0.528,0.00054381538213355,"0","CNPPD1"
1.58317803311547e-13,0.396942786062389,0.98,0.908,3.23997384477082e-09,"0","BAX"
8.21231971315228e-11,0.396525966377653,0.758,0.63,1.68065122929661e-06,"0","GPR171"
1.19401381004636e-07,0.396151341970285,0.599,0.49,0.00244354926225987,"0","PPM1M"
0,0.395700120610355,0.998,0.993,0,"0","HLA-A"
1.31361588273649e-12,0.395687964010201,0.874,0.741,2.68831490402022e-08,"0","GABARAPL2"
2.30208896390138e-09,0.395093887243095,0.721,0.598,4.71122506462418e-05,"0","ISG15"
4.47464287844923e-12,0.394104403855217,0.83,0.688,9.15735665074635e-08,"0","COPS9"
9.15713539830776e-05,0.393694525186967,0.337,0.264,1,"0","NAGK"
1.59954372636051e-07,0.39358747390659,0.477,0.371,0.00327346623599678,"0","GALT"
0.00258304209263982,0.392598790084298,0.281,0.225,1,"0","MZB1"
0.000368753046680936,0.392205306274259,0.344,0.274,1,"0","POR"
5.44584414896576e-07,0.392182758022082,0.455,0.35,0.0111449200508584,"0","BAK1"
0,0.391499466851863,1,0.981,0,"0","RPS27A"
1.04614824159022e-06,0.391497297190083,0.445,0.345,0.0214094237641438,"0","ASAH1"
0,0.391200126602819,0.998,0.977,0,"0","PABPC1"
6.66133814775094e-16,0.390313911758647,0.945,0.858,1.36324285193723e-11,"0","PLAAT4"
7.64353913496052e-10,0.388822240589101,0.734,0.615,1.56425028396967e-05,"0","CCNDBP1"
0.00237248080747854,0.388575752543149,0.299,0.244,1,"0","REPIN1"
0,0.388115560682892,0.999,0.982,0,"0","RPS25"
0,0.38778516482212,0.932,0.818,0,"0","VAMP2"
0,0.387271800318056,0.994,0.934,0,"0","ARL6IP5"
9.54727898960783e-08,0.387052066513847,0.501,0.387,0.00195385064522324,"0","GIPC1"
0.000421861468892226,0.386415498704339,0.285,0.219,1,"0","GIMAP8"
1.6407481173708e-06,0.38611586952324,0.457,0.357,0.0335779102219935,"0","PHF23"
9.87178041533809e-07,0.383543329364322,0.485,0.391,0.0202025986199894,"0","EBLN3P"
0,0.382577039357365,0.998,0.982,0,"0","RPS16"
0.00013723101919294,0.382561646153624,0.371,0.302,1,"0","LRRC47"
3.05994340976667e-10,0.38238800815938,0.732,0.609,6.2621741880875e-06,"0","ABHD14B"
0.00143120708693134,0.382189444097004,0.284,0.227,1,"0","ITGAM"
0,0.382096717030401,0.998,0.961,0,"0","FXYD5"
0.00081620311012931,0.382056328975827,0.325,0.267,1,"0","ZSWIM7"
0,0.38168392192374,1,0.985,0,"0","RPS15A"
0,0.380369299483635,0.947,0.826,0,"0","CD27"
5.92089220230463e-06,0.38015966620487,0.428,0.33,0.121171058920164,"0","INPP5K"
0.00152165132603388,0.378154280287808,0.273,0.217,1,"0","INTS5"
9.16845488418971e-10,0.37812600783759,0.773,0.662,1.87632429204942e-05,"0","DENND2D"
8.81500707983207e-08,0.377432880012334,0.554,0.445,0.00180399119888763,"0","APOL3"
6.17079589648739e-08,0.37723318393411,0.668,0.567,0.00126285338021614,"0","POLR3GL"
0,0.376991427425437,0.983,0.921,0,"0","COMMD6"
8.96387408744204e-11,0.376632615457065,0.73,0.591,1.83445683199501e-06,"0","SUSD3"
1.79038275982535e-07,0.376202053324026,0.584,0.476,0.00366401831798258,"0","ORMDL3"
3.89580485289365e-05,0.375391625820292,0.436,0.363,0.797276463144685,"0","APBA3"
0,0.374829112455588,0.999,0.988,0,"0","RPL3"
0,0.373100458095179,0.988,0.915,0,"0","CD37"
6.94691016711602e-07,0.372900511855312,0.467,0.361,0.0142168516570029,"0","RNF44"
1.97050346018024e-06,0.372861054267296,0.472,0.374,0.0403263533125886,"0","SBDS"
9.32587340685131e-15,0.372582632017508,0.892,0.759,1.90853999271212e-10,"0","DNPH1"
4.0925334232611e-09,0.372239962712298,0.658,0.537,8.37536965070385e-05,"0","CTSS"
5.5230263802386e-06,0.372094781710308,0.387,0.29,0.113028734871583,"0","DALRD3"
1.63160596144962e-11,0.372008250652085,0.808,0.67,3.33908160010665e-07,"0","VSIR"
1.09849018770092e-10,0.371339401329517,0.688,0.546,2.24806016912993e-06,"0","RASGRP2"
8.33723151902888e-05,0.370651987975346,0.328,0.253,1,"0","DYRK4"
3.66373598126302e-14,0.370590939033642,0.917,0.809,7.49783568565476e-10,"0","PRR13"
1.13299140476197e-05,0.368406268180589,0.461,0.375,0.231866690984538,"0","ZGPAT"
2.58927303375955e-07,0.368349876700615,0.621,0.522,0.00529894726358893,"0","METTL23"
1.7617018954752e-12,0.367809507592958,0.945,0.87,3.60532292908999e-08,"0","TAP1"
0,0.367313313037994,1,0.992,0,"0","RPS2"
2.55184069741787e-06,0.367078543139718,0.524,0.433,0.0522234198726568,"0","DCAF11"
0.0013720975546927,0.366917216733679,0.31,0.249,1,"0","BORCS6"
2.03227212836055e-10,0.366587167319188,0.86,0.733,4.15904491068986e-06,"0","TAP2"
0.00441826592259109,0.366488729604255,0.257,0.21,1,"0","LENG1"
0,0.366442665906542,1,0.979,0,"0","RPS28"
9.91393336757795e-07,0.366239469797228,0.543,0.437,0.0202888646367483,"0","AKTIP"
2.10633732677934e-11,0.366165120919101,0.835,0.722,4.31061933925392e-07,"0","SEC62"
0.000623889526720989,0.365431003324522,0.328,0.263,1,"0","PLPP5"
0.000756910872919958,0.36520038540014,0.295,0.231,1,"0","MLLT11"
3.16588956827957e-07,0.364939732341829,0.58,0.479,0.00647899300148413,"0","SAMD9"
2.06855221840385e-09,0.364475089794513,0.605,0.474,4.23329211496348e-05,"0","TRPV2"
2.27711114164642e-06,0.364272417910752,0.599,0.517,0.0466010795137939,"0","PSENEN"
0,0.363923299451687,0.998,0.992,0,"0","TPT1"
1.08186271807753e-06,0.36322817190876,0.566,0.479,0.0221403205254567,"0","ERLEC1"
4.37670608421925e-07,0.36295583670215,0.613,0.495,0.0089569290013547,"0","GLRX"
0,0.362030888173469,0.996,0.954,0,"0","BTF3"
2.26011199178089e-06,0.360939790537843,0.46,0.361,0.0462531919117959,"0","TRANK1"
1.4638585559279e-06,0.360460323766272,0.441,0.342,0.0299578653470645,"0","WDR48"
2.66786592817425e-11,0.360374711979284,0.652,0.512,5.4597876220086e-07,"0","UBE2F"
0,0.360054766401332,0.999,0.983,0,"0","RPL14"
8.23447661981724e-05,0.356798857538582,0.406,0.329,1,"0","STK16"
0.000102477878020091,0.356603974696627,0.509,0.429,1,"0","UBQLN2"
0,0.356519457926925,0.993,0.94,0,"0","RPL23"
0,0.356273343436552,1,0.981,0,"0","RPL18"
0,0.355362423063944,1,0.987,0,"0","RPL37"
0.000385788938205289,0.35518347737428,0.291,0.223,1,"0","C11orf1"
8.41622934455444e-06,0.355102422897982,0.509,0.412,0.172238133536307,"0","IGSF8"
3.24439342058724e-09,0.354406306679053,0.822,0.728,6.6396511352318e-05,"0","UBE2L6"
1.09812517190555e-06,0.352478171389418,0.465,0.356,0.0224731316430471,"0","CCDC186"
0.00270191541231379,0.352442621274168,0.259,0.205,1,"0","LIPA"
0.000321410687029289,0.352307063343175,0.27,0.204,1,"0","LSR"
0,0.351461920690076,0.995,0.974,0,"0","RPL23A"
0.000137225273790786,0.351307096494117,0.444,0.37,1,"0","LAMTOR3"
0,0.350872632467002,0.998,0.98,0,"0","RACK1"
0.000108806666250905,0.350854955954072,0.361,0.28,1,"0","FBXO6"
0,0.350789834690544,0.988,0.956,0,"0","DDX5"
1.41758724092611e-07,0.350624779850935,0.502,0.391,0.00290109228855528,"0","ARRDC1"
0,0.350530309258918,0.979,0.894,0,"0","HCST"
0.000125876927032476,0.349430507250286,0.252,0.179,1,"0","TSPAN31"
2.50648612976079e-10,0.349216279543435,0.778,0.676,5.12952386455545e-06,"0","OXA1L"
2.8643754035329e-13,0.349053166529414,0.885,0.797,5.86194426333009e-09,"0","VAMP8"
0.000119673731849623,0.34895908831311,0.284,0.215,1,"0","NAPRT"
0,0.347859985613542,0.999,0.985,0,"0","RPL26"
4.58248483603541e-09,0.347593303168078,0.741,0.626,9.37805521694646e-05,"0","ZNF428"
0.000669362013303587,0.347393644232453,0.296,0.227,1,"0","PDE6G"
0,0.346310838740209,0.999,0.988,0,"0","RPL13"
2.22044604925031e-16,0.345742019087518,0.931,0.829,4.54414283979077e-12,"0","SUN2"
2.22044604925031e-16,0.345560794510532,0.944,0.887,4.54414283979077e-12,"0","NOSIP"
2.75510599023754e-06,0.345530512936129,0.569,0.477,0.0563832440902112,"0","LYPLA2"
7.21962045702185e-09,0.345224831290062,0.787,0.692,0.000147749532652952,"0","PLSCR3"
8.22260926214291e-06,0.344476823952323,0.414,0.311,0.168275698549755,"0","LINC00426"
0,0.34243276767892,0.999,0.977,0,"0","RPL35A"
4.71206633489984e-07,0.341939970746312,0.545,0.451,0.00964324375437253,"0","TINF2"
2.84822794593964e-06,0.341719835509242,0.61,0.495,0.0582889849136548,"0","HSD17B10"
8.40745473240645e-09,0.341326193001783,0.622,0.496,0.000172058561098698,"0","ZNF24"
4.88446838531331e-10,0.341214653130863,0.746,0.641,9.99606455054369e-06,"0","PHYKPL"
0,0.340911252411071,0.994,0.981,0,"0","RPS14"
0,0.340833629811051,0.998,0.987,0,"0","HLA-C"
0.000256982394255534,0.340527938439756,0.266,0.199,1,"0","NDST2"
3.84803300335079e-13,0.340456654717782,0.917,0.843,7.8749995413574e-09,"0","PRKCQ-AS1"
8.11940847889048e-09,0.339991507219243,0.722,0.626,0.000166163694520494,"0","SYNGR2"
7.32093449899995e-05,0.33949255541503,0.504,0.429,1,"0","SDR39U1"
7.890364583929e-09,0.339064063416239,0.717,0.588,0.000161476311210107,"0","COPZ1"
1.74344472192445e-09,0.338947118609485,0.761,0.646,3.56795962341838e-05,"0","SMIM26"
0,0.338155893639524,0.995,0.966,0,"0","RPL38"
1.68753899743024e-14,0.338105746881745,0.914,0.839,3.45354855824098e-10,"0","TBC1D10C"
0.000127455433703183,0.337079928412847,0.373,0.298,1,"0","TRIM21"
1.55431223447522e-15,0.336961078193881,0.926,0.859,3.18089998785354e-11,"0","NELL2"
4.6405812277106e-05,0.336688384554589,0.285,0.207,0.949694948250975,"0","L3MBTL3"
7.26135334949696e-06,0.336022090661176,0.286,0.196,0.148603596297455,"0","SH2D3A"
0.00145040549975861,0.335520763696489,0.362,0.297,1,"0","ITGAX"
7.73905941064967e-06,0.33535176478623,0.416,0.316,0.158379850838946,"0","NIPAL3"
0,0.335229682601998,0.995,0.983,0,"0","RPS9"
0,0.335126868173649,1,0.96,0,"0","MYL12A"
0.000132783460149666,0.334936093633717,0.406,0.334,1,"0","HCP5"
1.31452737450743e-05,0.334874811407523,0.538,0.45,0.269018027192947,"0","C18orf32"
3.02012730823975e-07,0.334792645637706,0.576,0.469,0.00618069053631265,"0","PLD3"
1.02137409641045e-10,0.334697509307078,0.771,0.649,2.090242088304e-06,"0","R3HDM4"
1.52249045881625e-06,0.334601446197438,0.611,0.507,0.0311577672396746,"0","S1PR1"
0.00184892693589189,0.334600387149877,0.316,0.255,1,"0","APOL2"
0.000191473985834634,0.334164472676944,0.649,0.594,1,"0","TIMP1"
7.03139138025222e-08,0.333960801415604,0.765,0.649,0.00143897424596862,"0","NSMCE1"
1.67799107941846e-12,0.333053159609507,0.968,0.911,3.43400874402988e-08,"0","IFITM1"
1.19217254850312e-05,0.332460743053454,0.401,0.307,0.243978112051164,"0","DDX58"
8.43372138792375e-08,0.331925357368157,0.615,0.497,0.0017259610820386,"0","APEH"
1.21488130666592e-09,0.331552231868367,0.791,0.684,2.4862545940918e-05,"0","SDHC"
0.000255522666833041,0.33081319247843,0.311,0.238,1,"0","LTBP4"
0.000100045154056483,0.330735239408867,0.375,0.298,1,"0","DEDD2"
2.81020951531374e-06,0.330438572839387,0.39,0.289,0.0575109377308958,"0","FBXO3"
3.23518989375771e-13,0.330189037832419,0.9,0.787,6.62081611757515e-09,"0","CD55"
0.000121694265992067,0.330099804107144,0.309,0.233,1,"0","FBXO44"
4.80909518842942e-05,0.329536258574749,0.58,0.482,0.984181330312082,"0","FPGS"
0.00153833174751328,0.328616412333644,0.268,0.209,1,"0","B3GALT4"
0,0.328539218136693,0.975,0.907,0,"0","UQCRB"
5.08514063080057e-07,0.328364173076982,0.653,0.549,0.0104067403009334,"0","ICAM2"
0.00667236393180404,0.327941280868849,0.623,0.591,1,"0","TRBC1"
1.05086694901502e-09,0.327676242250784,0.762,0.645,2.15059921115923e-05,"0","NECAP2"
0.00126204063641966,0.327578727454197,0.38,0.323,1,"0","CBX4"
9.98451105438392e-06,0.327573943431748,0.418,0.324,0.204333018727967,"0","PHKG2"
0.000752441361977718,0.327357047273766,0.332,0.264,1,"0","AC022706.1"
0.00226096672500931,0.326721520034377,0.301,0.247,1,"0","NTPCR"
0.00121770527025733,0.326572893738535,0.32,0.256,1,"0","CLUAP1"
0.00298561731391933,0.326559798977184,0.414,0.362,1,"0","NPC2"
0.00487871423657604,0.325796523174164,0.321,0.266,1,"0","LPAR2"
0.000257181097554016,0.324273557958967,0.489,0.43,1,"0","GSK3A"
0.000638432379272968,0.323696759696096,0.253,0.186,1,"0","POLR3D"
0.00236081609589145,0.323050128035003,0.264,0.212,1,"0","HPS5"
8.91793254353956e-07,0.322481403857193,0.662,0.558,0.0182505489503537,"0","QARS"
0.00150583513338343,0.321567771341429,0.311,0.251,1,"0","SRF"
0,0.321534085568597,1,0.985,0,"0","RPS3A"
0.000937877268856413,0.321048482079168,0.389,0.323,1,"0","MGAT2"
0,0.319091391718684,0.999,0.982,0,"0","RPL30"
6.9989430317996e-06,0.318388435814242,0.662,0.577,0.143233369145779,"0","IRF9"
6.99684754579266e-12,0.31831999349946,0.975,0.948,1.43190485024647e-07,"0","CD8B"
2.34080352377042e-05,0.317733542335283,0.491,0.397,0.479045441139616,"0","TMEM141"
0,0.31760378668496,0.999,0.982,0,"0","RPS6"
0,0.316945600728785,0.991,0.931,0,"0","TOMM7"
0.00114737903574103,0.316750822329721,0.525,0.467,1,"0","TRIM69"
0,0.31637168474998,0.999,0.98,0,"0","RPL32"
2.17351565190427e-07,0.316224712063442,0.576,0.469,0.00444809978162208,"0","CHKB"
0.0065525531631716,0.315970122548592,0.299,0.249,1,"0","RABEPK"
0.000299994932514647,0.31595935652788,0.348,0.276,1,"0","POGLUT1"
0.00246109979594511,0.315538764191364,0.257,0.199,1,"0","IFT57"
0.000276118554264793,0.315148787144638,0.485,0.42,1,"0","C12orf10"
1.50457424297201e-11,0.315064928912526,0.76,0.659,3.07911118824222e-07,"0","VPS51"
3.39814044680864e-07,0.314704172900586,0.767,0.671,0.00695429442439388,"0","TSC22D4"
0,0.31446124629938,0.995,0.972,0,"0","RPL27"
0.000146023242581172,0.314138355226582,0.333,0.258,1,"0","FAM219B"
0.00050401715087256,0.314111634431249,0.307,0.237,1,"0","MAN2B2"
0.00346950536691293,0.31376797539194,0.304,0.256,1,"0","TATDN3"
4.76748160054274e-05,0.313657839025389,0.523,0.442,0.975665109551073,"0","CBLL1"
2.72945594126384e-07,0.313494378966537,0.426,0.315,0.00558583158379644,"0","PARP12"
0.000170055148567272,0.313258847748938,0.367,0.291,1,"0","ZNF280D"
7.91325411864108e-08,0.312774702766538,0.755,0.643,0.0016194474553799,"0","TMEM256"
0,0.312509971870453,0.996,0.975,0,"0","RPS29"
4.88498130835069e-15,0.311991133928312,0.985,0.915,9.99711424753968e-11,"0","RNASEK"
2.2766238114702e-06,0.31190539651148,0.672,0.592,0.0465911063017377,"0","BRI3"
0,0.31157853020433,1,0.992,0,"0","RPL10"
7.71638537067076e-07,0.3115193209999,0.705,0.601,0.0157915826610777,"0","REXO2"
0,0.311361881439905,1,0.982,0,"0","RPS24"
0.00086927771787626,0.311172397165141,0.292,0.229,1,"0","SNAPC2"
0.000835103631211531,0.311151006935837,0.475,0.409,1,"0","RNF220"
0,0.311087548637222,1,0.985,0,"0","RPL18A"
0.000261164454539387,0.311077418104057,0.409,0.334,1,"0","MRPL58"
2.42880671130763e-08,0.310952722848499,0.732,0.622,0.000497055293469106,"0","PSMB4"
0,0.31072908086484,0.969,0.893,0,"0","CD48"
2.76438733999296e-05,0.310643198654814,0.388,0.296,0.565731869129559,"0","ZMPSTE24"
1.22615106956658e-08,0.310612525373677,0.77,0.675,0.000250931816386801,"0","RBCK1"
0.000379358490257387,0.310392536402515,0.554,0.472,1,"0","IER5"
0,0.310290451505776,1,0.989,0,"0","RPS12"
1.77274385193549e-06,0.30990374648739,0.455,0.349,0.0362792029298598,"0","WAC-AS1"
0.00508664253371349,0.308848490739913,0.301,0.246,1,"0","TMEM199"
0,0.308745052702228,0.976,0.918,0,"0","CD3G"
0.00934175828746997,0.308447083519624,0.258,0.211,1,"0","TMEM167B"
2.82522041050726e-06,0.308197152997668,0.652,0.569,0.057818135701031,"0","ERAP2"
3.41813721123074e-05,0.307625608270846,0.611,0.537,0.699521780278372,"0","PLSCR1"
2.08773009324759e-07,0.307505822813648,0.797,0.674,0.00427253963583119,"0","MRPL20"
5.68190852368033e-07,0.307362181441937,0.778,0.672,0.0116280257937118,"0","ORAI1"
0.00475722948645263,0.306788314394835,0.592,0.538,1,"0","LST1"
0.000521271181590288,0.306086930829831,0.401,0.329,1,"0","UTP3"
0.00537816562321636,0.305812705224816,0.327,0.272,1,"0","C15orf39"
9.64441658979354e-07,0.305795209112503,0.696,0.605,0.0197372985510125,"0","COMMD7"
0.00489802188775101,0.304994347758882,0.295,0.245,1,"0","DPH3"
0,0.304751027105198,0.996,0.979,0,"0","RPL13A"
0,0.304520356311898,0.994,0.938,0,"0","ITM2B"
7.44131359997624e-05,0.304367408803368,0.323,0.246,1,"0","HDAC10"
0,0.304267718981116,0.995,0.973,0,"0","RPL22"
1.69090978701103e-05,0.304050489689746,0.685,0.601,0.346044687911807,"0","PHF11"
1.12752251979487e-09,0.30335956595785,0.906,0.85,2.30747483676019e-05,"0","XBP1"
0,0.303226718902634,0.996,0.964,0,"0","RPL7"
4.18142617515382e-05,0.302771347014286,0.449,0.363,0.85572886674523,"0","PRR5"
0,0.302450544682012,0.998,0.977,0,"0","RPSA"
4.18908263633e-09,0.301247713147326,0.688,0.574,8.57295761524934e-05,"0","DENND1C"
0.00099748660600385,0.30112840567977,0.29,0.226,1,"0","ABRAXAS1"
6.48867276831222e-05,0.300867027396632,0.492,0.405,1,"0","C19orf12"
2.39110560240618e-08,0.30083591286608,0.766,0.671,0.000489339761532426,"0","LAMTOR1"
4.32986979603811e-14,0.300735239997405,0.955,0.889,8.86107853759199e-10,"0","LAT"
5.95481308707235e-09,0.300653583747362,0.735,0.622,0.000121865249826936,"0","FBXW5"
6.59590505174279e-05,0.299599122163282,0.612,0.532,1,"0","CAMLG"
0.00279874476491293,0.299279812896041,0.344,0.285,1,"0","BTN3A3"
8.11931888389239e-08,0.299193583394628,0.603,0.491,0.00166161860958858,"0","FBRS"
0,0.299123289085374,0.999,0.977,0,"0","EEF1G"
0.000547099406060569,0.299109418380072,0.393,0.319,1,"0","ULK3"
0,0.298794956359138,0.998,0.972,0,"0","UBA52"
3.14299052137645e-05,0.298771923397781,0.4,0.313,0.643213010199691,"0","BLCAP"
8.03030750651246e-06,0.298606579418261,0.59,0.495,0.164340243120777,"0","BECN1"
0.000286977331315663,0.298570031039092,0.29,0.218,1,"0","SOCS2"
2.72486477825851e-11,0.298428640797861,0.903,0.795,5.57643576870603e-07,"0","SNHG6"
0,0.298000663991617,0.989,0.936,0,"0","GPSM3"
1.44797014378639e-08,0.297947326639645,0.791,0.692,0.000296327089925885,"0","C4orf48"
4.85289881591022e-06,0.297378307677794,0.659,0.578,0.0993145742676027,"0","CNOT7"
1.58844628561639e-08,0.296994480668138,0.825,0.743,0.000325075532351393,"0","ERGIC3"
7.09919079300292e-07,0.296910021741987,0.534,0.429,0.0145284939578805,"0","MMP25-AS1"
4.24571637984705e-05,0.296846994483089,0.481,0.391,0.868885857135699,"0","SNX20"
5.85618195425575e-06,0.296837000452472,0.637,0.536,0.119846763693844,"0","FURIN"
0.00193104970424929,0.296191609821577,0.356,0.298,1,"0","TMEM101"
1.28309998959075e-06,0.296176163943474,0.665,0.56,0.0262586412869747,"0","SEC11C"
2.53130849614536e-14,0.295786590265374,0.958,0.883,5.18032283736147e-10,"0","KLF13"
0,0.294869972151486,1,0.968,0,"0","RPL39"
0.000318983036973419,0.294168586244367,0.321,0.254,1,"0","VPS50"
0,0.294135743681112,0.998,0.977,0,"0","RPL6"
8.90898054661804e-07,0.294130136898133,0.698,0.608,0.0182322286886538,"0","ETHE1"
8.06776392803243e-07,0.293950505415624,0.714,0.619,0.0165106788787184,"0","PDCD2"
5.31626255830808e-05,0.293893841882356,0.471,0.384,1,"0","POU2F2"
1.59650070941098e-13,0.293382109743805,0.955,0.861,3.26723870180956e-09,"0","ATP6V1G1"
0.000122327465267524,0.29280243111938,0.401,0.321,1,"0","MFSD1"
0.000237041542471284,0.29240973986446,0.399,0.319,1,"0","SMPD1"
0.00744005327299524,0.29175828934604,0.41,0.36,1,"0","TRIAP1"
0.00109177644598879,0.291660687055732,0.432,0.369,1,"0","KIAA2013"
0.000934584122136872,0.291194437719519,0.254,0.191,1,"0","SLC12A7"
0.00264787167103564,0.290516588776914,0.275,0.218,1,"0","SLC7A6OS"
9.97522240440141e-05,0.290490042517696,0.46,0.381,1,"0","PARP10"
0.00161743234762213,0.290393426803183,0.366,0.309,1,"0","TMEM205"
6.62241992355206e-08,0.290196782608439,0.732,0.611,0.00135527823735493,"0","NME3"
5.60404129767988e-08,0.289823433140993,0.932,0.856,0.00114686705157019,"0","GIMAP7"
0,0.28970484400959,0.996,0.972,0,"0","RPL27A"
1.55431223447522e-15,0.289627762054079,0.98,0.915,3.18089998785354e-11,"0","SNHG29"
0.000172520490358874,0.289495756349057,0.444,0.369,1,"0","DHRS4"
0.00014554581474302,0.289401388053815,0.472,0.402,1,"0","MOGS"
0.00207588184470819,0.288696708995399,0.307,0.248,1,"0","ZNF302"
3.86765524473809e-06,0.288394434670699,0.457,0.36,0.079151564583565,"0","LRCH4"
0.000373528628911934,0.28830600032827,0.342,0.269,1,"0","GPR132"
1.69737910840073e-05,0.288156988866373,0.572,0.488,0.34736863453421,"0","GMIP"
0.00540607388165371,0.287810308983717,0.314,0.267,1,"0","GCDH"
0.00392107326671942,0.28759507221091,0.297,0.239,1,"0","KLHL9"
4.09006162271908e-13,0.287529946504284,0.964,0.929,8.37031111089459e-09,"0","CD8A"
8.63348281754384e-10,0.287493757523378,0.934,0.878,1.76684225861035e-05,"0","RESF1"
0.000190321433224394,0.28736449673186,0.514,0.441,1,"0","ANXA4"
1.79736278704823e-06,0.28731089713888,0.703,0.614,0.036783029436942,"0","ISCU"
1.89891902202532e-09,0.287174313203211,0.911,0.811,3.88613777857483e-05,"0","ATP6V0E1"
1.17683640610267e-14,0.287145609565501,0.95,0.837,2.40839570508911e-10,"0","TXNIP"
0.00574305988024792,0.287086838254206,0.358,0.306,1,"0","EMC2"
1.0197709343629e-09,0.286775149332157,0.875,0.789,2.08696121717367e-05,"0","CDC42SE1"
2.1181470375442e-06,0.286516780979043,0.77,0.687,0.0433478791233421,"0","PYURF"
0.00371858705729378,0.286515565769586,0.283,0.23,1,"0","ATMIN"
1.11022302462516e-15,0.286450379867328,0.981,0.917,2.27207141989538e-11,"0","SSR4"
0.000170363876998092,0.286393133093096,0.482,0.412,1,"0","SMIM12"
2.94392088484585e-09,0.286094695510011,0.913,0.844,6.02473409083704e-05,"0","S1PR4"
8.29278201663897e-10,0.285804854697566,0.923,0.79,1.69711783970516e-05,"0","DYNLL1"
6.43451270043727e-09,0.28537146726064,0.812,0.713,0.000131682302414449,"0","TBCB"
8.42471378561527e-05,0.284904210641715,0.546,0.471,1,"0","MIF4GD"
0.00102210570304639,0.284731128656855,0.342,0.272,1,"0","USE1"
2.47466695113552e-06,0.2840517010615,0.727,0.629,0.0506440591549884,"0","RPS6KA1"
0.00268676061291662,0.283860539646823,0.296,0.236,1,"0","TSPYL1"
3.9755918288531e-06,0.283263362721737,0.714,0.607,0.0813604867774786,"0","MIEN1"
0,0.283136732825798,0.993,0.966,0,"0","HLA-E"
8.11525029398297e-08,0.282985542372263,0.859,0.781,0.00166078597266361,"0","SATB1"
1.92582230116312e-05,0.282844397247307,0.534,0.451,0.394119533933032,"0","COPG1"
1.10064894753847e-07,0.282728904561748,0.853,0.728,0.00225247807113749,"0","PDCD6"
5.59641625375029e-06,0.281779219428524,0.632,0.529,0.114530658633,"0","NDUFAF8"
0.00103085519067614,0.281544428510798,0.418,0.348,1,"0","CHMP2B"
3.66871185069062e-05,0.281434069392777,0.563,0.466,0.750801880243835,"0","WBP2"
0.000156336703758253,0.28131650461655,0.415,0.328,1,"0","QTRT1"
0.000777329003911476,0.280685495554177,0.353,0.284,1,"0","DEXI"
0,0.280666575173077,0.995,0.96,0,"0","COX7C"
7.07274796767354e-05,0.280526553433086,0.379,0.296,1,"0","RAB5B"
0,0.280334580266071,0.996,0.974,0,"0","RPL24"
0,0.279992539235811,0.998,0.98,0,"0","RPL17"
0.000144766899712323,0.279981999004432,0.468,0.393,1,"0","TSSC4"
0.000555480066223968,0.279846794414308,0.4,0.33,1,"0","KCNA3"
0.00713218391310377,0.279219160263401,0.281,0.225,1,"0","LINC01891"
5.88158632908176e-10,0.279205546276559,0.874,0.809,1.20366664224658e-05,"0","CYLD"
0.000474352521472765,0.279172171995064,0.439,0.375,1,"0","DDA1"
0,0.279109702039642,0.994,0.958,0,"0","LDHB"
3.56736862272555e-11,0.278962830935666,0.934,0.854,7.30061988640784e-07,"0","TAF10"
9.15514054988797e-06,0.278712312721015,0.566,0.477,0.187359951353457,"0","PFDN4"
0.00260095997514531,0.277729278137278,0.449,0.39,1,"0","RRAGA"
3.31084725861963e-05,0.277659037346195,0.603,0.522,0.677564891476508,"0","CHCHD5"
6.59018173145842e-05,0.277460849338945,0.581,0.49,1,"0","NUDT22"
0.00972623271188167,0.277393213928908,0.259,0.213,1,"0","WDR55"
0.000902338637581712,0.277336113568195,0.397,0.329,1,"0","STX4"
4.86220269810822e-05,0.277098599573002,0.392,0.311,0.995049782167847,"0","MCCC2"
3.09021690236833e-07,0.275826857692604,0.494,0.376,0.00632412889069678,"0","AC119396.1"
1.60992939801652e-06,0.275480005022992,0.953,0.932,0.032947205130408,"0","S100A4"
0,0.275212608468675,0.994,0.977,0,"0","RPL31"
0.00813444277791731,0.274902263504157,0.33,0.277,1,"0","SNRPN"
0.00259281635359354,0.274696721314423,0.374,0.308,1,"0","NGRN"
0.000633744320094998,0.274659869820302,0.478,0.405,1,"0","MRPL40"
6.44161204910176e-06,0.274450009035912,0.998,0.98,0.131827590584868,"0","RPS26"
1.52673873543563e-10,0.274028956207775,0.84,0.751,3.12447082206901e-06,"0","PCED1B"
8.69931380305111e-05,0.273714480419687,0.554,0.473,1,"0","ZNF580"
0,0.273503895057989,0.999,0.986,0,"0","RPL28"
3.9528163845004e-05,0.273143206663935,0.373,0.279,0.808943873088007,"0","PTPRE"
6.26165785888588e-14,0.272702921066577,0.976,0.914,1.281448280821e-09,"0","SRSF5"
0.000155225179828689,0.272179984223547,0.274,0.2,1,"0","LY9"
0.0076716546853326,0.272169572743725,0.255,0.206,1,"0","LINC00909"
2.0653217158717e-07,0.272086598821227,0.831,0.782,0.00422668089153144,"0","CHURC1"
0.000474351645050497,0.271689360586409,0.447,0.367,1,"0","TAPBPL"
0,0.270753528396818,1,0.987,0,"0","RPS23"
2.53689074525276e-05,0.270444110844082,0.629,0.543,0.519174691015978,"0","RAB18"
9.39914100768213e-05,0.270223716315293,0.373,0.287,1,"0","OSTM1"
0,0.27015229806744,0.998,0.97,0,"0","RPL15"
0.000634671604253345,0.27000221555405,0.363,0.294,1,"0","STAT2"
0.000409614219727183,0.269925831739739,0.346,0.277,1,"0","NCSTN"
3.58670047262422e-06,0.269766667862998,0.731,0.628,0.0734018251722546,"0","SNHG8"
0.000215690510960043,0.269757820150253,0.523,0.451,1,"0","RGL4"
0.00193311003306507,0.26950119754059,0.54,0.47,1,"0","LYRM2"
0,0.269394811015706,1,0.98,0,"0","RPLP2"
0,0.269284886301275,0.995,0.951,0,"0","NME2"
0,0.269132806167782,0.995,0.977,0,"0","TLE5"
3.03592373462891e-09,0.267714140368424,0.865,0.759,6.21301792291806e-05,"0","OCIAD2"
0.000267389921067895,0.266636048241117,0.644,0.571,1,"0","GATA3"
0.00150387787711548,0.265985109793035,0.353,0.289,1,"0","U2AF1L4"
0.00156261497372934,0.265668375354448,0.29,0.229,1,"0","DLGAP4"
0,0.265134249606837,0.995,0.973,0,"0","RPL21"
1.4356340790167e-05,0.264644603343885,0.653,0.567,0.293802514270768,"0","EMC7"
0.00167983843512731,0.264599617174962,0.286,0.225,1,"0","ANO9"
0,0.264503414091741,0.994,0.972,0,"0","RPL37A"
0.000199119629209044,0.264319598418193,0.556,0.478,1,"0","TMEM173"
0.000264160068975006,0.263625258366869,0.377,0.298,1,"0","ADA2"
0.00595204474068645,0.263514772168729,0.331,0.274,1,"0","LTV1"
3.04282525662725e-05,0.263129791915183,0.605,0.505,0.622714188768766,"0","MRFAP1L1"
2.92876760845662e-05,0.263112743012429,0.679,0.602,0.599372291070647,"0","SNHG5"
0,0.26288320358703,1,0.979,0,"0","RPL36"
1.0032937947102e-07,0.262854526032479,0.822,0.689,0.00205324075087443,"0","PDCD4"
7.06805170653801e-05,0.262634984479687,0.565,0.484,1,"0","PFDN1"
8.14756817790752e-07,0.262278018702249,0.602,0.503,0.0166739982760877,"0","LENG8"
4.07093617729171e-05,0.262222256599842,0.618,0.552,0.833117088682748,"0","EGLN2"
0.00268041596175639,0.260463643164586,0.296,0.239,1,"0","DTX2"
6.88340690446765e-07,0.260310010360039,0.789,0.685,0.014086892229993,"0","PYCARD"
0.000987785769587246,0.260268049050905,0.488,0.422,1,"0","TRAFD1"
0.00826432040604819,0.260105534010432,0.253,0.203,1,"0","WDR89"
5.30297450387351e-05,0.259785963095779,0.446,0.362,1,"0","HIBCH"
0.000692667659285107,0.259677928723482,0.318,0.248,1,"0","ZNF480"
3.97748374649787e-05,0.259402032055423,0.644,0.562,0.813992048720789,"0","PTPRCAP"
0.00252747282919707,0.259123435803354,0.27,0.212,1,"0","ZNF224"
0,0.258987316613609,0.994,0.961,0,"0","PFDN5"
0,0.258815331610027,0.999,0.992,0,"0","RPS8"
0,0.258645665191509,0.998,0.971,0,"0","RPS13"
0.000214234697529569,0.258610712564437,0.361,0.283,1,"0","NBPF14"
3.66869774759415e-06,0.258425659860589,0.784,0.686,0.0750798994045143,"0","IGBP1"
0,0.258085697802109,0.998,0.972,0,"0","RPL4"
1.55124337819501e-08,0.257959006948958,0.931,0.848,0.000317461957347609,"0","ICAM3"
0,0.257787225341062,0.996,0.972,0,"0","EEF1B2"
8.63175647403125e-07,0.257746381967599,0.932,0.854,0.017664889624105,"0","ZYX"
0,0.257703952960562,0.996,0.969,0,"0","RPL5"
9.03074276448201e-05,0.257003248232589,0.491,0.398,1,"0","ZFAND1"
5.30992583236412e-10,0.256898438231528,0.943,0.847,1.08667632159332e-05,"0","UXT"
7.49697146074091e-06,0.256852941494764,0.757,0.658,0.153425520944063,"0","MRPL54"
0.000402617338459033,0.256305247859794,0.343,0.268,1,"0","C12orf76"
0.00217727809050006,0.25627626217513,0.504,0.443,1,"0","DNPEP"
3.0252136991038e-06,0.25562094250681,0.893,0.83,0.0619109983521593,"0","NFKBIA"
1.18793863634892e-13,0.255159113901251,0.979,0.917,2.43111641928806e-09,"0","UQCR11"
0.000680945059304605,0.255019020819517,0.411,0.343,1,"0","GABPB1-IT1"
0.00293111920213907,0.254924847468295,0.485,0.432,1,"0","LINC00623"
0,0.254691580204772,0.999,0.979,0,"0","RPL29"
5.90393512576171e-05,0.254652019034882,0.642,0.545,1,"0","GET3"
0.000750901614757771,0.25455978824999,0.569,0.513,1,"0","CDC40"
6.2973430914326e-09,0.254296088494257,0.912,0.801,0.000128875126366168,"0","ARF5"
3.68933467516097e-05,0.254181204539508,0.533,0.443,0.755022341271693,"0","GRAMD1A"
0.00131292061719668,0.253966595201888,0.342,0.282,1,"0","SPNS1"
0.000531251103952135,0.253821877999061,0.341,0.272,1,"0","FBXL8"
0.000172518538636535,0.253572113739265,0.542,0.47,1,"0","CAT"
0.000832680214989612,0.253226783599483,0.397,0.324,1,"0","GPN1"
0.00136304831396483,0.252712953871395,0.305,0.242,1,"0","PLK3"
0.00449758636652753,0.252672952421013,0.554,0.494,1,"0","PECAM1"
2.83564569825145e-07,0.252587594650987,0.788,0.69,0.0058031489214716,"0","IL27RA"
0.00305782785535236,0.252214745478186,0.357,0.293,1,"0","RFX5"
0.000260755569690518,0.251350666552561,0.437,0.367,1,"0","GLB1"
6.62655439813697e-05,0.251247131942986,0.756,0.668,1,"0","CMTM3"
0,0.250417975492468,0.999,0.985,0,"0","RPL11"
0,4.31528227265958,0.483,0.058,0,"1","IGFBP2"
0,3.43798166673634,0.338,0.039,0,"1","VEGFA"
0,2.80101508801535,0.694,0.115,0,"1","MIR210HG"
0,2.56746621351881,0.779,0.218,0,"1","AK4"
0,2.4964245963595,0.4,0.07,0,"1","PFKFB4"
0,2.35232541790372,0.988,0.871,0,"1","GPI"
0,2.33731297740265,0.787,0.28,0,"1","ALDOC"
0,2.28792016248344,0.841,0.397,0,"1","BNIP3"
0,2.11350807413379,0.857,0.369,0,"1","P4HA1"
0,2.10651030613294,0.3,0.075,0,"1","AC097534.2"
0,2.10162830059122,0.521,0.146,0,"1","HIF1A-AS3"
0,2.09051994416242,0.322,0.093,0,"1","HK2"
0,2.04549016938838,0.658,0.261,0,"1","MXI1"
0,2.03099526145275,0.577,0.294,0,"1","FGFBP2"
0,1.99537587134818,0.911,0.578,0,"1","FAM162A"
0,1.98541613861217,0.924,0.572,0,"1","BNIP3L"
0,1.94938837648065,0.362,0.12,0,"1","ANKRD37"
0,1.94923312738305,0.27,0.1,0,"1","HILPDA"
0,1.90220788911417,0.547,0.234,0,"1","TSC22D3"
0,1.86666890524004,0.867,0.456,0,"1","SLC16A3"
0,1.77235378075703,0.662,0.234,0,"1","AC078883.1"
0,1.64403765190036,0.885,0.717,0,"1","MKNK2"
0,1.62586673548613,0.99,0.956,0,"1","PGK1"
0,1.60373198629937,0.567,0.281,0,"1","ANKZF1"
0,1.59353951895032,0.998,0.979,0,"1","ENO1"
0,1.55802063472919,0.374,0.122,0,"1","FAM153CP"
0,1.48888180672234,0.992,0.947,0,"1","LDHA"
0,1.48447098433143,0.982,0.848,0,"1","C4orf3"
0,1.4655583721945,0.805,0.542,0,"1","DDIT4"
0,1.46407048593253,0.757,0.438,0,"1","ENO2"
0,1.45634009804508,0.575,0.329,0,"1","HIC1"
0,1.44569012263757,0.718,0.399,0,"1","EGLN1"
0,1.42649353730467,0.388,0.198,0,"1","FUT11"
0,1.3871433367999,0.449,0.235,0,"1","OLFM2"
0,1.38264451472767,0.996,0.974,0,"1","TPI1"
0,1.3694536118058,0.998,0.955,0,"1","PKM"
0,1.36741617402327,0.648,0.36,0,"1","KDM3A"
0,1.32114868242511,0.596,0.277,0,"1","KDM4B"
0,1.28361890881283,0.419,0.214,0,"1","PDK1"
3.44169137633799e-14,1.27672192150447,0.41,0.264,7.04342140167569e-10,"1","EGLN3"
0,1.27077820605408,0.964,0.809,0,"1","ALDOA"
0,1.26856488147783,0.67,0.411,0,"1","PGM1"
5.55111512312578e-15,1.25539191400247,0.27,0.124,1.13603570994769e-10,"1","KDM6B"
0,1.24914385732377,0.811,0.575,0,"1","PFKP"
0,1.22601180224871,0.924,0.83,0,"1","ZFP36L2"
2.05353511972817e-11,1.21324231953585,0.254,0.132,4.20255962252369e-07,"1","CALHM6"
0,1.20362387788292,0.344,0.174,0,"1","NCKIPSD"
0,1.18604646820718,1,0.994,0,"1","GAPDH"
0,1.17872700638096,1,0.98,0,"1","MIF"
4.44089209850063e-16,1.16509279620911,0.392,0.226,9.08828567958153e-12,"1","EPS8L2"
9.10382880192628e-15,1.15786580821485,0.378,0.224,1.86309856431421e-10,"1","KLRC4"
0,1.15038929399494,0.986,0.892,0,"1","PGAM1"
5.28986925891761e-05,1.14627218475237,0.531,0.49,1,"1","CST7"
2.22044604925031e-16,1.10555092768472,0.376,0.208,4.54414283979077e-12,"1","DBP"
0,1.10039369088178,0.634,0.388,0,"1","PFKFB3"
1.4955190197341e-08,1.09684738970171,0.28,0.173,0.000306057967388584,"1","EGR1"
3.18824966427655e-11,1.09088408238501,0.264,0.138,6.52475293794197e-07,"1","ZDBF2"
9.44525084811687e-08,1.08381057991279,0.26,0.165,0.00193297058606712,"1","ITGA5"
0,1.06526823142629,0.761,0.527,0,"1","WSB1"
6.88338275267597e-15,1.05609714708863,0.366,0.212,1.40868428033514e-10,"1","ZSCAN25"
0,1.02302359334487,0.527,0.327,0,"1","HDHD5"
0,1.01467686163968,0.728,0.492,0,"1","MTFP1"
0,1.01237322600583,0.724,0.506,0,"1","ALKBH5"
0,0.995095096222616,0.479,0.257,0,"1","KDM7A"
0,0.972400286822101,0.602,0.409,0,"1","BCKDHA"
1.16540110894903e-11,0.969322036783023,0.358,0.219,2.38499336946418e-07,"1","PLOD3"
0,0.968306117555287,0.753,0.552,0,"1","VEGFB"
0,0.968283934932701,0.423,0.227,0,"1","PAM"
0,0.966162188889279,0.722,0.52,0,"1","HPCAL1"
0,0.953862574061468,0.99,0.937,0,"1","PNRC1"
0,0.951731513419853,0.724,0.54,0,"1","GOLGA8A"
0,0.950367600150243,0.761,0.613,0,"1","MGAT1"
0,0.942334336140933,0.807,0.609,0,"1","GIMAP1"
0,0.930256038367885,0.932,0.912,0,"1","CCL5"
2.22044604925031e-16,0.928252447664106,0.435,0.257,4.54414283979077e-12,"1","BMT2"
7.60053575632469e-10,0.926564537437852,0.31,0.19,1.55544964253185e-05,"1","HERC3"
4.66293670342566e-15,0.925696871958048,0.441,0.273,9.54269996356061e-11,"1","SAP30"
6.25507939733261e-06,0.92560128582828,0.423,0.334,0.128010199866412,"1","LAG3"
0,0.904739525946533,0.604,0.331,0,"1","MEAK7"
2.82966029496734e-07,0.901608027192902,0.268,0.174,0.00579089979365066,"1","TCAF2"
0,0.893888163427285,0.897,0.767,0,"1","SLC2A3"
2.07853050326889e-08,0.892167142202448,0.306,0.199,0.000425371267493979,"1","KRBOX4"
0,0.877812633027538,0.565,0.4,0,"1","ZNF581"
0,0.870325761443136,0.885,0.718,0,"1","ZNF292"
1.86961557346876e-13,0.857558990535353,0.505,0.342,3.82616827110382e-09,"1","ORAI3"
0,0.848030903402969,0.455,0.264,0,"1","TCP11L2"
4.44089209850063e-15,0.84551700810469,0.557,0.405,9.08828567958153e-11,"1","MPI"
0,0.839994237113503,0.807,0.635,0,"1","CCDC107"
0,0.832966431754152,0.622,0.426,0,"1","PIK3IP1"
0,0.831492603636642,0.95,0.861,0,"1","TXNIP"
6.82931711182277e-09,0.824459300861553,0.358,0.242,0.000139761974693453,"1","FAM216A"
1.24968924097857e-11,0.824186250371866,0.292,0.161,2.55748903166264e-07,"1","WAKMAR2"
5.02828001458511e-10,0.821761148792928,0.328,0.198,1.02903750498484e-05,"1","PPP1R3E"
1.27879746067983e-05,0.819947195559197,0.338,0.25,0.261705900328126,"1","TMEM120A"
0,0.813584812891752,0.845,0.747,0,"1","DARS"
3.08320036168652e-11,0.812112062168489,0.419,0.278,6.30976954019147e-07,"1","NUDT18"
2.56106247320531e-12,0.803613223937565,0.487,0.342,5.24121435141467e-08,"1","CITED2"
8.21565038222616e-15,0.803028381437356,0.481,0.319,1.68133285072258e-10,"1","ZNF160"
8.37996338987068e-13,0.788423613135731,0.427,0.269,1.71495950773703e-08,"1","HIST3H2A"
0,0.787250274009924,0.674,0.511,0,"1","WDR54"
2.46469511466785e-14,0.781856167349938,0.553,0.406,5.04399855216775e-10,"1","BTN3A1"
0,0.776205971360104,0.726,0.564,0,"1","PLAC8"
0.000110423478687283,0.776170251661178,0.286,0.215,1,"1","NDRG1"
0,0.76953282238453,0.666,0.48,0,"1","RLF"
0,0.769439327109341,0.946,0.839,0,"1","YPEL3"
8.1337790214242e-07,0.76573798652298,0.35,0.25,0.0166457787673446,"1","KLF10"
3.59401601368603e-07,0.762280378342141,0.272,0.172,0.00735515377200846,"1","CCNG2"
0.0014023602327895,0.752898966814635,0.416,0.367,1,"1","ANXA1"
0,0.744125304698476,0.924,0.846,0,"1","SIT1"
2.26715580975423e-07,0.74390663979338,0.314,0.212,0.00463973436466203,"1","LINC00243"
5.64290791871258e-09,0.743879431367471,0.419,0.303,0.000115482110556453,"1","NPHP3"
2.17944329250486e-10,0.74200083013469,0.455,0.32,4.46023069811119e-06,"1","SPNS3"
0,0.7357180216203,0.932,0.823,0,"1","KLRK1"
0,0.732610730993006,0.777,0.608,0,"1","VKORC1"
1.48148638245971e-07,0.7306240528799,0.441,0.348,0.00303186188170379,"1","RAB33A"
2.22044604925031e-16,0.72819150400333,0.658,0.516,4.54414283979077e-12,"1","GIMAP2"
0,0.727923495028994,0.998,0.979,0,"1","LSP1"
3.4206271548598e-06,0.726294635619171,0.457,0.377,0.0700031347242058,"1","RGCC"
2.96582758352315e-11,0.724060791193919,0.509,0.373,6.06956614968013e-07,"1","RASSF7"
6.66133814775094e-16,0.720055015008646,0.577,0.397,1.36324285193723e-11,"1","SCML4"
3.83147202853706e-09,0.71974986850927,0.451,0.337,7.8411075064011e-05,"1","STMN3"
0,0.715871657068262,0.642,0.47,0,"1","DNAJC4"
1.00999457686157e-08,0.714025689402715,0.469,0.36,0.000206695390154721,"1","TMEM63A"
0,0.712356547467289,0.823,0.663,0,"1","RNF181"
5.28221910656157e-12,0.711310538786198,0.501,0.355,1.08100614015783e-07,"1","GIMAP6"
0,0.709996213793708,0.644,0.468,0,"1","RALGDS"
0,0.706761525853885,0.946,0.851,0,"1","CD27"
0.000275192766851173,0.704385409350616,0.304,0.239,1,"1","INSIG2"
1.39365670559499e-07,0.701994323530617,0.324,0.216,0.00285211844800015,"1","WDR45B"
8.85037952855772e-05,0.70019099423817,0.27,0.196,1,"1","TMEM102"
6.2519966981256e-09,0.697410809140633,0.402,0.281,0.00012794711242714,"1","FAM210A"
2.19010587443336e-10,0.696798791546312,0.6,0.51,4.48205167202786e-06,"1","AP3S1"
3.15245795268204e-06,0.692719643725328,0.29,0.2,0.064515052001638,"1","FAM117B"
2.77275313820269e-08,0.692078472701348,0.439,0.331,0.00056744392973318,"1","ING4"
0,0.691262244138042,0.815,0.671,0,"1","GIMAP5"
6.14567358114826e-06,0.688447380631886,0.266,0.177,0.125771209838199,"1","DIXDC1"
6.66133814775094e-16,0.687654880311532,0.513,0.347,1.36324285193723e-11,"1","VGLL4"
2.50930387579729e-10,0.68671269499321,0.513,0.385,5.13529038181915e-06,"1","N4BP2L1"
3.91261689713929e-10,0.684961172142749,0.481,0.347,8.00717047999555e-06,"1","RSBN1"
8.65973959207622e-15,0.683576168079182,0.612,0.441,1.7722157075184e-10,"1","OFD1"
0,0.67869940636893,0.825,0.685,0,"1","FYN"
5.57616175456133e-11,0.678674080649375,0.489,0.353,1.14116150307098e-06,"1","TBCC"
2.61193904504964e-07,0.675834363406848,0.402,0.302,0.00534533325569408,"1","UFSP2"
6.95534371542017e-06,0.675745089039077,0.358,0.269,0.142341109136074,"1","AC022706.1"
3.94362915656643e-08,0.67452678491491,0.304,0.194,0.00080706370689132,"1","FOXO3"
3.49507978114616e-10,0.672683275730423,0.479,0.344,7.15268077211562e-06,"1","SAT2"
3.06159653051807e-06,0.670744802401281,0.252,0.164,0.0626555729970524,"1","TRIT1"
7.39238767799577e-06,0.669427872042338,0.262,0.175,0.151285213830183,"1","PER1"
2.22044604925031e-15,0.669271965612567,0.688,0.534,4.54414283979077e-11,"1","FCMR"
4.75632217411537e-06,0.668710290326624,0.4,0.311,0.097338133293271,"1","PGRMC2"
2.92058444095744e-09,0.666272163962779,0.535,0.403,5.9769760584194e-05,"1","TCF7"
8.49603782882014e-08,0.666270775533896,0.386,0.271,0.00173871414166804,"1","YPEL2"
0,0.664585658961289,0.765,0.625,0,"1","DDT"
7.30858551400981e-05,0.664522013338645,0.298,0.223,1,"1","ZC3H6"
4.57411886145564e-14,0.663496989614716,0.618,0.474,9.36093424996898e-10,"1","NADSYN1"
1.67982392906829e-06,0.662676422947972,0.414,0.32,0.0343775967083826,"1","RTL8C"
1.68041136561214e-11,0.659313583881353,0.622,0.504,3.43896185972525e-07,"1","TRG-AS1"
0,0.658615128606911,0.783,0.644,0,"1","SYTL3"
0,0.651050799704854,0.728,0.595,0,"1","NARF"
1.40147626837006e-09,0.64800521647226,0.505,0.377,2.86812118321933e-05,"1","TRPT1"
0.000103088020323661,0.646074282968042,0.33,0.258,1,"1","MDP1"
6.3997762644874e-10,0.644242324065908,0.557,0.436,1.30971421252735e-05,"1","LGALS8"
5.93623480571459e-06,0.642589463344196,0.284,0.198,0.121485045298949,"1","SLC2A13"
0.00248905393028775,0.63550535159598,0.252,0.2,1,"1","ING2"
0.00219132637238739,0.634496422631266,0.254,0.202,1,"1","TTC9C"
2.68207678288945e-12,0.631742230598502,0.577,0.44,5.48887013618327e-08,"1","GPR155"
2.90097752486673e-07,0.629734687370603,0.382,0.277,0.00593685050463977,"1","INTS13"
3.32147981096931e-06,0.623192970112385,0.33,0.232,0.0679740843314869,"1","CREBRF"
4.24571489077152e-12,0.622604592137264,0.475,0.327,8.68885552396392e-08,"1","ZNF654"
6.04297021311595e-07,0.619297091543333,0.392,0.285,0.0123669385411418,"1","PHF1"
4.98114345903744e-05,0.618115451360008,0.312,0.234,1,"1","GRINA"
1.43152079767894e-06,0.616753755835913,0.37,0.271,0.0292960731244996,"1","ZNF862"
2.35787066049653e-06,0.61550358630857,0.326,0.232,0.0482538230670615,"1","ASCC1"
1.73194791841524e-14,0.615110974427598,0.755,0.618,3.5444314150368e-10,"1","RBPJ"
2.749376186717e-07,0.612872953212796,0.38,0.273,0.00562659836611634,"1","ARRDC2"
0.000184909618156093,0.60965913372829,0.3,0.229,1,"1","ERGIC1"
0,0.608441476474326,0.751,0.567,0,"1","PFKL"
0,0.607852838378312,0.753,0.611,0,"1","PDE4D"
2.70950535719017e-06,0.606208333835961,0.421,0.317,0.0554500271348968,"1","NT5E"
7.80213539859353e-05,0.602947394135598,0.334,0.255,1,"1","DDAH2"
7.78349775742981e-08,0.602397334746969,0.537,0.432,0.00159289281605801,"1","RNF5"
1.51814367743697e-08,0.5996065315205,0.443,0.329,0.000310688103587475,"1","POM121C"
1.64345841924263e-05,0.598584622662688,0.423,0.337,0.336333765498004,"1","TRIM4"
6.02742207012064e-06,0.597736390116431,0.4,0.307,0.123351192665019,"1","CALCOCO1"
3.47721851312599e-13,0.596491971919899,0.742,0.619,7.11612768711234e-09,"1","EVI2B"
0.000114177725629272,0.596052274918429,0.386,0.311,1,"1","PASK"
3.08190852837953e-08,0.593346389773881,0.584,0.492,0.000630712580332871,"1","GCHFR"
0.000112816231297108,0.592725522513427,0.461,0.387,1,"1","ASB2"
0.000169013335792112,0.592716932699408,0.256,0.184,1,"1","CORO2A"
1.75810321856318e-08,0.591939214939461,0.479,0.365,0.000359795823678954,"1","TMEM134"
0.000273339021761521,0.590713381923404,0.292,0.228,1,"1","SCAMP1"
1.70593134600772e-05,0.590123923198088,0.318,0.234,0.349118849960479,"1","C2orf49"
1.44696868131788e-05,0.588685853751922,0.445,0.364,0.296122140631705,"1","NMT2"
7.75587807555489e-06,0.587357846720607,0.414,0.322,0.158724044816231,"1","TCEA2"
0.000159360301964728,0.585978835461366,0.37,0.304,1,"1","LDLRAP1"
3.58450759740947e-07,0.585908748993144,0.549,0.472,0.00733569479809848,"1","EVI2A"
2.53764654134514e-06,0.582376040488695,0.416,0.319,0.0519329364686283,"1","C11orf68"
6.42930510119655e-06,0.582030086743035,0.338,0.254,0.131575728895987,"1","LONP1"
1.31394086055892e-07,0.580959848623744,0.447,0.339,0.00268897997113382,"1","MARCH9"
1.26231580543923e-06,0.579565349181611,0.533,0.448,0.0258332929583138,"1","NAMPT"
6.15680639803884e-09,0.579505613216912,0.471,0.351,0.000125999042935865,"1","WDR60"
0,0.577425679521915,0.913,0.822,0,"1","ANAPC16"
0.000567563558388162,0.576108127246545,0.28,0.214,1,"1","LY9"
0,0.571062740796641,0.893,0.787,0,"1","POLD4"
1.50992551795071e-11,0.570130400802685,0.62,0.495,3.09006257248612e-07,"1","RAB24"
8.66145352984571e-05,0.570085847625152,0.459,0.387,1,"1","GLIPR1"
1.06581410364015e-14,0.569120627375773,0.722,0.583,2.18118856309957e-10,"1","KDM5B"
0.0001438199798105,0.567093224824565,0.412,0.347,1,"1","UBXN11"
3.60966811996377e-11,0.56547452072154,0.664,0.562,7.38718580750586e-07,"1","ZNF655"
7.30364493550795e-07,0.562898662669171,0.485,0.388,0.014946909360517,"1","MRPL10"
0.00195301802127701,0.561930485523353,0.27,0.211,1,"1","AP002387.2"
2.76800804499544e-12,0.561041755507947,0.652,0.526,5.66472846408317e-08,"1","PSD4"
9.88275972169106e-09,0.558072511106203,0.537,0.404,0.000202250677704408,"1","SLC35D2"
1.3968653061136e-05,0.55795051596136,0.41,0.325,0.285868484896149,"1","RNF113A"
0,0.557480784098775,0.944,0.868,0,"1","GIMAP7"
1.03662227288748e-05,0.55656700940693,0.394,0.305,0.212144748146422,"1","MMS19"
1.79042780601435e-10,0.556117868508872,0.535,0.389,3.66411050500837e-06,"1","ZBTB25"
0.00162273836219229,0.55549058225751,0.268,0.208,1,"1","EVA1B"
2.1094237467878e-14,0.555460323859374,0.771,0.656,4.31693569780123e-10,"1","RNASET2"
0.00122607545850406,0.552700622806215,0.258,0.198,1,"1","ARID3A"
1.1915609965385e-07,0.551115920266682,0.616,0.5,0.00243852957941604,"1","MYC"
4.74837724695476e-10,0.549921379689774,0.59,0.463,9.71755403589292e-06,"1","HSD17B11"
4.73621142305092e-13,0.545271715845104,0.706,0.575,9.6926566772737e-09,"1","BTN3A2"
2.56988492552956e-06,0.544219775699558,0.465,0.373,0.0525926950009625,"1","PLIN2"
5.99689187197328e-11,0.540967086970787,0.757,0.65,1.22726392159933e-06,"1","ZFP36L1"
3.42081918347503e-12,0.540691329512097,0.851,0.77,7.00070645898165e-08,"1","CLEC2B"
0,0.540642721403703,0.992,0.976,0,"1","FYB1"
5.27723446719364e-07,0.538356314776038,0.386,0.279,0.0107998603371118,"1","ITPKB"
0.00037127914368762,0.537631493408864,0.258,0.189,1,"1","AC005332.4"
9.5376581835227e-05,0.537620231199849,0.421,0.347,1,"1","ZSCAN16-AS1"
2.13007389504583e-11,0.534963387630144,0.696,0.568,4.35919622621128e-07,"1","RNMT"
0.00152357191468888,0.530014278653803,0.298,0.238,1,"1","DHRS13"
0.001093664750764,0.528686415000761,0.278,0.217,1,"1","TSEN34"
6.34005314774644e-05,0.528053589199153,0.495,0.444,1,"1","ZNF770"
0,0.526947117315165,0.966,0.951,0,"1","THEMIS"
3.16876661976551e-06,0.526185858415483,0.477,0.397,0.0648488088735011,"1","TRIM8"
0.00040741480402473,0.524730772080866,0.274,0.202,1,"1","ZNF493"
4.03010957938932e-13,0.524711869833146,0.765,0.647,8.24761925422024e-09,"1","CHD3"
0,0.523206251200968,0.861,0.744,0,"1","TNFRSF14"
5.8408451408809e-09,0.522894248317164,0.489,0.364,0.000119532895808128,"1","PDK3"
0.00072774557128974,0.522549230810283,0.356,0.297,1,"1","DEXI"
4.53227184671334e-08,0.52178076827504,0.441,0.321,0.000927529433429886,"1","TARSL2"
1.69331215715829e-12,0.521265979736452,0.865,0.793,3.46536332962444e-08,"1","GBP2"
1.86949098557321e-06,0.520975815422902,0.402,0.308,0.0382591330197557,"1","FBXO42"
2.06759621201869e-07,0.519485179152404,0.698,0.617,0.00423133564789624,"1","AOAH"
9.50221133311224e-06,0.518952313276068,0.425,0.331,0.194462754932142,"1","SLA"
0.00100719795229498,0.518553838668494,0.284,0.22,1,"1","RBM7"
8.73768668485653e-06,0.518002936755632,0.463,0.365,0.178816758005589,"1","HBP1"
0.000567562606327288,0.516129667786649,0.34,0.278,1,"1","TENT5C"
0.00338559996371601,0.516093676250432,0.35,0.303,1,"1","BCKDK"
0.00011235753467953,0.514729228182654,0.278,0.204,1,"1","HMGCL"
0.000856734424008687,0.51380925053647,0.392,0.332,1,"1","FAM200B"
0.000552579990454216,0.512869056138602,0.284,0.219,1,"1","RXRB"
2.11664397120614e-09,0.511046415658072,0.664,0.57,4.33171188707338e-05,"1","SIPA1"
1.24487531394379e-10,0.509757370255017,0.656,0.5,2.54763732998597e-06,"1","PAICS"
1.54253320783226e-07,0.509355323742042,0.563,0.472,0.00315679420982873,"1","LINC01138"
1.76031832161971e-05,0.507641315211262,0.366,0.275,0.360249144519474,"1","SNRPN"
8.19855230149713e-07,0.506689831323319,0.457,0.349,0.0167783372850139,"1","DHRS3"
3.40215286698253e-05,0.505634601303359,0.429,0.349,0.696250584227975,"1","SGF29"
6.93906480586648e-06,0.505335119699147,0.533,0.454,0.142007961252058,"1","PLEKHF1"
0.000792243869532028,0.504692969655137,0.302,0.238,1,"1","SCRN2"
5.46689360447772e-11,0.504039957476306,0.688,0.567,1.11879977615637e-06,"1","IDS"
0.000126756870870492,0.50313101694172,0.31,0.234,1,"1","TOM1"
0,0.502247476556253,0.891,0.811,0,"1","TOMM20"
2.88379498059044e-08,0.500987362753632,0.646,0.54,0.000590168642777833,"1","MMP24OS"
4.3525649751075e-10,0.500545478401148,0.686,0.574,8.9075242215575e-06,"1","CPNE3"
1.78114307285426e-05,0.49989922640693,0.374,0.285,0.364510929859625,"1","SLC2A1"
4.46285455257822e-08,0.497046404675096,0.4,0.279,0.000913323184185133,"1","KLHL24"
0.00174588732437453,0.495506381440571,0.336,0.279,1,"1","RSPRY1"
0.000796941801052498,0.493568109100658,0.406,0.349,1,"1","HCP5"
3.3505006649559e-05,0.493266570284836,0.441,0.362,0.685679961083225,"1","CCDC28A"
0.00247837275592788,0.492674185663831,0.318,0.265,1,"1","KBTBD4"
0,0.492255747918661,0.992,0.972,0,"1","HLA-E"
2.57571741713036e-14,0.492029742813883,0.805,0.699,5.27120569415729e-10,"1","IGBP1"
0.000175912925238997,0.49123605175147,0.316,0.24,1,"1","COG6"
7.0044414712811e-11,0.491017871554623,0.686,0.579,1.43345894709768e-06,"1","SNHG7"
3.39785000136317e-08,0.490950072538856,0.738,0.721,0.000695370002778972,"1","KLF2"
7.56884383812384e-06,0.490881965178871,0.451,0.352,0.154896389147204,"1","AGPAT5"
1.95128623110552e-05,0.490754931076872,0.455,0.367,0.399330727195745,"1","ISCA1"
1.58878470823964e-07,0.490567980156082,0.479,0.368,0.00325144790541243,"1","SLC25A36"
0,0.488636932460655,0.922,0.866,0,"1","IL16"
1.56609893942061e-08,0.48749210611321,0.66,0.55,0.000320502147952428,"1","PBXIP1"
6.43609634032316e-06,0.486637468118663,0.525,0.449,0.131714711604713,"1","RNF114"
0.00192178404387033,0.483934350066573,0.37,0.319,1,"1","MHENCR"
5.11641795597484e-09,0.483371921385012,0.692,0.589,0.000104707493469025,"1","CDKN1B"
0,0.482812827447936,0.968,0.858,0,"1","GAS5"
4.6942841878117e-06,0.482007154140474,0.477,0.381,0.0960685259035665,"1","DYRK2"
0,0.481203855537904,0.988,0.957,0,"1","SARAF"
0,0.481130077945769,0.996,0.984,0,"1","IL2RG"
2.4332366033164e-07,0.480741251692672,0.533,0.422,0.00497961870868702,"1","MTR"
0.000225770024752103,0.480683645097046,0.366,0.289,1,"1","RPP25L"
4.85599475763543e-06,0.479843388170449,0.306,0.212,0.099377932715009,"1","ARHGAP18"
0.00011382084632694,0.47942454072956,0.268,0.192,1,"1","POLG2"
0.00045743607344173,0.478742393512452,0.286,0.221,1,"1","TMEM39B"
0.00953879295614812,0.476801553996171,0.252,0.206,1,"1","SERTAD1"
0.00774435232150106,0.476356377219523,0.304,0.251,1,"1","BTBD2"
5.21804821573824e-14,0.475824770853347,0.873,0.804,1.06787356735083e-09,"1","LBH"
0.00256731838252744,0.475634975035933,0.302,0.241,1,"1","TMIGD2"
0.00108670196301297,0.475261815432631,0.344,0.279,1,"1","NFIL3"
9.9076302717549e-13,0.474652978551903,0.821,0.717,2.02759653511464e-08,"1","PDCD4"
2.74568678904075e-09,0.474516931212776,0.65,0.54,5.61904801377189e-05,"1","CFDP1"
0,0.473785517741797,0.972,0.908,0,"1","CD48"
1.1463652249688e-10,0.473365784027378,0.475,0.337,2.34603643289866e-06,"1","YEATS2"
4.27520691070882e-07,0.47315700304896,0.628,0.566,0.0087492109427656,"1","POLR2H"
0.000558438872766409,0.472338149105714,0.374,0.303,1,"1","SYS1"
4.80983268014157e-06,0.469955428540503,0.801,0.79,0.0984332257990972,"1","IL7R"
1.54446815336939e-08,0.469402953659637,0.672,0.57,0.000316075407587046,"1","PTPRCAP"
0,0.4683725008951,0.986,0.955,0,"1","CCNI"
1.1113799063267e-06,0.468310110993125,0.6,0.511,0.022744389782976,"1","PSTPIP1"
0.00216305932812988,0.467989472163594,0.278,0.216,1,"1","ZER1"
9.66027258186841e-12,0.467568651836868,0.853,0.765,1.97697478387937e-07,"1","GZMM"
0.0008851968627972,0.466012915631479,0.292,0.228,1,"1","GOLGA1"
0,0.465787944142762,0.986,0.936,0,"1","BTG1"
8.67311729102482e-07,0.464591909710248,0.525,0.42,0.0177495345360823,"1","YPEL5"
5.57331958361829e-14,0.464265087757976,0.829,0.748,1.14057985278748e-09,"1","PTPN22"
0.00195499704741842,0.464031730521321,0.362,0.307,1,"1","NAT10"
1.10039488632196e-09,0.460627503365237,0.753,0.657,2.2519581348579e-05,"1","ALKBH7"
1.12466877113526e-05,0.45907217230994,0.539,0.459,0.230163464012831,"1","GRAMD1A"
0.000131960306325007,0.458563899017291,0.378,0.294,1,"1","CFAP36"
1.71478596484587e-05,0.458382854714115,0.473,0.385,0.350930947705707,"1","SMIM27"
2.16267004304882e-11,0.456741319732732,0.746,0.675,4.42590424309941e-07,"1","SORL1"
0.000134633696787345,0.456683038180965,0.425,0.353,1,"1","EDEM3"
0.000276458603722718,0.456046075927161,0.471,0.409,1,"1","AC119396.1"
0.00452616130754557,0.455871498125929,0.272,0.216,1,"1","TMEM167B"
0.00141786713370884,0.453887632499842,0.433,0.374,1,"1","SIAH2"
1.67421632113474e-13,0.452022768071775,0.93,0.886,3.42628370120224e-09,"1","LIME1"
0.000221656380891,0.451389081000163,0.398,0.326,1,"1","TTC28-AS1"
7.67563149706163e-07,0.450135037891375,0.539,0.43,0.0157081798587366,"1","CHIC2"
1.61344337890057e-09,0.449554612753567,0.742,0.654,3.30191187492002e-05,"1","CPNE1"
2.1769519520376e-09,0.449024297870184,0.698,0.605,4.45513216984494e-05,"1","PIH1D1"
0.00534341253370951,0.446552358685095,0.348,0.301,1,"1","BSCL2"
7.94919685631612e-14,0.4457324089511,0.835,0.709,1.62680313664509e-09,"1","JAML"
0.000169296974448896,0.443703025426128,0.366,0.29,1,"1","BTN3A3"
1.17756915329892e-11,0.443702247308126,0.781,0.686,2.40989527222624e-07,"1","TXNL1"
2.23191667148015e-06,0.442629350698003,0.584,0.494,0.0456761746818413,"1","SAT1"
1.28600241566801e-10,0.44238339618863,0.861,0.774,2.63180394366458e-06,"1","GIMAP4"
0.000146959621917242,0.441705764883949,0.465,0.403,1,"1","ZNF146"
0,0.440942549219828,0.968,0.952,0,"1","SEPTIN9"
1.00599139767343e-05,0.439857372733065,0.533,0.438,0.205876139533868,"1","GID8"
0.000184087766796903,0.437926443689647,0.457,0.375,1,"1","MLLT6"
0.000709599384291382,0.436999939212,0.491,0.43,1,"1","NBR1"
4.15581657975395e-09,0.436942468174843,0.483,0.351,8.50487863046645e-05,"1","APOLD1"
0,0.435939310822646,0.998,0.991,0,"1","RPS27"
0.00122009389209699,0.435777091785859,0.394,0.333,1,"1","EPB41L4A-AS1"
0,0.43476556966833,0.907,0.84,0,"1","RSRP1"
1.96909539740275e-06,0.434580730554778,0.348,0.246,0.0402975373078474,"1","PLXNC1"
0.000688746406171781,0.433824886555076,0.39,0.317,1,"1","THAP4"
0.000713770347483766,0.433428955907066,0.708,0.674,1,"1","CORO1B"
1.79614101369907e-11,0.432939695654138,0.847,0.773,3.67580258453515e-07,"1","RBIS"
0.0042941185996761,0.432899195637548,0.29,0.236,1,"1","DHX40"
3.06421554796543e-13,0.432549434420867,0.903,0.833,6.27091711891126e-09,"1","VDAC1"
2.89057444646801e-10,0.431326820394268,0.793,0.734,5.91556060469678e-06,"1","NPEPPS"
0.00118695486677245,0.430591948999403,0.412,0.349,1,"1","PPAN"
0.000267706633071185,0.42705089279397,0.414,0.349,1,"1","ARHGEF2"
1.49145753147728e-06,0.426245736956961,0.654,0.556,0.0305226783816825,"1","LRP10"
0.00319847985102606,0.426021201984972,0.348,0.294,1,"1","CUL4B"
0.000156479292100054,0.424365840273018,0.437,0.36,1,"1","TNFAIP8L2"
0.00142690311053606,0.423740993829683,0.322,0.257,1,"1","BORCS6"
0.00814136670412013,0.422994729446725,0.304,0.254,1,"1","RASA4"
2.33779051939109e-06,0.422975423335742,0.618,0.521,0.0478428829793387,"1","ADAM8"
0.0002670406056966,0.422822206823365,0.455,0.387,1,"1","RNF44"
2.00473293252568e-05,0.422579124698459,0.541,0.466,0.41026859464138,"1","WRNIP1"
0.00340055404298467,0.422245410453439,0.28,0.224,1,"1","TMEM80"
0.00268443288635178,0.422223409609935,0.477,0.413,1,"1","RNPC3"
0,0.421536857083929,0.938,0.866,0,"1","PNISR"
0.000380115688584093,0.421218928343669,0.326,0.257,1,"1","NFATC1"
4.91542431646508e-07,0.420875521920557,0.668,0.579,0.0100594158636458,"1","RIOK3"
0.0027866567728303,0.420636626426441,0.302,0.246,1,"1","MBOAT7"
1.48991929904696e-13,0.4204903851897,0.899,0.813,3.0491198454996e-09,"1","TMEM59"
5.84351302659325e-05,0.419768337095576,0.328,0.238,1,"1","FBXO32"
0.00558415908339338,0.419559373901093,0.298,0.248,1,"1","PIGBOS1"
3.05643969271685e-05,0.417888411641021,0.543,0.474,0.625500383114503,"1","TPP1"
0.00554836713974471,0.416245601439119,0.431,0.373,1,"1","FAM118A"
7.29377225283656e-09,0.414446533244464,0.759,0.69,0.0001492670491543,"1","GCC2"
6.2036666470533e-08,0.414225921748299,0.648,0.559,0.00126958037931946,"1","ZBTB1"
1.05207296208221e-08,0.413772483877056,0.779,0.695,0.000215306731690124,"1","PHF3"
0.0071810346113339,0.41331378539436,0.252,0.2,1,"1","PNMA1"
0,0.41304427099749,0.996,0.995,0,"1","HLA-A"
2.97655136094477e-08,0.411233521248836,0.765,0.681,0.000609151236017347,"1","FGFR1OP2"
0.00171133627521924,0.410979904981218,0.36,0.301,1,"1","KDM5C"
0.000157875481394454,0.410895689114164,0.579,0.521,1,"1","MYADM"
2.62402359840763e-08,0.409159613552444,0.724,0.637,0.000537006429414122,"1","ABHD14B"
0.000182221226747048,0.408367547903093,0.632,0.574,1,"1","TAGAP"
0.000571949151337181,0.407961967335657,0.33,0.259,1,"1","ARMCX3"
0.000127827345850262,0.407769221434688,0.481,0.415,1,"1","PEX2"
0.000447634487040771,0.407738825029111,0.304,0.226,1,"1","MIB2"
0.00180499335576578,0.406701689266471,0.31,0.247,1,"1","RTL8A"
0,0.404678133525509,0.986,0.939,0,"1","TAGLN2"
2.65497459572828e-08,0.403421615956453,0.753,0.685,0.000543340551015792,"1","TNIP1"
0.00200110489749727,0.402878509277179,0.344,0.284,1,"1","ANKRD49"
1.55431223447522e-14,0.401445541527561,0.922,0.847,3.18089998785354e-10,"1","ZFAS1"
0,0.400998608483424,0.98,0.937,0,"1","GYPC"
3.03360216800108e-05,0.398848695818189,0.551,0.464,0.620826683681421,"1","RELA"
0.00209304972330648,0.398796587787583,0.414,0.361,1,"1","ABTB1"
4.26984307688727e-07,0.39679752686267,0.662,0.594,0.0087382338568498,"1","FAM102A"
0.00113963711022236,0.395620811666312,0.447,0.384,1,"1","PLEKHA2"
0.00153950161826977,0.39540997341959,0.276,0.207,1,"1","DPEP2"
1.70770495522277e-08,0.395327172862409,0.517,0.399,0.000349481819086339,"1","ZMYM2"
0.000215551144967741,0.395214163063447,0.632,0.574,1,"1","MFSD10"
8.22285462387384e-07,0.394253916711108,0.61,0.508,0.0168280719877578,"1","NLRP1"
0.00519973054070699,0.393923960184552,0.258,0.208,1,"1","RORA-AS1"
0.000675121003107515,0.393818737173018,0.412,0.358,1,"1","OTUD5"
0.00813112659476412,0.393466217410661,0.302,0.255,1,"1","PEX3"
0.000554005821455261,0.393166020073805,0.304,0.233,1,"1","LMBR1L"
0.000124967831423906,0.392085041199241,0.441,0.364,1,"1","COA5"
3.30180074954445e-05,0.391970842672374,0.489,0.405,0.675713523394271,"1","LETMD1"
3.73390453001221e-06,0.3913392913089,0.598,0.52,0.0764143562066999,"1","UBASH3A"
0,0.391273970858883,0.998,0.979,0,"1","RPS29"
1.58815174344795e-08,0.390609711974522,0.67,0.56,0.000325015254296623,"1","GLCCI1"
1.02797321721582e-06,0.388354026130983,0.575,0.5,0.0210374718903217,"1","PCMTD1"
0.00073399547673314,0.387590961532973,0.346,0.277,1,"1","SNAPC3"
2.32923741849689e-07,0.386920918538431,0.628,0.527,0.00476678437695388,"1","AC008105.3"
0.000734446893710494,0.386799871875225,0.445,0.382,1,"1","PHF23"
0,0.386738077996941,0.978,0.933,0,"1","CD37"
4.75695038915092e-11,0.385225775961514,0.849,0.742,9.73509897139735e-07,"1","ISG20"
0.00561700763300021,0.385103507744502,0.36,0.311,1,"1","ALG2"
0.000313836287767266,0.385009693100865,0.805,0.766,1,"1","BTG2"
5.06255174754777e-05,0.384567613005321,0.445,0.371,1,"1","STAMBPL1"
1.32505137084848e-07,0.384272492339649,0.694,0.607,0.00271171763044142,"1","SERINC3"
0.000609745709228893,0.384207700332236,0.918,0.876,1,"1","SRGN"
7.48246842263711e-09,0.382030962381703,0.795,0.716,0.000153128716269268,"1","ORMDL1"
0.00163627871014405,0.381616453957657,0.346,0.279,1,"1","EZH1"
2.0496123465108e-08,0.381504927790582,0.654,0.54,0.000419453166713435,"1","CCDC18-AS1"
0,0.380981841847972,0.97,0.929,0,"1","SRSF5"
0.00381645266979103,0.378869539497715,0.31,0.253,1,"1","LTBP4"
2.90483302434197e-06,0.378337824452378,0.648,0.589,0.0594474078431584,"1","CD5"
9.21141111316359e-05,0.378175448814721,0.567,0.497,1,"1","SLC2A4RG"
0,0.37817542155364,0.998,0.987,0,"1","RPL34"
8.21898682445976e-09,0.377954296120587,0.777,0.709,0.000168201565362569,"1","ABLIM1"
0.00240072028534066,0.377633078387375,0.408,0.353,1,"1","P4HTM"
1.48939375732571e-05,0.376930797070938,0.642,0.57,0.304804432436706,"1","MRFAP1"
0.00766532938629139,0.376750784631636,0.465,0.419,1,"1","MXD4"
0.00372030406704593,0.374755197982639,0.517,0.476,1,"1","HCFC1R1"
0.000620448406693397,0.374294030311067,0.563,0.516,1,"1","DPM3"
0.00037025464526752,0.373625417109853,0.423,0.34,1,"1","ZMYM5"
0,0.372931893471152,0.996,0.969,0,"1","S100A10"
0.00144727598722372,0.372602050524382,0.364,0.301,1,"1","FKBP15"
7.95497609904494e-05,0.372598742490644,0.594,0.525,1,"1","YIPF3"
0.00226215252389772,0.372356264043454,0.501,0.448,1,"1","KLHDC2"
2.44249065417534e-14,0.371809042396984,0.976,0.913,4.99855712376984e-10,"1","HCST"
5.9334949753076e-05,0.371790010466834,0.575,0.511,1,"1","GOLGA8B"
0.0032805691398865,0.371107230890132,0.384,0.329,1,"1","CCPG1"
0.000346016960705242,0.370094446729446,0.594,0.534,1,"1","S1PR1"
2.55795384873636e-13,0.369774419551991,0.879,0.813,5.23485255143896e-09,"1","KMT2E"
0.00556368776946492,0.369029099629093,0.441,0.4,1,"1","GGA2"
5.11990284473018e-05,0.368920967581938,0.586,0.529,1,"1","CRBN"
3.77261504258541e-08,0.368542840003321,0.928,0.904,0.000772065668465105,"1","NOSIP"
0.00204331121348544,0.367829767354219,0.37,0.308,1,"1","FAM3A"
0.00110725567235437,0.367777408700906,0.296,0.226,1,"1","TRMT10B"
0.000318937796039087,0.367188820717567,0.485,0.422,1,"1","PCF11"
0.00135083598249963,0.3666655498639,0.475,0.433,1,"1","SLU7"
0,0.366653920387008,0.96,0.935,0,"1","TRAF3IP3"
0.00214042751446053,0.365919449214998,0.384,0.327,1,"1","AUH"
3.61483509792038e-10,0.365581890141988,0.964,0.911,7.39776002789405e-06,"1","ITGB2"
7.7715611723761e-15,0.365005849586343,0.972,0.921,1.59044999392677e-10,"1","PCBP1"
0,0.364900010471398,0.998,0.975,0,"1","RPL39"
2.69049260219756e-05,0.362323790617847,0.632,0.567,0.55060931103973,"1","SERINC1"
0,0.362310305887605,0.998,0.982,0,"1","RPL35A"
0.000150724171981809,0.361933748698005,0.459,0.377,1,"1","CLK3"
0.000133796751468074,0.361467314996079,0.541,0.466,1,"1","GPR174"
2.80287570930682e-10,0.361292802776136,0.857,0.777,5.7360851390964e-06,"1","RSL24D1"
5.75686865689207e-06,0.36071074648324,0.895,0.864,0.117814317063296,"1","TRBC2"
7.98869425300275e-06,0.360349540515034,0.847,0.798,0.163488627887701,"1","TRAC"
1.13067333273875e-11,0.359557549501495,0.907,0.862,2.31392297544986e-07,"1","PRKCQ-AS1"
1.51900439107067e-05,0.359223661181046,0.527,0.452,0.310864248632612,"1","CYTH4"
0.000412144534897685,0.359127033655706,0.471,0.415,1,"1","SLC50A1"
1.72528658026749e-13,0.358486920319296,0.956,0.896,3.53079898651742e-09,"1","FKBP8"
0.000899433830566565,0.358374475000826,0.65,0.588,1,"1","ITM2A"
0.000614201206884823,0.358070687888777,0.485,0.415,1,"1","SPG7"
0,0.357364720933528,1,0.97,0,"1","RPL38"
0.000828974335518984,0.356660645526276,0.282,0.214,1,"1","ZNF84"
1.48648418241137e-07,0.356600788975696,0.775,0.673,0.00304208987930488,"1","R3HDM4"
0.000359712650517485,0.356082683861307,0.431,0.36,1,"1","PIK3CG"
2.58807864028654e-10,0.354988714913477,0.899,0.818,5.2965029373464e-06,"1","SNHG6"
0.00361906796260714,0.354170276897969,0.398,0.335,1,"1","TMEM263"
0.000253757087234963,0.353227355920308,0.527,0.463,1,"1","MRPS31"
0.00308728626836752,0.353099850901223,0.254,0.2,1,"1","MYLIP"
0.000284245869340172,0.352929570548819,0.378,0.293,1,"1","AL391056.1"
0,0.352598646111327,1,0.988,0,"1","RPS15A"
0.00323066574513864,0.352506279049636,0.455,0.407,1,"1","BIRC2"
3.41705632678213e-08,0.352075435860509,0.853,0.816,0.000699300577275963,"1","TAX1BP1"
2.22419923345818e-06,0.351588309150639,0.567,0.456,0.0455182373127216,"1","PRCP"
1.72835301626151e-10,0.350947217780672,0.918,0.846,3.53707444777918e-06,"1","VAMP2"
0.00169595095425912,0.350676801626,0.33,0.265,1,"1","CLUAP1"
0.0028446965957325,0.350445241717896,0.318,0.259,1,"1","ARAP1"
3.74659209056993e-05,0.350291529095999,0.68,0.626,0.766740071335137,"1","RNF187"
6.29549794517459e-08,0.349653100127391,0.751,0.667,0.00128837365447998,"1","UBE2R2"
0.000639076558307528,0.349508277987448,0.507,0.444,1,"1","GPR65"
7.41643912500756e-05,0.348701956560986,0.594,0.528,1,"1","BAZ2A"
0.00832130987164459,0.348618411170806,0.378,0.329,1,"1","CTDSP2"
0.00467576856359719,0.347806280606946,0.433,0.379,1,"1","MSL3"
0,0.347732908899641,1,0.996,0,"1","TMSB4X"
0.00789317465502193,0.346977415930619,0.252,0.2,1,"1","MZF1"
2.2704518456429e-06,0.34592483347994,0.753,0.675,0.0464647970210819,"1","FLOT1"
0.000562256029848163,0.345759573399169,0.511,0.434,1,"1","LINC00623"
9.16280384899437e-11,0.345373532689867,0.936,0.878,1.8751678076967e-06,"1","SEC61G"
4.33150050405118e-06,0.343486570517708,0.779,0.717,0.0886441578154074,"1","CD6"
0.000232385654263645,0.342994877758041,0.463,0.39,1,"1","TBC1D10A"
1.83507209428058e-10,0.342493724858612,0.869,0.802,3.7554750409452e-06,"1","N4BP2L2"
1.55431223447522e-15,0.342469596582899,0.996,0.981,3.18089998785354e-11,"1","UBC"
0.00197675322985158,0.341546119634269,0.429,0.367,1,"1","ELOF1"
1.00586206031039e-13,0.340815940010824,0.97,0.964,2.05849670642522e-09,"1","SEPTIN6"
1.00786046175472e-12,0.339567443050062,0.954,0.93,2.06258643498103e-08,"1","TMEM123"
2.5045745597474e-06,0.339262258776686,0.74,0.662,0.0512561183652305,"1","GPR171"
0.00210343751276865,0.338615369521403,0.61,0.554,1,"1","APPL1"
0.000388962180824182,0.337509643198374,0.268,0.197,1,"1","MBTD1"
0.00710589473190382,0.33486099311742,0.431,0.39,1,"1","NKAP"
9.61618360495464e-08,0.334704493001844,0.803,0.727,0.00196795197475397,"1","SYF2"
2.2308599412213e-11,0.334012767652014,0.93,0.871,4.56545486970938e-07,"1","ZYX"
0.00147723339441641,0.333816449039218,0.551,0.5,1,"1","MTIF3"
0.00231186539845241,0.333366370598681,0.318,0.251,1,"1","ZNF12"
5.17719200843203e-12,0.333022755746989,0.909,0.871,1.05951234452561e-07,"1","CD247"
0.00519737278367316,0.332833410767461,0.495,0.463,1,"1","NOA1"
6.37133746177465e-05,0.33273091004023,0.618,0.536,1,"1","PPCS"
0.00317684156957987,0.332286158740957,0.441,0.399,1,"1","PPIL4"
0.000487501964870019,0.332023864229488,0.463,0.394,1,"1","RIC1"
0.00865575733420587,0.331752724312104,0.312,0.254,1,"1","ARHGAP5"
1.30848908583836e-05,0.331072602995003,0.533,0.44,0.26778229141682,"1","PRKRIP1"
2.45382603125677e-10,0.330752432449835,0.911,0.851,5.02175497296697e-06,"1","DDX24"
0,0.330365787639426,0.996,0.989,0,"1","CD96"
7.26224068348102e-06,0.330078402556031,0.638,0.55,0.148621755587439,"1","ARHGAP9"
0.00142504715994063,0.329806522451643,0.292,0.229,1,"1","KCTD7"
3.21619234933124e-06,0.328608409680143,0.734,0.673,0.0658193764290638,"1","MLF2"
0.000377475199621058,0.328270290419446,0.686,0.653,1,"1","CARS"
0.00124608755778466,0.328022949530071,0.477,0.421,1,"1","CAMK2G"
0.00216047721425339,0.327647821632242,0.887,0.862,1,"1","CD69"
0,0.327453767657348,0.996,0.991,0,"1","EVL"
4.2077883399827e-09,0.326794803037286,0.899,0.828,8.61123883777459e-05,"1","CUTA"
0.00437133567626979,0.326771294907641,0.541,0.502,1,"1","CHMP7"
1.33226762955019e-15,0.32665123123238,0.94,0.902,2.72648570387446e-11,"1","ACAP1"
0.00093137627342843,0.326626282004747,0.302,0.24,1,"1","NBPF19"
4.73335552213516e-05,0.324272502175571,0.515,0.435,0.968681207604961,"1","SECISBP2L"
0.000497784094151132,0.323092272206188,0.515,0.444,1,"1","CDIPT"
0.00781038738489226,0.32289965815623,0.394,0.337,1,"1","AP5Z1"
0.00868561810272994,0.322631118634204,0.286,0.236,1,"1","LINC01891"
1.26187948978895e-12,0.322354477523277,0.952,0.903,2.58243637585309e-08,"1","EIF3E"
1.4210854715202e-14,0.322260001274962,0.968,0.9,2.90825141746609e-10,"1","NOP53"
9.79216707719388e-14,0.321430222986045,0.976,0.921,2.00396699234773e-09,"1","UQCRB"
0.0067670172553389,0.321098561620873,0.398,0.341,1,"1","ADPRHL2"
0.00562123013647287,0.320317923046794,0.314,0.255,1,"1","PTPN12"
0.000708897201489034,0.319873028011141,0.39,0.316,1,"1","LNPK"
0.00481816128959944,0.319853548470775,0.344,0.288,1,"1","BCL6"
0.00756547041120137,0.319135374699276,0.439,0.391,1,"1","NMRK1"
2.13932893800006e-06,0.317154558193049,0.789,0.717,0.0437813667161713,"1","PTDSS1"
0.00414753467050888,0.316122984441771,0.334,0.277,1,"1","ANKRD27"
6.81585898831827e-10,0.315895054754289,0.913,0.867,1.39486554195933e-05,"1","LEPROTL1"
0,0.315493304250719,1,0.983,0,"1","RPS28"
0.00498710637991251,0.314343914150723,0.435,0.376,1,"1","FMC1"
0.0080416742734557,0.312984546451792,0.416,0.368,1,"1","MRGBP"
5.90615887308132e-08,0.312938119906421,0.825,0.74,0.00120869541337609,"1","LAMTOR5"
2.22044604925031e-16,0.311991421435338,0.994,0.973,4.54414283979077e-12,"1","LAPTM5"
0,0.310975159134478,0.996,0.967,0,"1","PFDN5"
7.13087832782122e-06,0.310709124896355,0.656,0.55,0.145933424978861,"1","PIM2"
0,0.310158246768603,0.998,0.991,0,"1","RPL37"
5.88295506975811e-07,0.307941231426847,0.911,0.89,0.01203946755026,"1","IFITM2"
0.000516842360751557,0.307240269677779,0.561,0.5,1,"1","PTOV1"
1.76283603914307e-06,0.30629964000113,0.678,0.591,0.0360764395410629,"1","KDM4C"
1.29631989387313e-06,0.306118745125628,0.873,0.818,0.0265291866281137,"1","COX7A2L"
6.96586573534219e-07,0.305411749635043,0.688,0.601,0.0142556442273778,"1","ARAP2"
0.0078882993680669,0.305365838042168,0.561,0.518,1,"1","ATF4"
3.85637702715602e-05,0.305330542790236,0.388,0.299,0.78920755860748,"1","HECA"
0.000117386378957196,0.305057019715098,0.563,0.496,1,"1","ODF2L"
0.00157955498003015,0.304916365461533,0.543,0.488,1,"1","DDRGK1"
2.43766095087139e-07,0.30485008453371,0.833,0.778,0.0049886731359583,"1","DDX3X"
0.000730358001692633,0.304736751211005,0.408,0.337,1,"1","LINC01550"
0.006283572394578,0.304390656740744,0.553,0.518,1,"1","DHPS"
0,0.302560362260164,1,0.983,0,"1","RACK1"
0.00972320632375223,0.302208816035679,0.437,0.385,1,"1","EHMT2"
3.44378016814417e-06,0.301277427072096,0.805,0.741,0.0704769611410705,"1","RHOF"
2.91509725247607e-07,0.30100089538454,0.751,0.693,0.00596574652719228,"1","OGT"
0.000538969268689682,0.300200155574197,0.565,0.506,1,"1","VPS26B"
1.50422010403162e-08,0.299841690797941,0.918,0.858,0.00030783864429007,"1","MAP2K2"
0.0022547878474144,0.298179662460886,0.517,0.462,1,"1","THAP11"
0.00599226770871231,0.298142572312853,0.575,0.536,1,"1","TMEM183A"
6.25720050047018e-05,0.297652003529583,0.791,0.725,1,"1","LITAF"
0.00364875659959396,0.296931700460876,0.551,0.518,1,"1","CREBZF"
0.00524708713702648,0.296397551786975,0.529,0.494,1,"1","ANXA2R"
0.00655133425411125,0.296349263486002,0.398,0.341,1,"1","SIKE1"
0.00288151599096231,0.296231273123259,0.414,0.356,1,"1","GABPB1-IT1"
6.6888464100856e-08,0.296072667549922,0.928,0.9,0.00136887241782402,"1","RBL2"
0.000463028855876235,0.295371140195833,0.722,0.695,1,"1","DEGS1"
0,0.294743476795924,1,0.993,0,"1","RPL10"
3.37694227885432e-05,0.293927566264427,0.73,0.657,0.691091237367537,"1","TMC6"
0,0.293447459362878,0.998,0.984,0,"1","RPL36"
0.00468963122762411,0.293170101761553,0.513,0.461,1,"1","PDCD7"
0.00155128516042025,0.292901430445801,0.6,0.55,1,"1","TNFAIP3"
0.000371553668873092,0.292333518822079,0.608,0.55,1,"1","CAMLG"
0.000189096366809416,0.29174292751745,0.569,0.506,1,"1","KAT6B"
0.00930073441140178,0.290411321192271,0.529,0.485,1,"1","ECHS1"
9.45655888566765e-05,0.289768396852273,0.789,0.75,1,"1","ECH1"
0.00615866810062338,0.289696198924905,0.581,0.532,1,"1","EIF1B"
4.48053571118212e-05,0.289643749544533,0.718,0.657,0.916941633293421,"1","SIGIRR"
3.46433455922224e-07,0.288749564880141,0.825,0.776,0.00708976067544831,"1","ATM"
1.05459117927253e-06,0.28848520994652,0.811,0.75,0.0215822084838124,"1","ZNHIT1"
0.00535711739432099,0.28793281722403,0.487,0.441,1,"1","AFTPH"
0.00632384537857589,0.287711959377316,0.324,0.267,1,"1","SBNO2"
0.00010233329819842,0.287513434817088,0.626,0.566,1,"1","MOB3A"
3.50458287057265e-07,0.287160441973006,0.839,0.763,0.00717212884462692,"1","SH3BGRL"
2.82328009215682e-06,0.286060581750884,0.873,0.844,0.0577784270859893,"1","LINC01578"
5.11571567829439e-05,0.28594413755472,0.789,0.727,1,"1","DDX18"
0.000614762973833338,0.284662638366178,0.535,0.474,1,"1","ZKSCAN1"
4.76537254101572e-10,0.284637667033528,0.982,0.959,9.75233490518868e-06,"1","CD7"
0.00185995440409092,0.284213083680853,0.547,0.504,1,"1","CIR1"
0,0.283963294760236,1,0.981,0,"1","RPS14"
0.00476711852616574,0.283832512362352,0.416,0.364,1,"1","TPD52"
3.42721406809687e-11,0.282522018198852,0.966,0.945,7.01379359036025e-07,"1","STK17A"
0.00323777020131444,0.282268957696049,0.348,0.287,1,"1","POR"
0.00162220583920103,0.281696341444911,0.545,0.506,1,"1","IL17RA"
3.55879770097545e-10,0.280839984122032,0.974,0.931,7.28307949504625e-06,"1","SNHG29"
0,0.280772351451372,0.996,0.975,0,"1","CD3E"
0,0.280410921839052,0.996,0.974,0,"1","RPL9"
1.00772723499176e-11,0.279766398344492,0.986,0.931,2.06231378641064e-07,"1","EIF4B"
0.00939637029090701,0.279029679923889,0.326,0.273,1,"1","FBXO38"
2.45148299216069e-07,0.278643587259125,0.889,0.803,0.00501695994345686,"1","HLA-F"
0.000842442579143343,0.277194943215863,0.549,0.48,1,"1","LTA4H"
2.71758879843986e-07,0.276939539105178,0.815,0.764,0.00556154547600718,"1","MPHOSPH8"
6.86772599440832e-05,0.276108073440621,0.676,0.621,1,"1","PHF11"
0,0.275843607020599,0.998,0.999,0,"1","MALAT1"
4.76663153392565e-12,0.275428015768078,0.984,0.971,9.75491143417884e-08,"1","RPS11"
0,0.274178265842127,0.998,0.978,0,"1","RPL24"
3.0592622243919e-05,0.273909387793563,0.787,0.718,0.626078014221803,"1","JAK3"
0.00456322977091661,0.273668632991559,0.588,0.546,1,"1","SDCBP"
1.63339386127781e-05,0.273643077402368,0.783,0.741,0.334274053710504,"1","MAX"
0.000155530840434848,0.272527446695441,0.954,0.936,1,"1","IER2"
7.26534388206801e-11,0.269859168937326,0.97,0.931,1.48685262546522e-06,"1","SSR2"
0.00176393686625498,0.268532207568216,0.676,0.637,1,"1","SUSD3"
0.00075235752845515,0.268486063380092,0.569,0.497,1,"1","SNHG32"
0,0.268263517875734,0.996,0.963,0,"1","BTF3"
0.00494396822733512,0.26815019523627,0.584,0.538,1,"1","SARS"
0.00042927973966278,0.267910304564958,0.596,0.541,1,"1","UBE2H"
0,0.267820325240116,1,0.983,0,"1","RPS21"
0,0.267785684439804,1,0.985,0,"1","RPL18"
0.00522221580418059,0.267613227574275,0.612,0.584,1,"1","ICAM2"
0.000541849153832707,0.267343747156708,0.688,0.655,1,"1","ZNF638"
0.000154240022414376,0.266862499471085,0.551,0.486,1,"1","DCAF5"
0.00525413620023985,0.266444591154593,0.569,0.526,1,"1","ZNHIT3"
9.3833829595269e-12,0.266303139489821,0.98,0.947,1.92030932266718e-07,"1","TOMM7"
1.0097153135824e-07,0.266078527909792,0.853,0.811,0.00206638238924639,"1","ITGAL"
0.000275368214275984,0.264754998548507,0.861,0.864,1,"1","SPOCK2"
0,0.26188857448134,1,0.985,0,"1","RPL30"
4.69977468497973e-07,0.26186064950701,0.944,0.903,0.00961808889281102,"1","ANXA11"
9.21484862268507e-05,0.26185018973789,0.789,0.743,1,"1","STAT3"
1.61628547434844e-07,0.261616702056854,0.871,0.8,0.00330772822325409,"1","LUC7L3"
2.51732252820602e-08,0.25910713334074,0.962,0.935,0.000515170055397363,"1","CD2"
0,0.259057196182897,0.998,0.985,0,"1","RPS25"
2.6958435483948e-12,0.258685814856087,0.996,0.961,5.51704382178997e-08,"1","CD3D"
0.00984840263134457,0.255646840240547,0.437,0.379,1,"1","PPP2R2D"
1.20570868822334e-06,0.255552907164356,0.694,0.612,0.0246748283044906,"1","TRAF1"
0.000366112481159142,0.255466787833355,0.423,0.345,1,"1","MINDY2"
3.88730825306993e-10,0.254758362815928,0.934,0.888,7.95537633990762e-06,"1","EPB41"
6.27295992927657e-11,0.254581454589704,0.986,0.948,1.28376124952645e-06,"1","GPSM3"
0.000198256684305731,0.254014157755987,0.716,0.661,1,"1","YTHDC1"
0.000824619824548956,0.25398493887163,0.634,0.603,1,"1","EAPP"
0.00516714859669176,0.25340205926396,0.449,0.405,1,"1","TP53I13"
3.77475828372553e-15,0.25274507806516,0.998,0.979,7.7250428276443e-11,"1","EEF2"
0,0.251227655939601,0.998,0.988,0,"1","RPL26"
0.000604573020869692,0.251224106469108,0.722,0.674,1,"1","GRSF1"
0.00599124982163346,0.250963770502111,0.662,0.639,1,"1","TTC3"
1.33226762955019e-15,0.250262115121463,0.998,0.972,2.72648570387446e-11,"1","RAC2"
0,3.43479483008541,0.702,0.13,0,"2","HIST1H4F"
0,3.40385930613797,0.401,0.057,0,"2","HIST1H2AI"
0,3.2971653454561,0.923,0.124,0,"2","HIST1H3G"
0,3.10530197738453,0.919,0.229,0,"2","HIST1H2AL"
0,3.06309260051053,0.776,0.137,0,"2","HIST1H3C"
0,3.02035341614681,0.938,0.178,0,"2","HIST1H3B"
0,2.88271619607626,0.699,0.177,0,"2","HIST1H2BF"
0,2.74909934992995,0.518,0.115,0,"2","HIST2H2AB"
0,2.73356440545082,0.662,0.189,0,"2","HIST1H3H"
0,2.73151902821601,0.419,0.095,0,"2","HIST1H2AJ"
0,2.70067139704958,0.64,0.149,0,"2","HIST1H2BH"
0,2.64738913429656,0.419,0.109,0,"2","HIST1H4I"
0,2.56574658415573,0.276,0.071,0,"2","SKA1"
0,2.552594792807,0.956,0.371,0,"2","HIST1H3D"
0,2.53139559129989,0.371,0.086,0,"2","HIST1H2AB"
0,2.52718123854509,0.728,0.144,0,"2","HIST1H3F"
0,2.52202685956417,0.346,0.089,0,"2","HIST1H2BB"
0,2.52159028262689,0.467,0.14,0,"2","HIST1H4H"
0,2.47917077380291,0.346,0.09,0,"2","HIST2H2BF"
0,2.4175667668366,0.342,0.088,0,"2","E2F7"
0,2.41557158868238,0.871,0.302,0,"2","HIST1H2AG"
0,2.38782126505208,0.985,0.372,0,"2","HIST1H1B"
0,2.35562822542287,1,0.932,0,"2","HIST1H1E"
0,2.34307622629359,0.585,0.194,0,"2","HIST1H2AK"
0,2.32241702472325,0.5,0.168,0,"2","HIST1H2AE"
0,2.21846122432116,0.61,0.24,0,"2","HIST1H2BC"
0,2.02112119926618,0.331,0.096,0,"2","ENTPD1"
0,2.01787551703437,0.445,0.132,0,"2","HIST1H4D"
0,1.96858587016618,0.75,0.354,0,"2","AL138963.4"
0,1.9392199716846,0.29,0.098,0,"2","KIF23"
0,1.93603869730687,0.574,0.204,0,"2","HIST1H2AM"
0,1.91860190244067,0.581,0.298,0,"2","GSR"
0,1.9108978953615,0.357,0.123,0,"2","MELK"
0,1.89967300111159,0.54,0.139,0,"2","CDK1"
0,1.87389442889124,0.967,0.204,0,"2","RRM2"
0,1.82921381854831,0.349,0.158,0,"2","AC011603.2"
0,1.80866202399744,0.327,0.121,0,"2","HIST1H2BJ"
8.43769498715119e-15,1.80789552521039,0.309,0.144,1.72677427912049e-10,"2","HIST1H3I"
0,1.788769776135,0.504,0.135,0,"2","CCNA2"
0,1.78796782047509,0.526,0.166,0,"2","DTL"
0,1.77112190129452,0.441,0.132,0,"2","NCAPG"
0,1.76930262057808,0.298,0.11,0,"2","SHCBP1"
0,1.76468385497597,0.574,0.192,0,"2","CENPU"
0,1.75714848013797,0.419,0.143,0,"2","CDC45"
1.90958360235527e-14,1.73224992947946,0.32,0.156,3.90796284222006e-10,"2","AC006064.4"
0,1.71080563319313,0.386,0.121,0,"2","CCNB1"
0,1.70115748232181,0.298,0.102,0,"2","ANLN"
7.32747196252603e-15,1.69739178979894,0.397,0.232,1.49956713713095e-10,"2","LAS1L"
0,1.68965705765551,0.695,0.171,0,"2","HIST1H2AH"
3.29776206342558e-11,1.67655990763906,0.254,0.118,6.74887006280045e-07,"2","DSCC1"
0,1.67254472204378,0.526,0.211,0,"2","NDFIP2"
0,1.6608610244255,0.438,0.214,0,"2","HIST1H4E"
0,1.65769374243895,0.39,0.182,0,"2","RACGAP1"
1.3988810110277e-13,1.65615742157383,0.301,0.14,2.86280998906818e-09,"2","ORC6"
0,1.63471844799112,0.287,0.096,0,"2","CYP1B1"
0,1.63297552684965,0.294,0.112,0,"2","DEPDC1B"
0,1.63076951432524,0.386,0.177,0,"2","CENPN"
0,1.61888488904132,0.382,0.148,0,"2","CDC6"
0,1.60943350839022,0.382,0.116,0,"2","ESCO2"
5.84199355557757e-13,1.60285820675911,0.548,0.43,1.19556398114895e-08,"2","AC079793.1"
0,1.59036702873237,0.496,0.149,0,"2","DIAPH3"
0,1.57961413580282,0.401,0.13,0,"2","CDCA8"
0,1.57797040635111,0.456,0.149,0,"2","MYBL2"
0,1.57346069560495,0.338,0.128,0,"2","POLQ"
0,1.5678395559026,0.346,0.133,0,"2","NUF2"
0,1.55743045104654,0.452,0.217,0,"2","WDR76"
0,1.54641862812927,0.279,0.087,0,"2","CD40LG"
3.59978713504461e-12,1.54556374503856,0.283,0.135,7.36696437186879e-08,"2","ECT2"
0,1.54466328927485,0.309,0.121,0,"2","CDCA5"
0,1.53686525025158,0.548,0.251,0,"2","LIG1"
0,1.52831170271189,0.551,0.218,0,"2","NCAPG2"
2.24265050974282e-13,1.52165544132082,0.32,0.162,4.58958426818867e-09,"2","TAF9B"
0,1.51844958830731,0.471,0.131,0,"2","BIRC5"
1.99840144432528e-15,1.50586653460555,0.324,0.142,4.08972855581169e-11,"2","NCAPH"
0,1.50555495877034,0.989,0.458,0,"2","STMN1"
0,1.49228931893873,0.434,0.152,0,"2","KIFC1"
0,1.49168642480527,0.342,0.133,0,"2","MCM10"
3.81312315056448e-10,1.48643604176687,0.29,0.16,7.80355652763021e-06,"2","WEE1"
2.22044604925031e-16,1.484647139085,0.265,0.093,4.54414283979077e-12,"2","HJURP"
0,1.47700576476987,0.441,0.174,0,"2","KIF11"
0,1.47318351122903,0.456,0.182,0,"2","BRIP1"
4.31615603035951e-07,1.47008188904535,0.254,0.153,0.00883301331613073,"2","SRD5A3"
8.60467253005481e-12,1.46938374404657,0.261,0.119,1.76094623327572e-07,"2","STIL"
0,1.4578043777723,0.515,0.18,0,"2","KNL1"
0,1.45085748982745,0.305,0.11,0,"2","SPC25"
0,1.44919541674183,0.673,0.262,0,"2","MCM4"
1.11022302462516e-15,1.44873718096281,0.353,0.171,2.27207141989538e-11,"2","MB21D2"
0,1.4473848005211,0.559,0.22,0,"2","CENPP"
1.25475825285548e-08,1.44429692989384,0.294,0.172,0.000256786276446874,"2","SLC1A4"
1.7052692591335e-10,1.43859498728612,0.294,0.153,3.48983353881671e-06,"2","RAD51"
0,1.43678930550223,0.298,0.108,0,"2","CKAP2L"
1.05875267115696e-05,1.43602098614041,0.268,0.186,0.216673734152272,"2","FAH"
9.68114477473137e-14,1.43544143233619,0.349,0.175,1.98124627814877e-09,"2","TCF19"
0,1.42900647684806,0.463,0.185,0,"2","GINS2"
0,1.42509304438062,0.919,0.638,0,"2","TMPO"
0,1.4223902280339,0.467,0.245,0,"2","UBE2T"
0,1.4210859883459,0.61,0.338,0,"2","INPP4B"
0,1.41865209917838,0.746,0.26,0,"2","NUSAP1"
0,1.41863490339828,1,0.899,0,"2","HIST1H1D"
0,1.41532112059025,0.379,0.128,0,"2","PKMYT1"
0,1.41308954295635,0.75,0.431,0,"2","LMNB1"
0,1.40494710719361,0.36,0.149,0,"2","KCNQ5"
1.17533094368127e-10,1.40494039834721,0.309,0.164,2.40531477624373e-06,"2","CTNNAL1"
0,1.39161460753283,0.93,0.333,0,"2","TYMS"
2.78228551309212e-11,1.38258684074174,0.257,0.116,5.69394730254302e-07,"2","NEIL3"
9.74131886266605e-12,1.37977731562333,0.43,0.286,1.99356090524461e-07,"2","VIM-AS1"
0,1.36934722394309,0.515,0.134,0,"2","UBE2C"
1.48325796089921e-13,1.36800162926687,0.338,0.175,3.03548741698023e-09,"2","PBX3"
1.62765800837406e-10,1.36789337980595,0.25,0.116,3.3310021141375e-06,"2","CCNE2"
0,1.35905256965796,0.294,0.096,0,"2","CDC20"
0,1.35666250492883,0.415,0.166,0,"2","CDKN3"
0,1.35275132763034,0.357,0.12,0,"2","CDCA2"
0,1.35167478793625,0.537,0.35,0,"2","HAT1"
3.93816090848986e-11,1.34510074049097,0.294,0.153,8.0594462992245e-07,"2","RTTN"
3.54605234065275e-13,1.34188786200333,0.382,0.221,7.25699611514585e-09,"2","SPATA5"
7.74537043390922e-07,1.3297141127779,0.324,0.226,0.0158509005929952,"2","LIN52"
7.77540183349856e-08,1.30984823382309,0.357,0.251,0.00159123598522548,"2","PSAT1"
0,1.30734792881427,0.463,0.187,0,"2","UHRF1"
4.44089209850063e-16,1.30623758956655,0.32,0.135,9.08828567958153e-12,"2","RAD51AP1"
0,1.30477573735985,0.456,0.176,0,"2","PHLDA1"
0,1.29490513347782,0.349,0.126,0,"2","GTSE1"
2.29154473174731e-11,1.2924882040266,0.36,0.208,4.68964629352087e-07,"2","SCMH1"
5.5057647330159e-10,1.29032531242808,0.397,0.273,1.1267547526117e-05,"2","STYX"
2.61273230606207e-07,1.28534635098997,0.287,0.181,0.00534695666435603,"2","MAP3K20"
0,1.28406870989748,0.956,0.744,0,"2","HIST1H1C"
0,1.28008532567398,0.632,0.467,0,"2","EIF4EBP2"
0,1.28005480577536,0.555,0.351,0,"2","RBL1"
0,1.27744331931977,0.368,0.112,0,"2","DLGAP5"
2.88657986402541e-15,1.27466667138801,0.324,0.137,5.907385691728e-11,"2","CEP55"
0,1.27323545955146,0.5,0.245,0,"2","CENPM"
1.25819295515583e-06,1.26891344901029,0.287,0.185,0.0257489188272642,"2","CD83"
3.73479025483903e-12,1.26503888757752,0.375,0.215,7.64324825652807e-08,"2","POLA1"
7.59414968687366e-08,1.2579835955754,0.276,0.162,0.0015541427334187,"2","ARHGAP11A"
2.24265050974282e-14,1.25687146592248,0.537,0.387,4.58958426818867e-10,"2","AL133415.1"
2.20936691164297e-09,1.25473647831554,0.301,0.169,4.52146938467735e-05,"2","FANCD2"
2.24087415290342e-12,1.25364686935688,0.397,0.233,4.58594895391684e-08,"2","MMS22L"
1.23053989220523e-09,1.2496237891326,0.357,0.223,2.518299889398e-05,"2","HIST1H2BK"
5.93267022175326e-08,1.24955427925267,0.342,0.232,0.0012141209608818,"2","SOCS2"
0,1.2411271113771,0.474,0.253,0,"2","GMNN"
0,1.23333895216108,0.585,0.358,0,"2","TMEM106C"
4.44089209850063e-16,1.22480468454002,0.452,0.259,9.08828567958153e-12,"2","BARD1"
0,1.22353067745863,0.607,0.252,0,"2","FEN1"
1.06358853724231e-06,1.21345345106779,0.294,0.193,0.0217663394146639,"2","POLA2"
0,1.20692135450963,0.732,0.432,0,"2","ATP8B4"
0,1.20550835994969,0.493,0.195,0,"2","ZWINT"
0,1.20474266348934,0.669,0.417,0,"2","PHTF2"
1.65846038235884e-07,1.20069888832809,0.29,0.181,0.00339403917249737,"2","CDC7"
2.1117951831684e-10,1.1988158053421,0.419,0.284,4.32178884235412e-06,"2","CHP1"
0,1.19736743279023,0.757,0.369,0,"2","ATAD2"
1.92397724951832e-06,1.19635560961845,0.254,0.154,0.0393741944113923,"2","INCENP"
6.16125788166499e-08,1.18843805082678,0.36,0.25,0.00126090142548274,"2","LRR1"
6.63913590770449e-10,1.18395643101184,0.309,0.168,1.35869916351172e-05,"2","ZNF367"
1.29125377057449e-10,1.18047959360301,0.43,0.284,2.64255084148068e-06,"2","RFC4"
1.11621412557383e-07,1.17960367308558,0.324,0.209,0.00228433220798685,"2","HIRIP3"
4.63986501406666e-05,1.17783385209215,0.265,0.188,0.949548375128741,"2","TUBG1"
0,1.17782667053919,0.805,0.645,0,"2","STK24"
0,1.17314777475692,0.559,0.4,0,"2","PPP1R15A"
2.22044604925031e-16,1.17197903264514,0.522,0.34,4.54414283979077e-12,"2","PRIM2"
3.35318010469265e-07,1.17003130986506,0.268,0.16,0.00686228308425352,"2","CDKN2B-AS1"
0,1.16995653719312,0.603,0.38,0,"2","CDCA7"
0,1.16991472408131,0.596,0.454,0,"2","MRPL37"
0,1.1676318937035,0.846,0.454,0,"2","PCNA"
3.530509218308e-14,1.16695492825266,0.305,0.134,7.22518711526732e-10,"2","HMMR"
2.47682573117913e-07,1.16330267347864,0.371,0.27,0.0050688238588581,"2","MLH1"
6.1521249206109e-08,1.16287702054186,0.29,0.17,0.00125903236500302,"2","RFC3"
5.12575604183496e-08,1.16267121098161,0.393,0.299,0.00104898597396152,"2","TUBGCP3"
0,1.15488316595916,0.676,0.236,0,"2","TOP2A"
2.22044604925031e-16,1.15406580387423,0.312,0.126,4.54414283979077e-12,"2","CCNB2"
0,1.14672900765261,0.982,0.917,0,"2","MTRNR2L8"
8.83222162073594e-10,1.14223829688026,0.423,0.296,1.80751415468361e-05,"2","TMEM33"
1.23999330803315e-07,1.14164536799191,0.305,0.19,0.00253764630488984,"2","SMAD7"
6.40688904374187e-07,1.13914359180326,0.279,0.171,0.0131116984280177,"2","TIMELESS"
6.46704911844154e-12,1.13904089725634,0.382,0.217,1.32348160208906e-07,"2","IER3"
9.86025086024966e-08,1.13612920056139,0.397,0.302,0.00201790033855009,"2","FARSB"
0,1.13554015412283,0.654,0.377,0,"2","DHFR"
0.000214374903315218,1.13473882809389,0.265,0.193,1,"2","ZNF718"
1.74533720809222e-11,1.13288178860487,0.364,0.203,3.57183259636074e-07,"2","CENPW"
5.50512312624818e-07,1.13144273206106,0.257,0.15,0.0112662344778669,"2","SGO1"
0,1.13063780180275,0.662,0.336,0,"2","MCM5"
0,1.12891559801735,0.574,0.244,0,"2","TPX2"
3.43349704223783e-09,1.12806843177538,0.43,0.323,7.02665169693972e-05,"2","PRPS2"
0,1.12800691140178,0.489,0.176,0,"2","TK1"
0,1.12540215479526,0.996,0.993,0,"2","MTRNR2L12"
9.05275854279353e-13,1.12513845312212,0.301,0.135,1.8526470357827e-08,"2","KIF15"
1.79939847022581e-07,1.11943076965051,0.287,0.174,0.00368246896931712,"2","CDYL2"
2.3943560467643e-09,1.11719656989439,0.397,0.279,4.90004964970314e-05,"2","PCBP1-AS1"
1.17590670534184e-09,1.11693046008014,0.449,0.332,2.40649307248209e-05,"2","ATP13A3"
2.65996102921662e-08,1.11359362106848,0.327,0.202,0.000544361024629181,"2","DDX11"
0,1.10863908720736,0.779,0.503,0,"2","UBE2S"
2.65809596555755e-12,1.10767921455913,0.415,0.245,5.43979339351353e-08,"2","ATAD5"
1.14559473018971e-11,1.10682655560808,0.36,0.192,2.34445961533325e-07,"2","FBXO5"
8.3552519807295e-06,1.10187040122154,0.364,0.286,0.170990231785629,"2","CHPT1"
1.90171433489539e-07,1.09791746507543,0.324,0.214,0.00389185838636341,"2","SLC7A5"
3.98146722258019e-07,1.09594612644091,0.419,0.344,0.00814807267101036,"2","YWHAG"
0,1.0952517769131,0.658,0.436,0,"2","EZH2"
0.00286657779848043,1.09335954970807,0.257,0.209,1,"2","JPT2"
0,1.09182509409782,0.559,0.286,0,"2","FANCI"
0.000353500985726951,1.09121113636572,0.254,0.191,1,"2","TXNDC5"
9.68114477473137e-14,1.08695806184527,0.54,0.402,1.98124627814877e-09,"2","NUDT4"
0,1.08612193526354,0.669,0.435,0,"2","RRM1"
9.12712150302752e-09,1.08565289579049,0.338,0.204,0.000186786541559458,"2","WDHD1"
3.95830067847491e-05,1.08339872097641,0.283,0.198,0.810066233849891,"2","DONSON"
0,1.07974193879843,0.533,0.226,0,"2","CDT1"
5.7957836729905e-07,1.07910659498608,0.294,0.186,0.011861071286775,"2","KNTC1"
0,1.07883643098844,0.779,0.576,0,"2","SMC1A"
2.87779913010766e-07,1.07724411458509,0.298,0.185,0.00588941591976533,"2","CIP2A"
0,1.0736625086143,0.588,0.413,0,"2","MTHFD1"
1.63768998362457e-11,1.07166649293292,0.401,0.241,3.35153255148768e-07,"2","UNG"
1.77635683940025e-15,1.07059418840717,0.364,0.167,3.63531427183261e-11,"2","BRCA2"
8.90699134823425e-05,1.07016891985436,0.294,0.214,1,"2","RMI2"
0,1.06596946403873,0.772,0.269,0,"2","PCLAF"
9.0041268703267e-06,1.06376173297133,0.342,0.258,0.184269456401236,"2","PHGDH"
0.000111686017622681,1.06168971702045,0.287,0.215,1,"2","RNASEH2A"
1.55431223447522e-15,1.06131189012093,0.438,0.227,3.18089998785354e-11,"2","BRCA1"
0.000163346186377034,1.05649977252228,0.25,0.179,1,"2","ABI2"
0,1.05628651806871,1,0.846,0,"2","TUBB"
0.000429447991419751,1.054643102786,0.261,0.196,1,"2","OSGIN2"
2.10593609217824e-09,1.05120940487281,0.434,0.302,4.30979821264277e-05,"2","MSH6"
0,1.04948014846837,0.864,0.696,0,"2","ALYREF"
7.55256746032273e-10,1.04806250938502,0.408,0.266,1.54563293075505e-05,"2","CMSS1"
0,1.04097692495525,0.838,0.682,0,"2","PSMB2"
2.62878563361824e-09,1.03574854730153,0.353,0.223,5.37980979919972e-05,"2","LIN54"
3.96711641315051e-09,1.02981841002912,0.434,0.309,8.11870373951251e-05,"2","ACOT7"
5.94748377213961e-08,1.0293853552044,0.434,0.33,0.00121715255396837,"2","SNHG17"
0,1.02782560716776,0.875,0.357,0,"2","MKI67"
3.10862446895044e-15,1.02035546225385,0.327,0.137,6.36179997570707e-11,"2","FAM111B"
0,1.01729996721713,0.985,0.84,0,"2","H2AFZ"
1.0875744749228e-12,1.01685955355637,0.46,0.282,2.22572116292952e-08,"2","CKS1B"
2.39973096172186e-06,1.01276412358723,0.382,0.307,0.0491104941316378,"2","AL135905.2"
0,1.01232537821935,0.779,0.365,0,"2","MCM7"
1.77635683940025e-15,1.011589054903,0.551,0.354,3.63531427183261e-11,"2","MCM6"
8.95706260273244e-08,1.01092478201787,0.294,0.172,0.00183306286164919,"2","BUB1"
5.77673464619011e-11,1.01018774494218,0.496,0.366,1.18220874534281e-06,"2","RAB3GAP1"
2.33937466316281e-05,1.00981231955251,0.287,0.202,0.478753024816269,"2","TIPIN"
2.97539770599542e-14,1.00567601211943,0.607,0.497,6.08915140531963e-10,"2","TMEM30A"
4.72955008490317e-14,1.00089895901857,0.592,0.45,9.67902424875433e-10,"2","FAM111A"
0,1.00043785581793,0.746,0.604,0,"2","RPL22L1"
3.86152527731554e-08,1.0001206455612,0.449,0.355,0.000790261148002624,"2","ACTL6A"
2.22044604925031e-16,0.999092150251567,0.596,0.416,4.54414283979077e-12,"2","RNF144A"
2.43153031043164e-09,0.995930072769104,0.335,0.192,4.97612678029835e-05,"2","PRC1"
0,0.995246065059373,0.989,0.921,0,"2","HNRNPA3"
0,0.992494878946461,0.982,0.819,0,"2","MT2A"
7.78069904061596e-08,0.991486502352907,0.382,0.267,0.00159232005866206,"2","AHI1"
0,0.990932684504663,0.853,0.709,0,"2","CACYBP"
1.01147301179161e-06,0.988396482239251,0.371,0.266,0.0206997951863153,"2","SHMT1"
0,0.987338551354362,0.779,0.554,0,"2","SLBP"
3.17523785042795e-13,0.9854230047232,0.574,0.429,6.4981242609008e-09,"2","HIST1H2AC"
0.000247404027475584,0.984630780897023,0.349,0.289,1,"2","MAPK6"
0,0.983440344589523,0.46,0.18,0,"2","ASF1B"
8.01745787026853e-06,0.983422485669749,0.331,0.243,0.164077275315045,"2","SLC25A32"
7.13015700171127e-06,0.982497797006611,0.294,0.197,0.145918663040021,"2","EXT1"
2.11988648857186e-10,0.982161291447225,0.555,0.472,4.33834769886232e-06,"2","PPT1"
0.000319616603187578,0.979578042575273,0.254,0.182,1,"2","ADARB1"
2.28195982110435e-08,0.979556836899578,0.489,0.41,0.000467003077389005,"2","AAGAB"
0.000593572541413234,0.977744879413877,0.25,0.185,1,"2","TTL"
1.04094621811157e-09,0.977620586517624,0.438,0.3,2.13029643536533e-05,"2","MAD2L1"
1.63630209393251e-05,0.974344701897889,0.338,0.255,0.334869223523288,"2","SACS"
0.000420913897146713,0.972220627770366,0.272,0.205,1,"2","LRP8"
4.2188474935756e-15,0.969963234057161,0.57,0.378,8.63387139560245e-11,"2","HLA-DQB1"
0,0.965847664075454,0.812,0.707,0,"2","PRKCA"
2.90572899075414e-10,0.965830679500234,0.294,0.147,5.94657437957835e-06,"2","SLC35F3"
1.34058542045068e-10,0.957235612953371,0.562,0.501,2.74350806295232e-06,"2","KDM6A"
2.9905677934039e-10,0.956811077839874,0.529,0.433,6.12019698920108e-06,"2","RCC2"
8.8822282862111e-12,0.956379341148088,0.555,0.447,1.8177480187731e-07,"2","CNOT9"
7.68984875776368e-12,0.955749861281746,0.599,0.516,1.57372754827634e-07,"2","MTHFD2"
0.000124449583527531,0.955715342595988,0.335,0.27,1,"2","MMGT1"
4.65871785593208e-11,0.95427130922291,0.555,0.438,9.534066092165e-07,"2","CKAP5"
4.39340615749906e-05,0.951869095101436,0.316,0.236,0.899110570132182,"2","IL18R1"
8.88178419700125e-15,0.950855773089044,0.566,0.413,1.81765713591631e-10,"2","SSBP2"
3.06804581740039e-10,0.950095067354078,0.5,0.379,6.2787557653099e-06,"2","YEATS4"
0,0.948915651169459,0.868,0.701,0,"2","CAPG"
1.71613834254458e-11,0.948883197237803,0.629,0.543,3.51207711801749e-07,"2","GMPS"
5.09186077257695e-06,0.946754166610217,0.364,0.277,0.104204930710787,"2","ALMS1"
0.00449282114460736,0.944519450869769,0.279,0.239,1,"2","LRRC40"
8.74048255994353e-09,0.943310408468346,0.548,0.471,0.000178873975589244,"2","EIF2S1"
0,0.942583650274779,0.886,0.797,0,"2","GDI2"
0,0.941685961750098,0.64,0.421,0,"2","NSD2"
2.09860701261277e-07,0.94069454298063,0.449,0.366,0.00429479925131204,"2","ATG10"
0.00128166592434131,0.93911873292189,0.265,0.204,1,"2","MPP1"
0,0.938429676964224,0.592,0.371,0,"2","FABP5"
0.000886140405137237,0.933589815975236,0.327,0.275,1,"2","SPIN1"
5.78911576831764e-06,0.932469244223259,0.36,0.264,0.118474254198621,"2","RFC2"
5.37883738216394e-06,0.931948645481955,0.335,0.24,0.110077907025985,"2","ARHGAP19"
0,0.931606667443798,0.665,0.554,0,"2","CBFB"
2.36881625426122e-11,0.93159463494034,0.493,0.329,4.84778246434558e-07,"2","RBBP8"
0,0.931401872482196,0.952,0.731,0,"2","DUT"
0.00153700289444747,0.92992188823607,0.257,0.196,1,"2","CDK2"
0.0093478642788154,0.929734288659389,0.335,0.307,1,"2","CPB2-AS1"
2.10686565438323e-06,0.92865256591032,0.382,0.292,0.0431170056169528,"2","MTMR2"
4.6340709047854e-13,0.92765479834378,0.438,0.236,9.48362610664333e-09,"2","MCM2"
1.76303416310475e-12,0.926612027764711,0.548,0.416,3.60804941479387e-08,"2","PHACTR2"
1.08535846976565e-10,0.922609799456544,0.515,0.401,2.22118610837541e-06,"2","ACTR10"
0,0.92144977583537,0.691,0.519,0,"2","MDM2"
4.64140935843016e-05,0.919272341776192,0.294,0.212,0.949864425202732,"2","RFWD3"
1.30963462297018e-10,0.917533333404879,0.482,0.348,2.68016725590847e-06,"2","TMEM65"
0,0.917349858909868,0.724,0.631,0,"2","FAF1"
0.000138260044981076,0.917094543465097,0.294,0.222,1,"2","VAPB"
0,0.915083511740174,0.838,0.753,0,"2","SPCS2"
0,0.913215519933722,0.827,0.722,0,"2","MOB1A"
8.88178419700125e-16,0.912719152699466,0.467,0.269,1.81765713591631e-11,"2","MIR155HG"
0.000280762999650186,0.911533244061998,0.338,0.284,1,"2","CHAMP1"
0,0.908894795840664,0.496,0.157,0,"2","ASPM"
0,0.906360536941771,0.996,0.707,0,"2","TUBA1B"
1.65434332899395e-11,0.905573911648491,0.585,0.502,3.38561362278611e-07,"2","ELAVL1"
0,0.899501799724925,0.728,0.248,0,"2","CENPF"
0.000277261663515604,0.899444145187486,0.353,0.292,1,"2","FAM168B"
0.00149724451278144,0.898293752917891,0.312,0.263,1,"2","NDRG3"
0.00158459692647073,0.895998100237298,0.294,0.239,1,"2","CEBPG"
0.000883688790389581,0.89472270171027,0.265,0.201,1,"2","DROSHA"
0,0.892524681832163,0.996,0.961,0,"2","HSP90AB1"
0,0.891353234641557,0.79,0.632,0,"2","RANBP1"
4.6549219432368e-06,0.888592043445899,0.353,0.265,0.0952629775683411,"2","WRN"
4.48530101948563e-14,0.885797542639864,0.676,0.615,9.17916853637735e-10,"2","MAPK1IP1L"
0,0.87988704378321,0.676,0.462,0,"2","MCM3"
0.0028917894009628,0.87857410597304,0.298,0.252,1,"2","INTS14"
6.37391717184244e-09,0.877428815544069,0.529,0.421,0.000130442214921755,"2","TOPBP1"
2.51629285652477e-06,0.876899177958866,0.478,0.426,0.0514959333087794,"2","ZFX"
2.22044604925031e-16,0.876588044208112,0.706,0.613,4.54414283979077e-12,"2","HPRT1"
1.46673218115456e-05,0.875602127760853,0.463,0.427,0.300166740873281,"2","AZIN1"
0.000196419247740831,0.874325101642608,0.265,0.188,1,"2","CEP83"
1.95192277363532e-06,0.873752729821877,0.342,0.235,0.0399460995624468,"2","SESN3"
7.85679078907364e-07,0.872845601735656,0.408,0.314,0.0160789223498392,"2","SLC20A2"
0.000155771082815725,0.872064009838457,0.346,0.281,1,"2","ATL3"
2.79189754426312e-07,0.871719374325562,0.463,0.372,0.00571361832433448,"2","CSE1L"
0.00206717690955105,0.87003744823966,0.32,0.269,1,"2","TSR1"
4.44089209850063e-16,0.869703955065596,0.596,0.384,9.08828567958153e-12,"2","DNAJC9"
4.26505653017273e-09,0.869595380018737,0.312,0.172,8.72843818899849e-05,"2","CAR"
1.27198946930918e-08,0.869032506452631,0.305,0.17,0.000260312644894123,"2","LINC01572"
9.67935272155884e-07,0.866239340917256,0.485,0.425,0.0198087953446702,"2","PPP5C"
0.00112186940426584,0.865737124609671,0.283,0.216,1,"2","HMGB3"
0.000327728145379735,0.860921788264102,0.309,0.246,1,"2","ANAPC10"
6.94391655287063e-09,0.860084864581574,0.551,0.485,0.000142107252254497,"2","IPO7"
4.86244418260728e-05,0.858583627514675,0.357,0.284,0.995099201970581,"2","SOCS4"
2.98649993624167e-13,0.858240789939973,0.522,0.35,6.11187211951858e-09,"2","CKS2"
0,0.857554157462711,0.706,0.538,0,"2","NME1"
0.000704758239401748,0.857341740273004,0.327,0.265,1,"2","BACH1"
4.73147125390483e-06,0.856043273463094,0.379,0.278,0.0968295592111623,"2","CDCA4"
3.38484795747718e-11,0.854565729353591,0.607,0.523,6.92709134497704e-07,"2","ZDHHC20"
0,0.854211197080085,0.952,0.823,0,"2","BCL2"
1.4379608614945e-10,0.85400059483904,0.614,0.531,2.9427869030485e-06,"2","STIP1"
0,0.853727358026833,0.989,0.95,0,"2","YBX1"
0,0.85174385794624,0.86,0.693,0,"2","SIVA1"
0.000154039868106359,0.850354122339469,0.375,0.315,1,"2","MATR3.1"
3.86424225951032e-12,0.8495421015216,0.596,0.504,7.90817178408787e-08,"2","CDKAL1"
0,0.847147086892063,0.662,0.463,0,"2","CDKN2A"
4.27870080730308e-05,0.845648455738008,0.305,0.207,0.875636120214576,"2","CHEK1"
0.000126133033105935,0.843739546808737,0.368,0.307,1,"2","MAGOHB"
0.000431824662090463,0.842474943110288,0.379,0.327,1,"2","RALB"
6.68102083651867e-05,0.842317690297907,0.32,0.236,1,"2","BRI3BP"
0.000128741071566019,0.841838456042269,0.327,0.254,1,"2","FAM168A"
1.01011473185864e-07,0.841505743947957,0.438,0.33,0.0020671997987487,"2","PLPP1"
0.00685690815123352,0.841008086196673,0.346,0.326,1,"2","XPOT"
0,0.839807901318507,0.64,0.345,0,"2","H2AFX"
1.45647537141969e-06,0.839296206568843,0.482,0.431,0.0298067684761039,"2","MZT1"
2.69543024922214e-06,0.837825348218498,0.393,0.296,0.0551619800503311,"2","AHRR"
0,0.835945291009864,0.82,0.74,0,"2","C9orf78"
0.00120788635663249,0.834887801024875,0.338,0.285,1,"2","NUP155"
0,0.834593062624092,0.971,0.932,0,"2","SOS1"
0.000205359127118054,0.833975534836666,0.397,0.344,1,"2","PSMG1"
3.52794267133305e-08,0.833435240205846,0.544,0.468,0.000721993467688309,"2","TESC"
5.2966520058817e-12,0.833159375747625,0.621,0.513,1.08395983300369e-07,"2","PPP3R1"
1.10836208655485e-07,0.832957169948585,0.467,0.364,0.0022682630101345,"2","SCFD2"
2.40230058068391e-12,0.83133970469003,0.665,0.575,4.91630813836963e-08,"2","UFD1"
0,0.8308211299589,0.989,0.918,0,"2","HNRNPF"
1.03449020127933e-06,0.830322309425115,0.489,0.428,0.0211708419691814,"2","LSM12"
0.0039642821917949,0.829835448459791,0.29,0.242,1,"2","ZNF664"
0,0.829196414540442,0.82,0.67,0,"2","HTATSF1"
0,0.828046189879305,0.5,0.216,0,"2","CLSPN"
0.00218917224307114,0.827424323922443,0.276,0.219,1,"2","AARSD1"
0.000941354699405705,0.826240574672184,0.305,0.244,1,"2","CASP7"
0.000534197598439201,0.824408432438793,0.346,0.292,1,"2","UBR7"
1.3837819778928e-12,0.821557080062911,0.654,0.582,2.8319098177576e-08,"2","MAPK1"
6.42277286189152e-05,0.819923781597546,0.375,0.303,1,"2","DYNLL2"
9.55235890387485e-13,0.819205617282719,0.555,0.402,1.95489024967799e-08,"2","WWOX"
0,0.8173421950872,0.982,0.92,0,"2","RAN"
0.00202734521761805,0.816810846841049,0.283,0.224,1,"2","MTHFD1L"
7.94694499726134e-05,0.816375711589914,0.419,0.368,1,"2","TRAP1"
1.45716771982052e-11,0.8150463693055,0.599,0.5,2.98209373861269e-07,"2","SAE1"
0.00512248421935846,0.812856104956704,0.254,0.204,1,"2","BRAP"
0.00234319036650743,0.812749751987795,0.342,0.307,1,"2","TP53BP2"
5.99520433297585e-15,0.811595073442838,0.713,0.616,1.22691856674351e-10,"2","NUDT21"
3.67461838735039e-10,0.81073958710713,0.581,0.484,7.52010652971258e-06,"2","SRRT"
3.24731803891254e-07,0.810601770970763,0.537,0.48,0.00664563636663451,"2","PPIH"
0,0.809361528325559,0.684,0.565,0,"2","SIPA1L1"
0,0.809344110642457,0.949,0.833,0,"2","PRDX1"
7.44369160532443e-07,0.809113550888735,0.467,0.392,0.0152335148702964,"2","POLR3K"
2.50240411148184e-06,0.808869889834599,0.357,0.249,0.0512117001414758,"2","SAC3D1"
3.68682862017522e-12,0.808431047275272,0.669,0.572,7.54509477118859e-08,"2","TFDP1"
1.41066820331659e-05,0.806894481230966,0.404,0.329,0.28869324780874,"2","SMCO4"
8.24656969378168e-08,0.806028844347258,0.526,0.447,0.00168766048783242,"2","SS18"
4.77154705302851e-07,0.804940202761408,0.522,0.468,0.00976497104402285,"2","GNA13"
4.45642847068939e-08,0.803804533152654,0.544,0.485,0.000912008086526583,"2","BTBD1"
0,0.803746826919233,0.724,0.481,0,"2","TUBB4B"
2.1692812879337e-08,0.80338324909042,0.562,0.498,0.000443943415575632,"2","PDIA4"
0.000182989926885035,0.801758192979901,0.371,0.309,1,"2","TRIM44"
0,0.801741697623997,0.996,0.955,0,"2","RHOA"
0,0.800831531062468,0.904,0.821,0,"2","HSPD1"
2.32376322450989e-06,0.80009567715152,0.419,0.329,0.0475558143895949,"2","GRK3"
0,0.798479106919872,0.779,0.738,0,"2","UBA2"
4.74901431912755e-06,0.798438748963789,0.5,0.439,0.0971885780409454,"2","POLE3"
4.969342765615e-05,0.798196564618494,0.379,0.321,1,"2","HMGCS1"
0.000465201332964238,0.797627158947819,0.397,0.368,1,"2","PITPNA"
4.94752931956555e-08,0.796438061236036,0.588,0.574,0.00101251187524909,"2","TOR1AIP1"
0,0.796407929984816,0.904,0.796,0,"2","CDK6"
0.0013268573970735,0.793877637625339,0.335,0.278,1,"2","CTPS1"
0.000154214663090846,0.793519555173191,0.309,0.233,1,"2","KIAA1328"
2.66453525910038e-15,0.791518859483432,0.397,0.192,5.45297140774892e-11,"2","CENPE"
2.42931674776514e-10,0.79080149007177,0.526,0.377,4.97159672430136e-06,"2","NCAPD3"
4.81836792687318e-14,0.790541153209468,0.699,0.635,9.86078996234596e-10,"2","CAPRIN1"
1.01166157584487e-06,0.79008923499113,0.415,0.331,0.0207036541496652,"2","KPNA2"
2.3558266448731e-11,0.789096089500727,0.676,0.626,4.82119922873281e-07,"2","TCP1"
5.17533793598091e-09,0.78900947575518,0.599,0.586,0.000105913290859849,"2","HSPA4"
1.67252875993285e-08,0.788145279286006,0.522,0.417,0.000342283010720257,"2","SLC20A1"
7.75544526849803e-05,0.787612089452236,0.438,0.386,1,"2","DIS3"
0.00846536713911794,0.786746635259921,0.36,0.341,1,"2","BROX"
0.000150766887344389,0.784559581501662,0.386,0.322,1,"2","HYOU1"
0.00784276954549101,0.784553967213204,0.335,0.311,1,"2","PNPT1"
5.00647680994337e-05,0.783860784557345,0.283,0.19,1,"2","DOCK3"
4.01664674853919e-08,0.782094127855796,0.463,0.358,0.000822006757088545,"2","WARS"
0,0.780570645401817,0.963,0.718,0,"2","HMGB2"
1.38060976118126e-06,0.780350758573833,0.489,0.442,0.0282541787625745,"2","PTAR1"
1.59741219363241e-06,0.779995141662935,0.485,0.417,0.0326910405426872,"2","NAA50"
0,0.77907028500038,0.824,0.718,0,"2","CCT5"
0.00252098171534221,0.777765864341513,0.393,0.371,1,"2","LARP4"
0,0.777442033998236,0.724,0.433,0,"2","HELLS"
1.26091892482805e-09,0.776946983868488,0.577,0.51,2.5804705796606e-05,"2","NUP153"
2.66166821916158e-09,0.776891851845781,0.544,0.445,5.44710401051418e-05,"2","RNF4"
0,0.775293127008574,0.533,0.293,0,"2","CDKN1A"
0.00116933459146029,0.775168881980909,0.342,0.289,1,"2","SLC7A1"
0.000894329837662688,0.773703218606922,0.338,0.286,1,"2","HAUS2"
3.383893165676e-11,0.772289707499142,0.438,0.273,6.92513736355593e-07,"2","PTTG1"
0,0.77123234838866,0.989,0.914,0,"2","HMGN2"
3.33066907387547e-15,0.770805706230371,0.658,0.503,6.81621425968615e-11,"2","GPHN"
2.81570322613334e-10,0.770764078861072,0.562,0.47,5.76233665228187e-06,"2","DYRK1A"
6.35973718132732e-10,0.770358848574622,0.647,0.612,1.30152021415864e-05,"2","SHMT2"
2.87103674168065e-13,0.770117760534877,0.669,0.582,5.87557669184946e-09,"2","TGOLN2"
7.69784236354099e-12,0.769204972126313,0.618,0.499,1.57536343969866e-07,"2","CBX5"
0.000208322709591258,0.769202573268023,0.445,0.405,1,"2","CDK2AP1"
7.69639355502338e-05,0.767191993180697,0.43,0.384,1,"2","NSMCE4A"
1.51759270468066e-05,0.765965394146156,0.316,0.216,0.310575347012897,"2","WDR34"
0.00989222168674142,0.764552273448716,0.32,0.291,1,"2","PUDP"
0.000862831641526229,0.764358238896618,0.401,0.351,1,"2","ECI1"
0.000674876849250161,0.763876362271596,0.401,0.362,1,"2","FAR1"
8.06288369403774e-12,0.763597058365313,0.68,0.649,1.65006914798482e-07,"2","TRIP12"
0.00741027488271162,0.763593303666961,0.36,0.345,1,"2","LRRC59"
1.04539820355853e-07,0.759758775706241,0.574,0.521,0.00213940742358254,"2","AK2"
0.00226427738733093,0.75901257701431,0.301,0.251,1,"2","RYBP"
0,0.758706723542957,0.849,0.793,0,"2","TAB2"
5.4325720053594e-06,0.757300265588005,0.537,0.516,0.11117758608968,"2","PITPNB"
2.47823983556827e-11,0.757049470499921,0.636,0.556,5.07171782349047e-07,"2","PPP6R3"
0.00134011055964134,0.757034054253597,0.335,0.277,1,"2","ZC3H4"
3.34978337817038e-05,0.756157531226482,0.474,0.416,0.685533168342568,"2","NOLC1"
0.000143121340303587,0.755732255682805,0.419,0.374,1,"2","FGD5-AS1"
7.30367146761779e-07,0.755685351957678,0.529,0.48,0.0149469636584798,"2","STARD7"
7.38101357811161e-10,0.755368593794742,0.699,0.642,1.51052442876054e-05,"2","ACTN4"
0.00159128305821676,0.755129381376467,0.298,0.239,1,"2","LRRC8B"
2.20093228753271e-06,0.75500510759313,0.423,0.326,0.0450420792643569,"2","ZNF407"
2.21244174627433e-05,0.75464058546031,0.5,0.488,0.452776203375042,"2","FBXL5"
0.000162720961241147,0.753767727380815,0.415,0.362,1,"2","USP12"
2.51718051285099e-05,0.753581307495267,0.452,0.389,0.515140991954955,"2","VRK1"
9.3562252811985e-07,0.75298248186782,0.504,0.417,0.0191475150379727,"2","ACAT2"
7.37733829581089e-09,0.751910690560364,0.618,0.559,0.00015097722822377,"2","TNFSF12"
0,0.75062819733594,0.846,0.733,0,"2","DPP4"
2.40825119846022e-08,0.749908983889537,0.555,0.473,0.000492848607764884,"2","PAK1"
0,0.749567717118104,0.89,0.764,0,"2","PRKDC"
5.69971549566617e-05,0.747952919762915,0.452,0.405,1,"2","SHLD2"
0.000818498024987457,0.747860389250685,0.419,0.383,1,"2","FAM120B"
0.000607562856342225,0.747580957584299,0.357,0.309,1,"2","SIMC1"
0.00444525003014018,0.747122738273401,0.312,0.273,1,"2","ISG20L2"
3.63650425327933e-08,0.746331974066524,0.577,0.535,0.000744210595433614,"2","GARS"
0,0.746325917438683,0.875,0.802,0,"2","RAD21"
7.85464359687182e-06,0.745655602686615,0.504,0.473,0.160745281209982,"2","TMED5"
1.5299339573005e-10,0.745405365031042,0.643,0.58,3.13100984361547e-06,"2","LRPPRC"
3.15615359847143e-07,0.744408364421783,0.522,0.461,0.00645906833927179,"2","LARP4B"
0.00219948834134742,0.744011433499118,0.371,0.354,1,"2","ARMC1"
2.25614365236826e-05,0.743082337934508,0.404,0.336,0.461719798457164,"2","C18orf25"
0,0.741690839096043,0.831,0.686,0,"2","ANP32E"
0,0.741482851076904,0.816,0.627,0,"2","TNFSF10"
0.00571375355798298,0.741051497903638,0.309,0.26,1,"2","NBPF15"
0.00172607728758623,0.740392802382635,0.353,0.31,1,"2","ZNF83"
0,0.739600752401334,0.812,0.718,0,"2","RPS6KA5"
6.09524319905574e-09,0.739239215104045,0.607,0.553,0.000124739152068676,"2","PJA2"
2.6850836554182e-07,0.739169555832373,0.522,0.459,0.00549502370081334,"2","RANBP9"
0.00816292036658894,0.73735427979746,0.368,0.354,1,"2","RNF6"
1.54454227185852e-12,0.736391207797845,0.695,0.634,3.16090575935846e-08,"2","GSPT1"
0.00243957317182519,0.736033618045426,0.268,0.207,1,"2","SPATS2L"
2.05984347156907e-06,0.734880124669533,0.482,0.413,0.042154696645661,"2","ELK4"
2.74468459204869e-06,0.73406028916111,0.504,0.423,0.0561699701762763,"2","CDK4"
0.000774251794334546,0.733342215270208,0.393,0.348,1,"2","ANKRD28"
2.22044604925031e-16,0.732916331837963,0.75,0.652,4.54414283979077e-12,"2","XPO1"
8.64375238052162e-12,0.732848350414663,0.566,0.457,1.76894392467375e-07,"2","RAD51B"
7.32747196252603e-15,0.732836494035453,0.765,0.716,1.49956713713095e-10,"2","PRDX3"
0.00993019577771537,0.732130787742351,0.327,0.307,1,"2","ISOC2"
2.62151484964335e-08,0.731011785396721,0.592,0.528,0.000536493013979511,"2","DHX15"
0.00183995585948105,0.730645169139311,0.43,0.407,1,"2","NUP107"
3.40334427306743e-11,0.730204267120662,0.504,0.369,6.9649440548325e-07,"2","BTBD9"
1.43094647042652e-06,0.728069349437357,0.43,0.319,0.0292843195172787,"2","C19orf48"
0,0.727778517637417,0.805,0.76,0,"2","LUC7L2"
2.22044604925031e-16,0.727740903764432,0.757,0.63,4.54414283979077e-12,"2","YWHAH"
1.87361135495223e-08,0.727036601563129,0.577,0.483,0.000383434563790974,"2","TRAT1"
0,0.725039656872379,0.699,0.469,0,"2","SMC4"
0.0026700070733745,0.724898055643603,0.257,0.194,1,"2","CENPH"
1.12847953204209e-10,0.722953467417948,0.654,0.534,2.30943336232414e-06,"2","HDGFL3"
1.81870762894221e-09,0.721829450337808,0.614,0.564,3.72198516263023e-05,"2","HBS1L"
0,0.721457284947981,0.993,0.898,0,"2","CALR"
6.97606261512718e-06,0.721180258826734,0.533,0.491,0.142765121418578,"2","OXCT1"
1.79398310264922e-05,0.721035480846564,0.526,0.512,0.367138641957163,"2","ETNK1"
2.79239666944875e-08,0.720544151557735,0.574,0.528,0.000571463978402686,"2","TGFBR1"
3.11106695960461e-12,0.720426599263168,0.713,0.671,6.36679853283084e-08,"2","MAP4"
0.000172466776077407,0.720257968199243,0.5,0.494,1,"2","BTF3L4"
0.000588427091078314,0.719268018619716,0.324,0.26,1,"2","FBXL4"
0.000701724600335352,0.719250046520034,0.449,0.42,1,"2","SRSF6"
3.10107495238299e-12,0.719065636374287,0.754,0.725,6.34634989005178e-08,"2","HNRNPM"
2.45372622083018e-05,0.716953940627923,0.493,0.461,0.502155071092896,"2","TENT2"
2.69540586368411e-05,0.71623082277363,0.412,0.322,0.551614810002953,"2","DTYMK"
3.01807355307382e-06,0.715651571691301,0.478,0.414,0.0617648752636557,"2","SPTLC2"
1.91006543914796e-10,0.714933746706923,0.621,0.496,3.90894892121629e-06,"2","NUDT1"
0.00964248077895191,0.714099910310743,0.309,0.271,1,"2","YRDC"
8.16495249527094e-05,0.712821916354161,0.467,0.416,1,"2","VHL"
7.46134265483533e-11,0.712198925149116,0.621,0.542,1.52696377431205e-06,"2","LPP"
7.62054863656658e-10,0.711517711823482,0.61,0.49,1.55954527847335e-05,"2","USP1"
4.61316396638267e-07,0.711362171803885,0.548,0.472,0.00944084005720214,"2","CENPX"
1.6469732644353e-07,0.710591821993084,0.592,0.553,0.00337053078566685,"2","EPS15"
4.6946557752392e-10,0.709574089104469,0.654,0.573,9.60761304402702e-06,"2","TPGS2"
0.000316103572709059,0.706190658828647,0.382,0.314,1,"2","RAD51C"
0.000112791652479904,0.705191697977048,0.533,0.52,1,"2","ARCN1"
4.47817541315843e-06,0.704857868985146,0.511,0.46,0.0916458598302872,"2","PANK2"
0,0.703790356425953,0.846,0.759,0,"2","MLLT3"
4.55661767340132e-06,0.702493743989673,0.533,0.476,0.093251180686158,"2","TIPARP"
1.45567671472335e-06,0.701644719885801,0.342,0.228,0.0297904239668134,"2","GAB2"
4.5932146974792e-12,0.699700076058816,0.64,0.516,9.40001387839118e-08,"2","TUBA1C"
1.41008538179221e-10,0.69963891222888,0.699,0.67,2.88573973383777e-06,"2","DDHD1"
1.70856328618463e-06,0.699570244277816,0.415,0.318,0.0349657476517684,"2","MX1"
0.00171846090689387,0.696601092386309,0.386,0.358,1,"2","NCBP1"
0.00036430457486536,0.696185387088499,0.327,0.248,1,"2","POLD3"
1.99840144432528e-15,0.69534322598474,0.75,0.7,4.08972855581169e-11,"2","PDS5A"
0.00460565483092124,0.695133045462165,0.364,0.343,1,"2","METAP1"
2.22044604925031e-16,0.694541272768627,0.754,0.666,4.54414283979077e-12,"2","SNTB1"
0.00279987312646068,0.692786898397663,0.283,0.229,1,"2","POLD1"
0.000211673598114359,0.692704800063438,0.452,0.413,1,"2","PPIF"
1.33226762955019e-15,0.690393330681319,0.827,0.783,2.72648570387446e-11,"2","NDUFA6"
1.39455736958283e-07,0.68992885520729,0.581,0.534,0.00285396165685126,"2","SEC14L1"
0,0.689826533546222,0.956,0.876,0,"2","TALDO1"
0.00763707098773292,0.68965222645167,0.32,0.284,1,"2","TRIM37"
2.67884305849009e-08,0.687537541629678,0.607,0.528,0.000548225231919997,"2","PAICS"
2.21727791682724e-09,0.687408155179188,0.61,0.542,4.53765925678695e-05,"2","SPIDR"
0.00104061689677293,0.68637550119838,0.386,0.336,1,"2","INVS"
0.000593942583647644,0.686165120847178,0.43,0.42,1,"2","MRPL42"
0,0.685974864764,0.812,0.738,0,"2","ASCC3"
2.11524286752862e-06,0.683628636822465,0.426,0.329,0.0432884452839732,"2","HIVEP1"
4.2589386350933e-07,0.683031349100614,0.522,0.448,0.00871591791671844,"2","SKA2"
2.17526019419267e-09,0.682778889409708,0.676,0.633,4.45166998741531e-05,"2","SNRPA1"
4.92853496147916e-06,0.682221696160523,0.515,0.462,0.100862467986671,"2","NAMPT"
4.78703722732732e-05,0.681720376863652,0.471,0.419,0.979667168572536,"2","GNAQ"
1.18348768562981e-08,0.681636530987644,0.684,0.655,0.000242200754864141,"2","NUDC"
1.00068175967749e-10,0.681621754231484,0.688,0.62,2.04789522117999e-06,"2","PTPN11"
2.90293018512244e-08,0.681095781587527,0.625,0.587,0.000594084662385308,"2","EIF4G1"
4.60737871006422e-05,0.679950007592587,0.419,0.359,0.942900053014644,"2","ZNF267"
9.84846253417881e-05,0.678933558181428,0.5,0.483,1,"2","RBM22"
0.00042915316810066,0.678705726680251,0.368,0.308,1,"2","USP37"
6.19853110617186e-07,0.677935868017097,0.397,0.275,0.0126852939087807,"2","NDC80"
2.52593501670617e-11,0.677590193134504,0.555,0.416,5.16932601168918e-07,"2","AKT3"
1.15705618730644e-06,0.677089034614374,0.566,0.506,0.0236791548732262,"2","UQCC2"
0.00646766004057819,0.675247285299018,0.368,0.347,1,"2","NPTN"
0.000257803762193642,0.674685939135788,0.386,0.322,1,"2","GOLGA3"
1.28745708738442e-06,0.673594298580301,0.559,0.52,0.0263478092933223,"2","EIF4E"
3.96351002440731e-06,0.67273001269445,0.533,0.488,0.0811132326494957,"2","UBQLN1"
0,0.671791806916912,0.971,0.895,0,"2","TXN"
6.4321890105079e-05,0.671643444332744,0.522,0.486,1,"2","PSMD12"
1.61189755698565e-05,0.671498636586097,0.467,0.397,0.329874835037114,"2","SNRNP25"
0.00224095497990007,0.670956195531293,0.463,0.473,1,"2","ADIPOR1"
0,0.670077185198882,0.919,0.824,0,"2","CCND2"
3.57914456909914e-05,0.669928784833156,0.529,0.493,0.732471936066138,"2","EXOSC8"
3.43105176803249e-06,0.669651159081079,0.379,0.286,0.0702164744327849,"2","ATG16L1"
0.000337109591819429,0.669622101683346,0.449,0.406,1,"2","CERS6"
2.38776132199803e-09,0.668978079639813,0.665,0.616,4.88655354546896e-05,"2","FUBP1"
2.83942540790783e-06,0.668750685059286,0.529,0.479,0.0581088409728336,"2","STK39"
0,0.667082130827438,0.993,0.957,0,"2","NCL"
4.11101974684414e-09,0.665916565203216,0.651,0.609,8.41320191191652e-05,"2","SH3GLB1"
0,0.664625438938995,0.978,0.798,0,"2","STAT1"
3.8659340584335e-06,0.664089762455857,0.562,0.539,0.0791163405058415,"2","RAP1GDS1"
3.02424751907893e-13,0.663422223185649,0.812,0.758,6.18912254779502e-09,"2","VDAC3"
0.00263816459191912,0.662490626793235,0.276,0.215,1,"2","SKIL"
0.000652954312005738,0.662135065175792,0.408,0.365,1,"2","EXOC6"
0.000980880494864556,0.662105450371428,0.364,0.307,1,"2","NDUFAF6"
0.00349597893190889,0.662060830319508,0.29,0.235,1,"2","STX18"
0,0.661756040383003,0.923,0.862,0,"2","MT-ND6"
0.00189300499616829,0.661432668474788,0.301,0.245,1,"2","CEP295"
4.21312551490693e-05,0.660771325027156,0.456,0.389,0.862216136625704,"2","DCTPP1"
8.65973959207622e-15,0.66059062791153,0.688,0.516,1.7722157075184e-10,"2","ADAM19"
2.12978347216009e-05,0.659163252118509,0.562,0.566,0.435860187577561,"2","API5"
1.09476652601082e-05,0.659015749340487,0.496,0.441,0.224043969548113,"2","MRPL12"
1.51109432744434e-06,0.657933799176956,0.544,0.503,0.0309245454111484,"2","GATAD2B"
0,0.657705011295563,0.842,0.76,0,"2","HSPE1"
1.62025948213795e-12,0.657209391020171,0.779,0.703,3.31586103019532e-08,"2","GLO1"
3.79646643899889e-07,0.657056382959544,0.529,0.442,0.00776946856741123,"2","DLEU2"
0.00241537390315072,0.656924831051054,0.305,0.242,1,"2","CHAF1A"
2.44846148129696e-05,0.656090147922578,0.522,0.467,0.501077642147423,"2","IPO5"
7.30526750203353e-14,0.655938113969581,0.783,0.759,1.49502299429116e-09,"2","G3BP2"
0,0.655282439413637,0.963,0.899,0,"2","PTGES3"
3.18062998161395e-09,0.654209219379017,0.684,0.626,6.50915925737294e-05,"2","PPP1R14B"
2.22044604925031e-16,0.652890922463632,0.831,0.781,4.54414283979077e-12,"2","DNAJA1"
6.88883460986389e-05,0.651734787056257,0.463,0.418,1,"2","POC1B"
0.00167092584258399,0.651665310499916,0.401,0.359,1,"2","MSH2"
0.00214786144112256,0.651382958217481,0.331,0.274,1,"2","EXOC6B"
2.21422435942031e-10,0.650829267588545,0.676,0.58,4.53141015155367e-06,"2","RPA3"
4.90754822779493e-06,0.650290720956211,0.581,0.565,0.100432974481823,"2","POLR2K"
0.000531536039949376,0.650229963405185,0.526,0.538,1,"2","ARF4"
0.00100129939334614,0.650116580811049,0.46,0.448,1,"2","VIRMA"
4.44089209850063e-16,0.650035507647572,0.801,0.716,9.08828567958153e-12,"2","SNRPD1"
0.000283627726449298,0.648869920630512,0.419,0.373,1,"2","UHRF1BP1L"
1.54276591501912e-11,0.647868750336884,0.735,0.696,3.15727044508662e-07,"2","ATP5MC1"
6.74016098933805e-07,0.647606135769822,0.533,0.455,0.0137937394646803,"2","KAT2B"
0.000182644171119684,0.647374862744089,0.504,0.498,1,"2","ICE1"
3.33066907387547e-15,0.646788200476305,0.812,0.77,6.81621425968615e-11,"2","SRSF4"
0.00250517424582375,0.646707338071624,0.412,0.375,1,"2","MCMBP"
0.00631666710463752,0.645125978618968,0.301,0.25,1,"2","ARHGEF12"
6.2254645882831e-12,0.644239079465067,0.673,0.585,1.27404132799214e-07,"2","ARID2"
3.49696741912542e-05,0.643429083420937,0.467,0.404,0.715654382324017,"2","TOMM40"
0.00337126354896444,0.64321121387334,0.404,0.375,1,"2","UBAP1"
0.00487342263132828,0.642301868117744,0.426,0.407,1,"2","SMIM10L1"
3.2529756666122e-11,0.64191056274046,0.746,0.767,6.65721470172187e-07,"2","PPP1CC"
0.000639954159596501,0.641154938536066,0.456,0.437,1,"2","TNPO1"
0,0.640837863671533,0.993,0.932,0,"2","HIST1H4C"
0.00150067767753637,0.640128124810162,0.368,0.33,1,"2","MFSD14C"
2.46786303983448e-05,0.639828305642832,0.493,0.444,0.505048171102127,"2","ARL8B"
8.53332885693003e-05,0.639749878507553,0.349,0.269,1,"2","RUNX2"
1.90942817113182e-11,0.639711760351054,0.713,0.608,3.90764475222127e-07,"2","DDX39A"
0.00317372145209571,0.638889514483714,0.445,0.448,1,"2","ETF1"
0.00271530354385718,0.638414043896755,0.474,0.496,1,"2","GATAD2A"
0,0.637685318933002,1,0.99,0,"2","RPLP0"
3.37295347208055e-09,0.636268386862828,0.629,0.602,6.90274928061285e-05,"2","ZFAND3"
0.00168142485683598,0.636060725589932,0.401,0.356,1,"2","ZNF708"
0.000333744822267334,0.635635620539581,0.467,0.443,1,"2","SLC25A24"
0.00497819545502232,0.633857369593458,0.254,0.199,1,"2","SLC10A7"
0.00852718909781935,0.63334393089955,0.29,0.241,1,"2","MZB1"
5.96057918578197e-08,0.632484113409078,0.662,0.626,0.00121983253037028,"2","SPPL2A"
3.78808096002103e-13,0.632145680605676,0.739,0.665,7.75230768468305e-09,"2","PRKX"
0.000499670029173283,0.630701928335812,0.493,0.49,1,"2","CASP3"
2.08569881690046e-05,0.629377339840104,0.456,0.383,0.426838262878679,"2","VWA8"
0.0029080754796329,0.629331456989,0.393,0.364,1,"2","RCOR3"
0.000400441129800866,0.628391392112873,0.397,0.345,1,"2","KLHL2"
0,0.628198712057763,0.908,0.814,0,"2","HSPA5"
5.8524609580779e-07,0.627744300550981,0.386,0.257,0.0119770613507064,"2","KRT7"
0.000143689449462414,0.627364783248627,0.537,0.542,1,"2","PSMD14"
5.6399329650958e-12,0.625710061115405,0.75,0.655,1.15421228130685e-07,"2","CARHSP1"
0.00634358253930833,0.625186706400842,0.298,0.248,1,"2","HIST1H2BN"
0.00265441447829584,0.62506557085543,0.279,0.223,1,"2","ST3GAL3"
1.36891886715063e-08,0.624797562745117,0.658,0.631,0.000280149246162376,"2","CTBP1"
3.50499851364816e-10,0.623870599831234,0.739,0.709,7.17297945818096e-06,"2","CALCOCO2"
0.000615975734047813,0.62370194237058,0.401,0.352,1,"2","TERF2"
0.000634952170021075,0.623462938685431,0.426,0.395,1,"2","THADA"
4.04121180963557e-14,0.620673682851705,0.846,0.789,8.27033996841919e-10,"2","H2AFY"
9.92430582158477e-11,0.619882412600604,0.739,0.644,2.03100918638732e-06,"2","COX17"
1.00741637254487e-11,0.619774336990617,0.735,0.707,2.06167760641307e-07,"2","RAB8B"
0.000142438470809303,0.619335858906393,0.522,0.495,1,"2","AHCY"
3.15174446319233e-07,0.619015694977303,0.566,0.508,0.0064500450439231,"2","PDS5B"
1.03852815236394e-09,0.618704464410189,0.743,0.769,2.1253478638128e-05,"2","VAPA"
6.2297838248071e-06,0.617597758636109,0.574,0.543,0.127492525974677,"2","BOLA3"
2.75128086757448e-07,0.616918806845256,0.621,0.59,0.00563049629549117,"2","PSMD1"
1.62444724338684e-10,0.616610304175691,0.61,0.498,3.32443128359117e-06,"2","NFKBIZ"
1.48814783496043e-06,0.616564556110379,0.614,0.597,0.0304549454424652,"2","RAB8A"
0.00799696720050536,0.614147066686509,0.368,0.34,1,"2","C2CD5"
0.00469311535831052,0.613755567032287,0.357,0.321,1,"2","SENP1"
1.82476994339265e-05,0.613159114404952,0.599,0.596,0.373439168915305,"2","TM9SF2"
1.65844622923572e-07,0.612160104265802,0.662,0.678,0.0033940102081309,"2","CGGBP1"
0.00869537679466115,0.611761052157457,0.39,0.377,1,"2","ACTR1A"
0,0.611239906624375,0.934,0.895,0,"2","KHDRBS1"
5.93793255032615e-06,0.610616478169119,0.404,0.289,0.121519789642425,"2","KIF20B"
0.00538965393036506,0.610450550252802,0.423,0.413,1,"2","MTHFS"
0.0055952649972173,0.610387258702861,0.309,0.264,1,"2","ANAPC1"
0.000300034485319456,0.610224204924606,0.555,0.557,1,"2","SNRNP40"
0.00169129617530994,0.610193099688583,0.43,0.398,1,"2","AGPS"
0.00219887675781871,0.608287992557662,0.463,0.451,1,"2","EEF1E1"
0.00967507469721052,0.60796912875238,0.426,0.436,1,"2","SEC22B"
0.00137597868956396,0.607899489260677,0.482,0.48,1,"2","KLHL5"
3.95527167318388e-05,0.605805841792997,0.548,0.518,0.809446347917081,"2","CMC2"
5.623296717161e-08,0.604630758869622,0.46,0.341,0.001150807673167,"2","ANTXR2"
1.1793140464178e-08,0.604533114560066,0.717,0.698,0.000241346619599403,"2","RBBP7"
0.00194827775912954,0.60368697281437,0.397,0.363,1,"2","NRAS"
8.5989755871374e-07,0.603011474487113,0.603,0.566,0.0175978035390767,"2","CSGALNACT2"
7.46120450958454e-05,0.602686207713858,0.522,0.502,1,"2","PGD"
0.00173747383964296,0.602499059293285,0.449,0.431,1,"2","WDR7"
3.35732595830862e-05,0.602304374335483,0.581,0.576,0.687076757367859,"2","THYN1"
0.000466957576295002,0.602081583128623,0.482,0.441,1,"2","HSPH1"
4.08367381554697e-06,0.600442175594057,0.537,0.483,0.0835723846351688,"2","CHMP4B"
0.000105330417246696,0.60039929754101,0.507,0.481,1,"2","SLC16A7"
0.000123381178529502,0.60039477441896,0.548,0.523,1,"2","SF3A3"
1.17150733558447e-12,0.598871722550075,0.831,0.811,2.39748976227361e-08,"2","SELENOW"
0.00196456623995012,0.598705794503929,0.434,0.407,1,"2","NOP14"
0,0.59720376465051,0.989,0.959,0,"2","ACTR3"
2.90670148395122e-07,0.595432850799116,0.533,0.46,0.00594856458690618,"2","FOXJ3"
0.000935907238638123,0.593356881910989,0.415,0.365,1,"2","BTG3"
0.000315467727850294,0.5931197866483,0.511,0.516,1,"2","CHCHD3"
3.19957393912773e-11,0.592230578315791,0.801,0.757,6.5479280664249e-07,"2","RBBP4"
8.71144063552265e-08,0.591498798914128,0.614,0.543,0.00178279632605971,"2","EIF4A3"
0.00696773517514071,0.591433560502218,0.342,0.305,1,"2","ZNF791"
0.000666992674722922,0.591337433308964,0.511,0.508,1,"2","ACADM"
0.00993213895244982,0.591198543180913,0.349,0.319,1,"2","ORC3"
2.71608832025372e-06,0.590885667529817,0.566,0.527,0.0555847474739923,"2","PCNX1"
1.45006601341979e-05,0.590864102621348,0.522,0.475,0.296756009646361,"2","LMBR1"
2.66117500387075e-05,0.590432961948194,0.548,0.525,0.54460946454215,"2","SLC39A8"
0.000192655281652909,0.5902265568636,0.474,0.44,1,"2","DTX3L"
1.53414838921506e-06,0.589814315139212,0.603,0.595,0.0313963467852862,"2","SUCLG2"
1.19214388156763e-05,0.588976857142177,0.581,0.546,0.243972245362816,"2","RHEB"
3.85691478754779e-13,0.588782096575597,0.713,0.584,7.89317611271656e-09,"2","SAMSN1"
4.01869906463403e-07,0.588231515945346,0.629,0.595,0.00822426763577355,"2","TXNRD1"
2.06412664738309e-12,0.587961058446297,0.824,0.803,4.2242351838695e-08,"2","GLS"
0.00161224554634898,0.587711437524924,0.338,0.282,1,"2","ADAM17"
0,0.587429930282555,0.996,0.989,0,"2","LCP1"
0.00394577624825043,0.58696620879735,0.423,0.407,1,"2","ECD"
7.61593686338102e-07,0.586365128166595,0.61,0.59,0.0155860147909093,"2","TRPM7"
4.0749402164364e-05,0.584839810947543,0.61,0.585,0.833936515293708,"2","PSMC3"
0.000114864233796697,0.584728458730845,0.349,0.263,1,"2","CCDC18"
4.31952073665087e-07,0.582456271085446,0.548,0.503,0.00883989918755601,"2","MSI2"
1.23011532515704e-07,0.582249603302558,0.658,0.586,0.00251743101293389,"2","SSRP1"
0,0.582232593022171,1,0.984,0,"2","HNRNPA2B1"
9.97743041075694e-07,0.581861901161638,0.665,0.688,0.0204188113356141,"2","STT3B"
2.47180054202545e-11,0.581570384378719,0.794,0.755,5.05853980925508e-07,"2","BCLAF1"
8.95281626611677e-11,0.58103788413491,0.728,0.627,1.8321938488608e-06,"2","DNMT1"
0,0.580045694355628,0.982,0.948,0,"2","SET"
1.27907682223594e-08,0.579216659292649,0.607,0.552,0.000261763071670584,"2","FBXW7"
0.000787922240437222,0.578491702499582,0.515,0.516,1,"2","PHF5A"
1.06672756297055e-05,0.57732324867655,0.592,0.548,0.218305795761923,"2","HDGF"
0.000531271187161231,0.577250442415287,0.46,0.417,1,"2","MYO5A"
0.00760059424893411,0.576138333801966,0.346,0.303,1,"2","ARHGAP10"
1.64412694059202e-06,0.575982364787609,0.588,0.54,0.0336470578392156,"2","SAFB"
8.66051985681793e-09,0.575888200412226,0.754,0.72,0.000177237538869779,"2","PSMA3"
0.0004224669490005,0.575615911460908,0.412,0.358,1,"2","SLC5A3"
2.89703283584686e-09,0.575605639574866,0.699,0.633,5.9287776985606e-05,"2","DHX9"
0.0012185144784671,0.574477453330529,0.504,0.48,1,"2","SMS"
0.000189267454817621,0.573030997677678,0.474,0.431,1,"2","FNIP1"
6.41752032493059e-06,0.572742052682111,0.574,0.519,0.131334553449705,"2","ARL6IP6"
5.68431455238994e-07,0.571589981714846,0.518,0.413,0.011632949731466,"2","NCAPD2"
0.00034430886204051,0.571168946116612,0.441,0.394,1,"2","LCOR"
0.00990314945196658,0.570497376290159,0.449,0.466,1,"2","PPP2R2A"
1.3230531572539e-06,0.569948433295761,0.607,0.569,0.027076282863201,"2","ATF7IP"
0.00631329696896388,0.56880272290966,0.456,0.453,1,"2","VPS26A"
0.00781939350409377,0.568261446656926,0.382,0.356,1,"2","SLC30A7"
0,0.568179135578626,0.967,0.944,0,"2","HNRNPDL"
0.00312275982904775,0.568036047822869,0.39,0.352,1,"2","UBE2W"
0.00645777205076281,0.567908133060826,0.482,0.501,1,"2","PPID"
0,0.566305572081578,0.989,0.942,0,"2","HNRNPU"
6.66133814775094e-16,0.56530414873622,0.853,0.849,1.36324285193723e-11,"2","CANX"
1.30174129253646e-08,0.565159944780201,0.754,0.714,0.000266401355517587,"2","TOMM5"
1.52398094144246e-11,0.564333089444431,0.772,0.768,3.11882699666199e-07,"2","PTBP3"
2.04325783308423e-05,0.564014565669452,0.654,0.677,0.418152715540688,"2","PCNP"
1.72972747236599e-13,0.5638537114109,0.779,0.712,3.53988727219701e-09,"2","RB1"
0.00620592463803593,0.563642742238293,0.331,0.281,1,"2","AL645568.1"
0.0044631947308349,0.563340690863704,0.504,0.508,1,"2","TAF9"
0,0.56332117202294,0.886,0.567,0,"2","LINC02446"
2.22044604925031e-15,0.562078228995794,0.882,0.84,4.54414283979077e-11,"2","PSMA2"
3.43411106362712e-05,0.561712889596136,0.581,0.584,0.70279082917129,"2","UBE2V2"
0.00984753084073287,0.560352612305932,0.279,0.227,1,"2","SLC35D1"
4.41477873147633e-07,0.559990247235792,0.621,0.623,0.00903484467396631,"2","SP3"
8.56086891953822e-06,0.55950334926992,0.629,0.623,0.17519818243835,"2","PPP1CB"
0.000259829061545425,0.559133041823199,0.544,0.528,1,"2","SUPT4H1"
0,0.558595324416823,0.963,0.911,0,"2","SFPQ"
2.46365750022903e-09,0.55785644039492,0.71,0.648,5.04187507421872e-05,"2","CENPK"
4.48619426052232e-08,0.557725507299537,0.695,0.686,0.000918099655415894,"2","LSM6"
2.94578583748262e-10,0.557673914933337,0.588,0.491,6.02855071640818e-06,"2","OSBPL3"
0,0.557450444728672,1,0.991,0,"2","CD74"
0.00148247269988744,0.557447231097135,0.544,0.566,1,"2","ME2"
0.00233019525335898,0.557343306502955,0.456,0.45,1,"2","DLST"
0.00183743446892226,0.557256713282211,0.46,0.442,1,"2","USP22"
1.31114102419616e-06,0.556872360901331,0.57,0.534,0.0268325010601744,"2","NSMCE2"
3.55437901333744e-08,0.556269057931904,0.625,0.569,0.000727403665079507,"2","VTI1A"
6.1443294896435e-11,0.556168940618973,0.827,0.812,1.25743703005554e-06,"2","PSMD8"
0.00643829869316481,0.55562918027219,0.408,0.383,1,"2","RNF168"
0.00450095950887408,0.555499338348698,0.46,0.47,1,"2","SMG7"
4.00357524910078e-11,0.555324763633289,0.673,0.608,8.19331674728474e-07,"2","PPP3CA"
0.0058974928676736,0.55528159940396,0.522,0.55,1,"2","ATG3"
7.1621851398529e-06,0.553360482509124,0.452,0.376,0.14657411888709,"2","GRAMD1B"
9.13757958187489e-12,0.553077531148853,0.724,0.655,1.8700056614307e-07,"2","STAG1"
1.52803214525932e-09,0.552649178989272,0.71,0.653,3.12711778527319e-05,"2","SRM"
1.52698838018495e-08,0.551243200840352,0.515,0.35,0.000312498172004849,"2","SMC2"
1.79761786611721e-06,0.550921301261936,0.607,0.591,0.0367882496300886,"2","TRAF3"
0.000166919721411585,0.550216509006404,0.504,0.472,1,"2","MAP2K4"
2.49552423170485e-09,0.549678555685921,0.688,0.66,5.10709034018397e-05,"2","PCGF5"
1.13360521714068e-05,0.549359881890854,0.588,0.579,0.231992307687839,"2","RAB6A"
5.20990278627398e-05,0.548029058147035,0.603,0.606,1,"2","IAH1"
2.62293863961816e-07,0.547671508937315,0.717,0.731,0.00536784392597855,"2","ERO1A"
3.55695850551285e-09,0.547665573928036,0.805,0.76,7.27931558153205e-05,"2","CCT6A"
1.99190253091786e-06,0.547125245073446,0.676,0.668,0.0407642852952339,"2","CLNS1A"
1.55402135604277e-10,0.546771340604754,0.548,0.406,3.18030470514152e-06,"2","ANK3"
0,0.54470187157806,0.934,0.83,0,"2","TPM4"
0.0016662719864533,0.544379296780352,0.496,0.487,1,"2","ODC1"
3.51900480755063e-07,0.544200104933935,0.408,0.284,0.00720164333865236,"2","IL12RB2"
0.00437463139120786,0.543646088502766,0.441,0.434,1,"2","NSUN2"
0.00402732720431742,0.54360234713871,0.445,0.425,1,"2","KCTD20"
0,0.542875475388435,0.982,0.935,0,"2","SLC25A5"
4.06219462181223e-05,0.542429815187061,0.537,0.52,0.831328129353873,"2","DENND1B"
1.70544344202384e-07,0.542394294490828,0.588,0.524,0.00349019000410178,"2","MED13L"
5.05899448821623e-06,0.540862352026784,0.684,0.714,0.103532322201345,"2","PNRC2"
1.29515376845468e-06,0.540101463320341,0.669,0.646,0.0265053218714251,"2","TMED10"
1.1572488278766e-07,0.538943658486917,0.581,0.489,0.00236830972624946,"2","TIAM1"
0.000255282739792584,0.538654709024491,0.551,0.546,1,"2","ERC1"
0.00300232681193324,0.538475242601215,0.5,0.512,1,"2","GOLPH3"
2.24946264375525e-05,0.53819934680332,0.607,0.6,0.460352530044512,"2","UBE2A"
8.10186495732168e-05,0.537478675082636,0.574,0.566,1,"2","EFHD2"
1.48946854849896e-10,0.537387237839229,0.787,0.742,3.04819738450313e-06,"2","YWHAE"
9.73865363906867e-08,0.53736972889886,0.585,0.481,0.0019930154672354,"2","LDLRAD4"
0.000110114941665573,0.535837305853429,0.324,0.238,1,"2","PRDM1"
0.000161211002920103,0.535404485943702,0.474,0.435,1,"2","DIAPH2"
3.66199270904755e-05,0.53455116034639,0.39,0.281,0.74942680790658,"2","E2F1"
0,0.534274706923019,0.945,0.866,0,"2","SYNE2"
0.00237738543050003,0.534116159476856,0.467,0.473,1,"2","NUP98"
0.00631873627104174,0.533542888479514,0.357,0.314,1,"2","MAPK8"
0,0.532765140352184,0.864,0.622,0,"2","HLA-DRB1"
0.00174820487935601,0.531589104283934,0.415,0.376,1,"2","NCOA1"
0,0.531352210040663,0.941,0.895,0,"2","PA2G4"
1.79007691114563e-06,0.531076337468859,0.599,0.573,0.0366339239865954,"2","GMDS"
8.0502217314482e-07,0.530923792627316,0.603,0.575,0.0164747787734087,"2","AATF"
3.34736276474956e-08,0.530667030132553,0.743,0.748,0.000685037789805998,"2","EIF4H"
0.000102431959879912,0.529610381872917,0.607,0.616,1,"2","SSR1"
0.000599881340185071,0.529115631517721,0.599,0.622,1,"2","SRSF1"
1.41253974184075e-06,0.529002265194873,0.467,0.367,0.0289076258167709,"2","SFMBT2"
0.000272167980201132,0.528877132937246,0.507,0.481,1,"2","RIF1"
1.29869226483947e-10,0.528774773500295,0.831,0.856,2.65777371999398e-06,"2","XRCC6"
0.00173155410612624,0.5283242659081,0.533,0.543,1,"2","CYB5B"
1.54365853433092e-10,0.526275832219152,0.805,0.783,3.15909719050822e-06,"2","SPCS3"
1.58054914520811e-05,0.525132376563888,0.562,0.528,0.32345938256684,"2","FNDC3A"
0.0021318288962664,0.524877921471032,0.5,0.499,1,"2","SEC61A1"
3.16371373543234e-11,0.523512994792983,0.846,0.875,6.47454015956228e-07,"2","ANP32A"
0,0.522840768689727,1,0.999,0,"2","ACTB"
0.00670249381816967,0.522500273034472,0.401,0.38,1,"2","RIPK1"
3.19395418535429e-06,0.522247445465402,0.607,0.519,0.0653642724032755,"2","NCF4"
2.43425279933263e-11,0.522009672414511,0.596,0.414,4.98169835383422e-07,"2","LTA"
1.08424380584893e-12,0.52061933389966,0.864,0.834,2.21890494866983e-08,"2","PIP4K2A"
8.93951579428176e-12,0.520493546309205,0.86,0.836,1.82947190729976e-07,"2","CCT4"
4.56146406202507e-06,0.520165709121975,0.555,0.475,0.093350362029343,"2","IMMP2L"
0.00211679947542187,0.519753438822236,0.596,0.639,1,"2","MPC2"
5.25487169071859e-05,0.518763481886953,0.607,0.617,1,"2","DCP2"
0,0.5181422353619,0.908,0.78,0,"2","ANXA2"
6.45261621912141e-12,0.517650771419941,0.838,0.822,1.3205279092432e-07,"2","HNRNPA0"
7.24049387335057e-07,0.517612867209472,0.544,0.442,0.0148176707118119,"2","IRF4"
3.36721761584613e-11,0.516079123549294,0.846,0.802,6.8910108508291e-07,"2","YWHAQ"
0.000942240250445536,0.515682223895753,0.555,0.573,1,"2","MRPL13"
0.00641490629606012,0.514793450854168,0.496,0.513,1,"2","CNOT1"
2.22044604925031e-16,0.513781672574921,0.93,0.917,4.54414283979077e-12,"2","HNRNPD"
0.000593614237596185,0.513138445806695,0.551,0.586,1,"2","GTF2B"
4.84717320157202e-05,0.513057455246632,0.61,0.586,0.991973995701714,"2","SCLT1"
0.00422690968656525,0.512791844263798,0.445,0.43,1,"2","TTC7A"
1.0724754417879e-13,0.511911919781272,0.904,0.9,2.19482099161894e-09,"2","USP15"
0.00908443910529089,0.511861553790241,0.324,0.279,1,"2","INTS7"
3.17991152010144e-06,0.511634721588286,0.577,0.538,0.065076889258876,"2","CUL4A"
2.57166300254852e-07,0.511530545546767,0.61,0.555,0.00526290833471554,"2","JARID2"
3.83472433806986e-07,0.5114151066509,0.688,0.715,0.00784776335785997,"2","SRP72"
0.00333641187913813,0.511009756824589,0.382,0.346,1,"2","SMURF2"
6.34472696603439e-10,0.510567680712954,0.816,0.812,1.29844837359894e-05,"2","RBM8A"
5.9855675971221e-11,0.509663904128903,0.816,0.816,1.22494640875104e-06,"2","SRSF10"
0.00209715230214247,0.509072357954013,0.471,0.462,1,"2","PRKAR1A"
0.00767551081447393,0.508381095725999,0.471,0.472,1,"2","MTAP"
0.0010930472743893,0.505484702494687,0.382,0.322,1,"2","SERTAD2"
3.73158799515938e-05,0.505439734958189,0.625,0.614,0.763669483209367,"2","STX16"
2.16247298290284e-06,0.504673755270946,0.489,0.407,0.0442550095951066,"2","YES1"
0.00570853073381472,0.503898457657437,0.467,0.472,1,"2","VTA1"
0.000840596519059211,0.503011556623255,0.518,0.497,1,"2","AGTPBP1"
0.000119012148417141,0.502544053953945,0.559,0.563,1,"2","EIF4G3"
0,0.502437613351263,1,0.992,0,"2","H3F3B"
1.15396581179539e-12,0.50232409563687,0.857,0.866,2.36159103383926e-08,"2","NDUFV2"
1.24288579428367e-08,0.500312275251934,0.783,0.789,0.000254356577800152,"2","TMOD3"
6.36229618433681e-06,0.500170717540108,0.706,0.72,0.130204391412453,"2","HSPA9"
1.50541361598755e-08,0.500006200524778,0.805,0.78,0.000308082896511852,"2","PDIA6"
1.32793775975415e-11,0.499902224805719,0.794,0.755,2.71762462533687e-07,"2","CAB39"
0.000324576798593323,0.499713863532351,0.548,0.535,1,"2","CDK17"
0.00250102699594534,0.499206181196367,0.434,0.41,1,"2","UBE3C"
0.000326433359078893,0.499087454742734,0.515,0.486,1,"2","STAU2"
6.87535390841987e-08,0.498286291450138,0.798,0.801,0.00140704117735813,"2","MDH1"
7.99360577730113e-15,0.497697639266939,0.934,0.899,1.63589142232468e-10,"2","TMBIM6"
3.67069737494674e-07,0.497198884351935,0.743,0.775,0.0075120821778285,"2","RAD23B"
1.38653572636649e-05,0.495639336076985,0.555,0.521,0.283754536400902,"2","ST8SIA4"
1.30957785977603e-05,0.494785649157443,0.496,0.422,0.268005109003165,"2","MIR181A1HG"
0.000734825987027454,0.494547723990337,0.496,0.496,1,"2","HEXA"
3.8808956048797e-12,0.494388160934487,0.886,0.865,7.9422528553863e-08,"2","CBX3"
0.00158505082906046,0.494172813607239,0.474,0.449,1,"2","DMTF1"
0.00121427114285577,0.493846669044008,0.353,0.286,1,"2","DGKH"
0.00446465566442011,0.493697375369211,0.529,0.552,1,"2","ZFP91"
0.000624587039909974,0.493215096843241,0.566,0.587,1,"2","MRPS35"
0,0.493036224585397,0.982,0.938,0,"2","ARPC5"
0.000803745004751999,0.491194111813605,0.5,0.48,1,"2","GGCT"
2.59113115408383e-07,0.490013022458468,0.665,0.641,0.00530274990683255,"2","TM9SF3"
0.00504614823785898,0.488011324455019,0.463,0.45,1,"2","EIF2AK2"
1.10770885353162e-07,0.486513499310728,0.75,0.723,0.00226692616875246,"2","SUZ12"
1.04360964314765e-14,0.485859156906139,0.949,0.921,2.13574713470166e-10,"2","COX5A"
0.00213833821842369,0.485783332502506,0.54,0.56,1,"2","TMEM106B"
3.5906166928612e-11,0.48499747715671,0.812,0.806,7.34819706194045e-07,"2","DOCK2"
0.00233474604128991,0.483704869877341,0.489,0.486,1,"2","DENND4A"
0.000548005130904139,0.483353594449461,0.585,0.598,1,"2","RTN3"
5.37822946178323e-08,0.483160773032146,0.669,0.643,0.00110065465935394,"2","VPS13B"
1.95399252334028e-14,0.482829903187269,0.934,0.911,3.99884569901587e-10,"2","XRCC5"
2.38972070114585e-05,0.482790929758262,0.511,0.473,0.489056341489498,"2","CSNK1G3"
0.00619753450590266,0.481317152381945,0.449,0.413,1,"2","CKAP2"
0.000359691580163801,0.481111025028184,0.629,0.653,1,"2","PDAP1"
7.47103491738343e-07,0.481095449634519,0.629,0.564,0.0152894729584252,"2","RAB11FIP1"
2.96620356610156e-06,0.481083974357784,0.662,0.661,0.0607033559802683,"2","TBL1XR1"
0,0.480132570851248,0.978,0.913,0,"2","PSME2"
1.36901346508012e-05,0.479704958317353,0.673,0.675,0.280168605628646,"2","GNPTAB"
0,0.479611340916118,0.941,0.842,0,"2","NFKBIA"
4.44089209850063e-16,0.479561742418523,0.967,0.926,9.08828567958153e-12,"2","HNRNPC"
0,0.47948708558256,0.993,0.965,0,"2","DDX5"
1.65423230669148e-13,0.479300593115776,0.842,0.755,3.38538641564412e-09,"2","BACH2"
0.00287154534803769,0.478236611487732,0.346,0.286,1,"2","FDXR"
0.000296287330154854,0.477884639505292,0.441,0.394,1,"2","PSME4"
1.83701376976764e-06,0.477364623124278,0.669,0.646,0.0375944867982947,"2","PHB"
0.00660412675764555,0.476902904836426,0.478,0.465,1,"2","TACC3"
0.0061387635049106,0.47663800174437,0.522,0.554,1,"2","B3GNT2"
1.33898169425439e-05,0.475983620736876,0.699,0.701,0.274022603729162,"2","SYNCRIP"
1.25582884091813e-08,0.47578608775745,0.798,0.815,0.000257005372293895,"2","CAPZA1"
0.00807565329957738,0.475358098503777,0.515,0.531,1,"2","ABCE1"
0.0078409166083,0.474977897470072,0.471,0.472,1,"2","CAMTA1"
0,0.474568934461973,0.971,0.928,0,"2","ATP5MC3"
3.39994699061208e-12,0.474069893267316,0.882,0.88,6.95799151628762e-08,"2","HNRNPL"
0.00096179661978657,0.473707754323416,0.555,0.548,1,"2","PLEKHO1"
0,0.471977816647913,0.941,0.841,0,"2","BHLHE40"
0.000240056463895799,0.471946124262103,0.548,0.51,1,"2","QKI"
5.05333778377803e-07,0.471019033129291,0.507,0.423,0.0103416557745017,"2","ARL15"
1.90251592258051e-10,0.47050871646539,0.86,0.871,3.893498835561e-06,"2","CCT8"
0,0.47041713654169,0.996,0.979,0,"2","HSPA8"
0.00869133584136783,0.470108147114178,0.511,0.534,1,"2","HACD4"
0.00666343565179806,0.469891743482959,0.548,0.589,1,"2","MRPL3"
0.000786739436348327,0.469542761183673,0.504,0.497,1,"2","TMEM131L"
0.00010191259368808,0.468328377261982,0.551,0.524,1,"2","OTULINL"
2.99760216648792e-14,0.468029206125263,0.934,0.917,6.13459283371753e-10,"2","EIF4G2"
4.27035751271454e-06,0.467159638276795,0.699,0.645,0.0873928664977031,"2","LSM4"
0.000871536900641567,0.466948747199812,0.438,0.399,1,"2","AGO3"
0.00551367023264793,0.46624116743254,0.537,0.541,1,"2","CUL1"
4.32560246055314e-05,0.466137771194505,0.555,0.488,0.885234543552199,"2","KIF22"
0,0.465612579257196,0.963,0.95,0,"2","HNRNPK"
4.14845935381436e-12,0.465465864751712,0.779,0.641,8.48982206758109e-08,"2","TRIM22"
0.00625179351503258,0.464487764986539,0.382,0.349,1,"2","SGMS1"
6.99910624522015e-05,0.463904187786745,0.629,0.665,1,"2","TTC39C"
0.00575304892299133,0.463643822326735,0.397,0.363,1,"2","BLM"
1.29515753655163e-06,0.462721523836001,0.673,0.65,0.0265053989855291,"2","PBRM1"
0,0.462505749266562,0.967,0.927,0,"2","LCP2"
4.29186686190519e-10,0.461853878938662,0.794,0.755,8.78330553288897e-06,"2","TUBA4A"
0.0069435240675706,0.461369325115601,0.522,0.534,1,"2","CD2AP"
6.4456620973985e-07,0.461095349693916,0.765,0.737,0.013191047482326,"2","ACAA2"
0.0090027144181144,0.46094462455507,0.533,0.557,1,"2","METTL5"
0,0.459724682618365,0.989,0.99,0,"2","MBNL1"
0.00467557904998905,0.459629559979322,0.382,0.343,1,"2","UMAD1"
0,0.459160309808718,0.941,0.845,0,"2","DEK"
2.68788732848968e-06,0.458443770886545,0.684,0.683,0.0550076141775413,"2","PTEN"
1.96277296349301e-05,0.458303888484221,0.743,0.726,0.401681486978844,"2","PSMC5"
5.6246394941617e-07,0.458092740351065,0.673,0.659,0.0115108247248019,"2","RSU1"
0.00792292023021313,0.457499946526486,0.46,0.466,1,"2","CLASP1"
0.00155381275982003,0.45734084124761,0.522,0.527,1,"2","UBE2G1"
2.65565347490337e-13,0.456232048476228,0.882,0.852,5.43479483638976e-09,"2","GNG2"
3.72491881783787e-09,0.455916516035583,0.809,0.815,7.62304636070521e-05,"2","RBM17"
3.44702354200255e-05,0.455248245170069,0.643,0.645,0.705433367870821,"2","CLTC"
0.000579557581025458,0.4530776688314,0.562,0.561,1,"2","UHMK1"
1.06938680133339e-10,0.453012883597481,0.757,0.651,2.18850008892879e-06,"2","GBP4"
0.00130718022236298,0.452950674464644,0.607,0.628,1,"2","PCMT1"
7.41936845223279e-05,0.452426593131568,0.699,0.687,1,"2","OIP5-AS1"
0.000361086593168469,0.452177898076464,0.456,0.392,1,"2","PGAP1"
0.00185284175126332,0.452134837038713,0.504,0.481,1,"2","FKBP5"
1.73461911501249e-10,0.451618272120587,0.908,0.862,3.54989801887307e-06,"2","GTF3A"
9.55047152473298e-11,0.45106923031373,0.812,0.807,1.95450399753661e-06,"2","STAT4"
1.36995781385707e-08,0.450451904909579,0.838,0.814,0.000280361866605849,"2","SMDT1"
1.98646893601051e-07,0.449297984424683,0.838,0.84,0.00406530867754551,"2","UBE2I"
0.00958522851483545,0.447596221905426,0.452,0.453,1,"2","GOSR1"
1.04360964314765e-14,0.44684873561496,0.956,0.921,2.13574713470166e-10,"2","TGFB1"
0.000469878537665558,0.446806279008566,0.629,0.649,1,"2","BRD4"
6.37863184493881e-09,0.44650708645609,0.871,0.815,0.000130538700706673,"2","SRSF2"
1.32925390694538e-08,0.446392636219808,0.798,0.796,0.000272031812056373,"2","PPM1G"
0.00338987285856196,0.446111159740968,0.529,0.552,1,"2","SNW1"
0.0011069115515947,0.444565889157899,0.577,0.608,1,"2","R3HDM1"
0.00634703613979615,0.443349357631771,0.537,0.548,1,"2","SREK1"
0.000285538479854797,0.443126553834329,0.621,0.633,1,"2","LAGE3"
1.10297080357924e-08,0.442918807718202,0.684,0.653,0.000225722974952491,"2","PTPRJ"
4.58016181279497e-05,0.442858446546888,0.676,0.66,0.93733011498849,"2","LSM5"
3.54954204093705e-05,0.44282843611989,0.526,0.477,0.726413778677767,"2","NCOA2"
1.13885207042586e-07,0.442468093957192,0.783,0.769,0.00233066076212651,"2","NUCB1"
0.00465550050338126,0.441521074984606,0.438,0.393,1,"2","ITGB3BP"
2.622149118503e-06,0.440825953310133,0.79,0.814,0.053662281710164,"2","VDAC2"
0.000603485669613102,0.439857559207813,0.647,0.669,1,"2","SF3B4"
0.0017126529141207,0.438768610757123,0.625,0.655,1,"2","NCOA4"
3.09779710705449e-06,0.43838666973667,0.754,0.748,0.0633964177958701,"2","MRPL41"
0.00225380827388744,0.437781640076119,0.386,0.347,1,"2","CREM"
2.25371865836266e-06,0.437514198216646,0.688,0.706,0.0461223523433918,"2","INPP4A"
0.000488916490445801,0.437204466107999,0.654,0.67,1,"2","STMP1"
0,0.436462084972186,1,0.978,0,"2","MYL6"
7.46713579857783e-10,0.434153851329781,0.684,0.564,1.52814934117895e-05,"2","IL2RA"
0.0011192486278897,0.433140629705562,0.64,0.7,1,"2","CAPZA2"
0.000323766061117947,0.432532322449417,0.599,0.621,1,"2","SMAD2"
3.11449996195368e-05,0.431178596226758,0.673,0.65,0.63738241721382,"2","RICTOR"
0.000100006065404612,0.43092515530788,0.585,0.605,1,"2","ANKRD17"
0,0.430912303442748,0.996,0.979,0,"2","YWHAZ"
0.00770490431491955,0.430641985530144,0.434,0.416,1,"2","ITGAE"
3.86357612569554e-14,0.430065759595148,0.952,0.92,7.90680854123593e-10,"2","EIF5A"
8.78101880097404e-09,0.429235593954581,0.75,0.778,0.000179703549761934,"2","LRBA"
2.36110769293862e-05,0.429224150063564,0.743,0.8,0.483200689359889,"2","TRAM1"
2.28823626713393e-11,0.428815336399478,0.893,0.888,4.68287552068958e-07,"2","CDC37"
3.28403970684121e-13,0.42789202110123,0.904,0.876,6.72078726005054e-09,"2","DPYD"
0.00779480429339219,0.427049379294818,0.412,0.384,1,"2","METTL15"
1.11244347067441e-13,0.426849478186081,0.978,0.956,2.27661556273517e-09,"2","CDC42"
1.39693390188711e-09,0.425798076419934,0.89,0.874,2.85882523021197e-05,"2","NDUFC2"
3.33999126880258e-05,0.425458940654598,0.728,0.718,0.683529213160448,"2","ADSL"
0.00589340358270962,0.425243695808155,0.5,0.515,1,"2","BAG1"
0,0.42516475619336,0.971,0.929,0,"2","GSTP1"
4.67621941169227e-10,0.424295125397487,0.868,0.83,9.56988302602824e-06,"2","CYLD"
3.77059911031985e-05,0.423277283697689,0.599,0.624,0.771653107926957,"2","ZNF148"
4.1290655548698e-05,0.422802651831949,0.669,0.702,0.845013265804105,"2","CCSER2"
0.00266765252025092,0.422608518962041,0.54,0.534,1,"2","SNX10"
0.00202445440082122,0.419708248894493,0.618,0.637,1,"2","NUDT5"
0.00994466670921468,0.419561708826518,0.526,0.556,1,"2","COPS3"
3.05944158895954e-11,0.418798166582769,0.904,0.903,6.26114721180571e-07,"2","FUS"
3.19528243863942e-08,0.418771324163141,0.728,0.681,0.000653914551067558,"2","MDFIC"
1.28883519412426e-08,0.418664575952422,0.897,0.852,0.00026376012247753,"2","SRP9"
0.000946279908231151,0.418441829514672,0.761,0.768,1,"2","NONO"
0.000498210245236663,0.418177050484352,0.607,0.634,1,"2","COP1"
1.34594335676752e-10,0.417281696112199,0.901,0.882,2.75447307962473e-06,"2","GNG5"
0.00313861136529492,0.416089690110514,0.353,0.284,1,"2","MT1E"
0.00508399537176984,0.415753654797573,0.54,0.569,1,"2","MRPL11"
0.0044247345351367,0.415567533993226,0.61,0.637,1,"2","THOC7"
0,0.41545188210601,0.368,0.052,0,"2","TRAV38-2DV8"
0.0010936972834259,0.414965772947703,0.592,0.619,1,"2","BNIP2"
0.000265463325800797,0.4120856723175,0.618,0.637,1,"2","CNOT2"
2.14155057509657e-06,0.411219476033481,0.779,0.814,0.0438268325193514,"2","RAB7A"
0.000757017929427617,0.411212501598365,0.57,0.524,1,"2","SDF2L1"
0.00360400132574523,0.41096361646468,0.562,0.598,1,"2","PSMD11"
4.42886850406943e-05,0.410663169104297,0.629,0.646,0.906367939357808,"2","ARID1B"
2.88196548625663e-07,0.409810160853529,0.783,0.739,0.0058979423676242,"2","ANAPC11"
0.00125009451871794,0.408404562714383,0.603,0.613,1,"2","CMTM6"
0.00126613738101677,0.408060987535508,0.559,0.572,1,"2","TMEM131"
7.77096260247134e-05,0.408029662066504,0.658,0.655,1,"2","RFC1"
0.000269919189963552,0.407635475002346,0.614,0.646,1,"2","PUM2"
0.000631463977904367,0.406784523255542,0.551,0.553,1,"2","REL"
1.6618706411009e-11,0.406743659361205,0.82,0.769,3.401018267013e-07,"2","PDE7A"
2.33783878325067e-05,0.40643917592818,0.783,0.798,0.478438706992249,"2","SSR3"
0.00152829124142118,0.405829702413447,0.489,0.463,1,"2","NEK7"
0.00157454330324835,0.405703545296629,0.574,0.611,1,"2","ZNF644"
1.18448961750062e-09,0.405365882889966,0.805,0.787,2.42405800221501e-05,"2","RASA2"
0.000260415193503727,0.404549525126974,0.599,0.625,1,"2","GNAI3"
0.00619134559343548,0.404125137469048,0.445,0.42,1,"2","CBL"
0,0.404042833240139,0.471,0.1,0,"2","XCL1"
7.3881877171944e-05,0.403884004988549,0.706,0.707,1,"2","MICOS10"
2.86202695987114e-07,0.403745812205734,0.86,0.844,0.0058571381733763,"2","PRELID1"
6.9074457265117e-10,0.403073387366128,0.467,0.278,1.41360876793062e-05,"2","TNF"
0,0.402829616897879,0.993,0.978,0,"2","ARHGAP15"
5.45928391160189e-07,0.402544165589487,0.599,0.557,0.0111724245250933,"2","KANSL1"
0.000262190569214615,0.402504009065212,0.386,0.307,1,"2","AC008014.1"
2.28407105673512e-07,0.402290725509107,0.713,0.678,0.00467435141760841,"2","HUWE1"
0.00172349391810656,0.400801894521288,0.478,0.446,1,"2","DBF4"
1.42647340606317e-07,0.400647187403469,0.846,0.812,0.00291927782550827,"2","SNRPB"
0.00299199480382506,0.400106872541387,0.61,0.646,1,"2","MTCH1"
9.68182725356037e-05,0.399928638554907,0.544,0.473,1,"2","PHF19"
0.00151976934734854,0.398281568083154,0.643,0.668,1,"2","PSAP"
0.00697178722074554,0.398112129242253,0.496,0.505,1,"2","RNGTT"
0.00805067598826303,0.397394799691799,0.581,0.628,1,"2","SEC13"
4.33102165207089e-05,0.396761619879336,0.669,0.677,0.886343581096307,"2","IMMT"
0.000372458937758724,0.396657594133166,0.607,0.615,1,"2","RFTN1"
0.000511397974829242,0.39611265970285,0.757,0.777,1,"2","ETFB"
0,0.39561379637333,1,0.965,0,"2","CLIC1"
0.000617840474590681,0.395601310840895,0.607,0.623,1,"2","AKR1A1"
0.000811960522934418,0.395444875013184,0.559,0.558,1,"2","CCNH"
2.83581336903982e-05,0.395068090411478,0.801,0.83,0.580349205973999,"2","CCT3"
0.00324521172958181,0.394811135766824,0.482,0.459,1,"2","FBXL17"
0.000364839891857871,0.394623721512348,0.64,0.673,1,"2","HNRNPH1"
0.000107795722727344,0.394478476201951,0.75,0.745,1,"2","ADAR"
2.96409599771508e-05,0.394217365131681,0.735,0.718,0.60660224593239,"2","RBMX"
0.00065934370606735,0.393972273317965,0.654,0.675,1,"2","MBD2"
0.000986500405738111,0.392028908914769,0.68,0.716,1,"2","PPP2CA"
5.05719750520939e-08,0.391730459032426,0.875,0.877,0.0010349554694411,"2","ATP5F1C"
3.59559957363587e-08,0.391078511496766,0.827,0.855,0.00073583945274458,"2","UBE2V1"
1.53538243954365e-05,0.39077256580579,0.846,0.841,0.314216016252609,"2","RSL1D1"
0.000303804832781251,0.390594467556324,0.607,0.591,1,"2","TACC1"
7.81386071364576e-05,0.390554949940726,0.636,0.653,1,"2","TBC1D5"
0.00781857230620031,0.388706855096166,0.632,0.682,1,"2","SELENOT"
0.00596647010986096,0.388522008309434,0.548,0.53,1,"2","MAT2A"
1.4210854715202e-14,0.386995989651598,0.926,0.869,2.90825141746609e-10,"2","H2AFV"
1.11022302462516e-15,0.386956004377942,0.967,0.913,2.27207141989538e-11,"2","H1FX"
5.38591600096616e-05,0.386204023381267,0.702,0.725,1,"2","JMJD1C"
0.000249546331839046,0.385444924169438,0.691,0.719,1,"2","ELOC"
8.88178419700125e-16,0.384591813827599,0.993,0.973,1.81765713591631e-11,"2","TPM3"
1.43711477862407e-05,0.384193124848701,0.743,0.742,0.294105539445416,"2","UBE2N"
1.15001720533137e-05,0.382896798601738,0.713,0.734,0.235351021071064,"2","TLK1"
0.00289336904479165,0.38167932294184,0.423,0.377,1,"2","LINC01619"
0.000149438149875891,0.381426920459889,0.735,0.766,1,"2","MRPL57"
1.52052598956232e-06,0.380688774283682,0.812,0.826,0.0311175643763928,"2","CLTA"
0.00119341252730276,0.380289169894275,0.676,0.727,1,"2","NUTF2"
2.81435368543193e-06,0.378921417712585,0.805,0.826,0.0575957481723643,"2","VCP"
2.58449324164189e-08,0.37825600069169,0.846,0.812,0.000528916541902014,"2","ARHGDIA"
0.0072800383505427,0.376807529533193,0.566,0.592,1,"2","ACBD6"
2.47256682528452e-05,0.376732040839395,0.812,0.856,0.506010800794476,"2","BZW1"
8.58197304332009e-08,0.374853429176056,0.915,0.906,0.00175630078331546,"2","SKP1"
0,0.374782788636399,1,0.99,0,"2","VIM"
9.63597192704668e-07,0.374054738498068,0.728,0.703,0.019720016548701,"2","DDX21"
2.24271081705751e-08,0.373276737407213,0.904,0.856,0.00045897076871082,"2","C12orf75"
0.00909640792058308,0.372585643101861,0.607,0.597,1,"2","LSM3"
0.00054108351829707,0.372025901943119,0.607,0.63,1,"2","GSK3B"
9.46402702428628e-07,0.371897104108346,0.706,0.656,0.0193681313052019,"2","SMC3"
0.00101678100126446,0.370253284235501,0.651,0.658,1,"2","LPGAT1"
9.45332701007828e-12,0.369880365732322,0.86,0.848,1.93462337261252e-07,"2","FUT8"
0.00162620353513088,0.36604741693322,0.548,0.563,1,"2","MAP3K2"
3.2706302619534e-06,0.365949278205079,0.849,0.818,0.0669334483108763,"2","C17orf49"
0.00107372429537778,0.364738183030492,0.665,0.698,1,"2","MRPS15"
0.008622079487419,0.363402606592523,0.654,0.708,1,"2","ACP1"
3.94889044352809e-06,0.363122553523222,0.676,0.592,0.0808140429268023,"2","CD38"
8.58531330316659e-06,0.36301792630696,0.754,0.766,0.175698436749304,"2","TRA2B"
0.00026362397032309,0.362644392592442,0.684,0.693,1,"2","DAZAP1"
6.48110141110436e-08,0.362044057938087,0.864,0.846,0.00132635740378251,"2","UQCRQ"
3.63312369300317e-07,0.361718016347624,0.893,0.9,0.00743518763773099,"2","PTP4A2"
9.79725398453368e-06,0.361554731866138,0.728,0.747,0.200500802793482,"2","RBMS1"
2.72567459158601e-06,0.361351961903363,0.831,0.833,0.0557809305168078,"2","EZR"
7.52130587411415e-06,0.361083111428349,0.82,0.833,0.153923524713746,"2","FKBP1A"
0.000530901936026451,0.359859205272591,0.577,0.578,1,"2","FAM172A"
5.75095526755831e-14,0.358549816897724,0.982,0.959,1.17693299550581e-09,"2","PPIB"
1.8290409187216e-09,0.357964780137668,0.257,0.118,3.74313224016376e-05,"2","S100B"
0.000253713409658074,0.357103556299723,0.724,0.747,1,"2","CMPK1"
0.00598448195736312,0.355700137890598,0.496,0.518,1,"2","KCMF1"
0.00105415289239419,0.355412601600614,0.688,0.709,1,"2","G3BP1"
0.00157685560952703,0.355392264193494,0.669,0.716,1,"2","OLA1"
4.63178873033598e-09,0.355285840758027,0.923,0.925,9.47895563663259e-05,"2","SERBP1"
5.52297913898325e-05,0.355072090659184,0.735,0.745,1,"2","SPTAN1"
1.77724047714101e-05,0.354747405563686,0.875,0.876,0.363712263646907,"2","ATP5PF"
0.00792660127647071,0.353956973171107,0.607,0.667,1,"2","PUF60"
8.54052476273459e-06,0.35323422715985,0.658,0.669,0.174781839269363,"2","EXOC4"
4.433004215465e-05,0.352494211685568,0.493,0.42,0.907214312694912,"2","PDE4B"
9.61413171296499e-11,0.352181390561967,0.904,0.923,1.96753205505829e-06,"2","CDC42SE2"
2.23598917159507e-13,0.35165736868029,0.971,0.938,4.5759518396693e-09,"2","COX8A"
0.00908872328542043,0.351128098748742,0.485,0.491,1,"2","CRTC3"
0.00144413344091032,0.349448662375392,0.562,0.569,1,"2","CCNG1"
0.00631620505270969,0.349274897785956,0.64,0.671,1,"2","NDUFAF3"
0.0015708012053619,0.348052280621189,0.665,0.707,1,"2","DEGS1"
0.004792774883561,0.34751041997347,0.724,0.759,1,"2","CCT7"
3.59009622030726e-09,0.346979882098871,0.923,0.881,7.34713191485881e-05,"2","CALM3"
7.77285458219978e-09,0.34677068413488,0.897,0.865,0.000159071469024719,"2","GPX4"
1.56995683786576e-07,0.345985555849311,0.868,0.868,0.00321291666869228,"2","CIRBP"
0.00511115010854346,0.345212226062778,0.485,0.468,1,"2","TRAPPC9"
0.00819418981522224,0.344376643234596,0.625,0.697,1,"2","RAB5C"
1.30340183090993e-12,0.342848756662195,0.978,0.947,2.66741184695718e-08,"2","SUMO2"
0.00477861931421342,0.342524435052928,0.702,0.778,1,"2","PSMG2"
0.000130157987990653,0.342444299812858,0.397,0.307,1,"2","RUNX1"
1.15174536574614e-12,0.342298529569296,0.978,0.948,2.35704689099947e-08,"2","PPDPF"
6.04649350202102e-05,0.342208981962238,0.765,0.798,1,"2","THRAP3"
8.32881612788938e-07,0.341725970371337,0.776,0.808,0.0170449222057256,"2","TANK"
0.000446193545629026,0.339071765034929,0.596,0.539,1,"2","BIRC3"
0.00049448434109034,0.33837236891881,0.647,0.684,1,"2","FRYL"
0.00524452214484583,0.338319212522553,0.577,0.58,1,"2","MAPKAPK3"
0.00554025273858527,0.337977682940049,0.662,0.704,1,"2","TOP2B"
0.000556060177030915,0.33759952191474,0.614,0.574,1,"2","DDB2"
0.00783102060415564,0.33759529166847,0.596,0.616,1,"2","BAZ1B"
0.00450028623942744,0.335910806966203,0.647,0.683,1,"2","SMARCC1"
6.36824861421914e-05,0.335432048771874,0.842,0.861,1,"2","SF1"
1.08196661796622e-05,0.335149074838789,0.805,0.782,0.221424468366788,"2","LSM2"
3.70112746967965e-05,0.33500751500907,0.824,0.818,0.757435736669941,"2","EIF2S2"
0.00446943213077589,0.33465944516975,0.643,0.679,1,"2","RAB10"
8.08434500541022e-05,0.334553703153322,0.695,0.722,1,"2","ELMO1"
2.21967982496629e-05,0.3344154479804,0.842,0.864,0.454257476179352,"2","BUB3"
0.00194160378096697,0.334273991374353,0.647,0.662,1,"2","SNRPA"
0.000192284933854703,0.334067878428558,0.688,0.694,1,"2","HIF1A"
4.12112715670876e-05,0.333362488420864,0.574,0.542,0.843388672620448,"2","PPP1R16B"
5.45292665243835e-07,0.333193756800908,0.897,0.876,0.0111594143942151,"2","WDR1"
0.000176536987897657,0.332466436949532,0.757,0.788,1,"2","NDUFAB1"
0.000549299524239322,0.332030737478685,0.699,0.716,1,"2","LMAN1"
0.000466940657563475,0.331284643876044,0.688,0.727,1,"2","MIER1"
0.00539409647364097,0.330409842254149,0.618,0.637,1,"2","VPS13A"
1.2159362350328e-06,0.330036232752156,0.919,0.883,0.0248841350499462,"2","SRSF3"
0.00466106025594715,0.32992678457572,0.61,0.655,1,"2","ATP11B"
0.00134409120000445,0.329616729843199,0.71,0.756,1,"2","ILF2"
6.59057426588561e-06,0.328788707288308,0.901,0.894,0.134876102351349,"2","CSNK2B"
0.00021443272532129,0.328078802938102,0.706,0.692,1,"2","ARPC5L"
8.06589513357991e-06,0.327427350550871,0.853,0.859,0.165068543908713,"2","NOP10"
0.00215588460655813,0.326512066734908,0.574,0.564,1,"2","RNF157"
0.00842021788318092,0.32636542807274,0.61,0.653,1,"2","SMG1"
1.21431971566999e-06,0.325954382100445,0.71,0.625,0.0248510529811863,"2","HNRNPAB"
0.00178479077601867,0.325492003898712,0.706,0.72,1,"2","MRPS6"
6.35920597469308e-06,0.325445085896579,0.824,0.84,0.130141150272094,"2","ITK"
0.00300832968044196,0.324785486295454,0.651,0.679,1,"2","SMARCA5"
0.00824490106627795,0.324037135919882,0.632,0.689,1,"2","HNRNPH3"
0.00512198058254043,0.32274903623851,0.702,0.755,1,"2","SFXN1"
0.00923677981630311,0.32236647132972,0.695,0.749,1,"2","PPP1R2"
0.00149061248953664,0.321737121439134,0.654,0.676,1,"2","DCXR"
1.70820135814154e-08,0.320692311837041,0.96,0.937,0.000349583407943665,"2","PSMA7"
2.84008757842624e-05,0.320509405865333,0.768,0.814,0.58122392292493,"2","FAM49B"
0.000170531105750715,0.320439221434388,0.882,0.885,1,"2","SPCS1"
1.86564445892046e-07,0.320417328947513,0.926,0.931,0.00381804138518071,"2","CAP1"
7.30670424600177e-05,0.319985046422155,0.632,0.624,1,"2","ITPR2"
4.09256864026819e-05,0.318652259287938,0.798,0.817,0.837544172230885,"2","PAFAH1B1"
0,0.317988332459427,0.864,0.476,0,"2","GZMB"
2.86435372442995e-06,0.316352996715597,0.783,0.811,0.0586189989704589,"2","CYTH1"
1.17796212562027e-07,0.315483978868935,0.945,0.903,0.00241069949008188,"2","SELENOH"
0.0078175405246359,0.314766485259007,0.713,0.752,1,"2","CHCHD10"
3.3828204756059e-05,0.314348912831937,0.809,0.851,0.692294210332747,"2","PCBP2"
0,0.314156749761951,1,0.99,0,"2","HMGB1"
0.000832621632687935,0.314151187884697,0.857,0.855,1,"2","PSMA6"
5.66033762017248e-06,0.313868307140676,0.776,0.798,0.11583880939683,"2","GNB1"
0.00509545557625857,0.31260899334781,0.654,0.694,1,"2","CYC1"
0.00507831154490446,0.31207249891142,0.673,0.714,1,"2","UBTF"
7.52208364485085e-08,0.311965838122876,0.963,0.943,0.00153939441791873,"2","ATP5F1B"
7.29071862881625e-08,0.31170893955789,0.772,0.664,0.00149204556738725,"2","NASP"
0.00831944809710228,0.31100474159183,0.64,0.672,1,"2","RCAN3"
4.73024726788118e-06,0.310092758794112,0.824,0.795,0.0968045103371884,"2","NUCKS1"
5.12815440272263e-05,0.3096617557893,0.86,0.842,1,"2","IDH2"
0.00106811149690844,0.308954467650143,0.691,0.716,1,"2","PRPF8"
0.00273616991502545,0.307626667369174,0.665,0.69,1,"2","NOP58"
5.04867049055946e-07,0.306273295373132,0.79,0.773,0.0103321041589299,"2","ADK"
1.53084194653985e-07,0.305932658171103,0.919,0.939,0.00313286804359381,"2","ACTR2"
0.00958454863138036,0.305562968969956,0.555,0.565,1,"2","RBM33"
6.9510173260845e-05,0.304837495463758,0.879,0.889,1,"2","NDUFB9"
3.23707647575944e-07,0.304636024583491,0.735,0.615,0.00662467700764169,"2","SOCS1"
0.00187527990377556,0.304250289039052,0.647,0.658,1,"2","SH3KBP1"
0.00038651525751332,0.303647455758394,0.706,0.716,1,"2","SUPT16H"
0.000213171091402398,0.303629424144326,0.801,0.795,1,"2","JPT1"
0.00169678177543786,0.302955323641187,0.57,0.582,1,"2","DOCK11"
0.00384146405253394,0.302680051667125,0.676,0.726,1,"2","SEPTIN2"
1.92626041561894e-07,0.30200672427857,0.68,0.619,0.00394209194056416,"2","HIST2H2AC"
5.27777821446307e-12,0.301238367715839,0.89,0.678,1.08009731158987e-07,"2","HLA-DRA"
0.000181241790562225,0.301225373483504,0.754,0.798,1,"2","GRB2"
0.0027598282645398,0.300268643982172,0.658,0.653,1,"2","EIF1AX"
0,0.298490638482198,1,0.991,0,"2","PTMA"
0.000243850509392018,0.298404401076785,0.809,0.817,1,"2","PEBP1"
0.00209932449313999,0.298295309333554,0.658,0.688,1,"2","VMP1"
0.000339342611746396,0.298164063515773,0.732,0.734,1,"2","RNASEH2B"
0.00458431257237835,0.298008636445535,0.68,0.748,1,"2","NRDC"
0.00455133950405906,0.297953950966886,0.706,0.774,1,"2","WTAP"
1.06741519547704e-05,0.297833740109691,0.938,0.922,0.218446519754376,"2","CNBP"
0.00893573315173923,0.29622022609526,0.665,0.724,1,"2","DDX6"
5.85892506188568e-05,0.295668652122655,0.912,0.902,1,"2","ATP5PO"
0.00014678211081498,0.295576732287978,0.632,0.619,1,"2","SMG6"
7.42300072076318e-07,0.295100133440674,0.893,0.935,0.0151911709750419,"2","UBE2D3"
2.29574659336151e-05,0.295095307711121,0.746,0.752,0.469824540331434,"2","NFATC3"
0,0.294996890781608,1,0.997,0,"2","MT-CO1"
0.0032273301103769,0.294678968264669,0.743,0.817,1,"2","HADHA"
1.40703994664371e-05,0.294303927261683,0.908,0.922,0.287950725080635,"2","UBE2D2"
8.97498755936255e-06,0.293568391000268,0.956,0.938,0.183673120402355,"2","SSR2"
0.00363262185126678,0.29205165688007,0.456,0.426,1,"2","XKR6"
0.00127833141305822,0.291721265183908,0.754,0.793,1,"2","RNPS1"
1.05598521460415e-05,0.291525950396043,0.805,0.854,0.216107374168739,"2","EML4"
1.26209924955489e-07,0.291501555138181,0.934,0.922,0.00258288611421409,"2","HMGN1"
0.00131379507428675,0.29074746657749,0.647,0.712,1,"2","CUL3"
3.62228394079622e-06,0.289459036469245,0.842,0.829,0.0741300408483947,"2","CKLF"
0.00986391653320351,0.289090168330331,0.599,0.638,1,"2","PPP4R3A"
0.00355322937910141,0.288301353502603,0.676,0.738,1,"2","UBAC2"
1.09908335836906e-05,0.287371375765865,0.691,0.689,0.224927409290228,"2","ATXN1"
0.00933761834816949,0.285115124134602,0.702,0.78,1,"2","CD164"
2.38456143719645e-09,0.282260911955126,0.967,0.957,4.88000498122254e-05,"2","ANP32B"
0.000151363678246641,0.279436357238295,0.868,0.91,1,"2","ARF1"
0.000579916392522195,0.278179571804353,0.673,0.678,1,"2","SLC38A2"
9.56132854379454e-06,0.277662407804733,0.901,0.885,0.195672588648755,"2","SAMHD1"
0.00536925851124015,0.277388383830568,0.658,0.694,1,"2","TMF1"
0.000443483707701642,0.275924782141478,0.607,0.603,1,"2","ZCCHC7"
0.00142237067896511,0.274476147339991,0.809,0.854,1,"2","RAC1"
0.000295047665337611,0.273626000033078,0.868,0.871,1,"2","MORF4L1"
0.00250282921598499,0.273361469322268,0.574,0.561,1,"2","PAN3"
2.11918959713842e-07,0.27335466822006,0.868,0.884,0.00433692151054377,"2","NFKB1"
0.00832498408570026,0.272859043450267,0.761,0.811,1,"2","NDUFA2"
5.71798164372694e-11,0.271693196003831,0.963,0.961,1.17018494338872e-06,"2","SKAP1"
2.62424098895764e-07,0.270367315414899,0.96,0.885,0.00537050918390181,"2","PIM1"
0.00639108994095716,0.270077333152612,0.688,0.722,1,"2","ELOVL5"
0.00550088688589434,0.267784432485991,0.603,0.631,1,"2","HDLBP"
2.15867742525688e-06,0.267440013275422,0.912,0.92,0.0441773335078821,"2","PARK7"
7.48891022972487e-05,0.267250015997196,0.801,0.812,1,"2","CCNL1"
0.000613764848181209,0.267039036108031,0.658,0.683,1,"2","CASP8"
6.39609920582984e-09,0.266675272149212,0.993,0.964,0.000130896170247308,"2","ARPC3"
0.00365285622996425,0.264148350689376,0.614,0.605,1,"2","RELB"
0.00431673615826633,0.262655824830584,0.732,0.78,1,"2","ZNF706"
0.00182674993970267,0.262115956947064,0.658,0.646,1,"2","PLCL2"
6.04207747909591e-05,0.261887424921054,0.915,0.902,1,"2","HIGD2A"
3.66185453761769e-05,0.261630937738511,0.669,0.635,0.749398531123461,"2","LINC01934"
0.000472554783197188,0.261200382846424,0.875,0.891,1,"2","NDUFB2"
0.000100247561020783,0.260486777485873,0.765,0.767,1,"2","VPS13C"
0.000397732535500239,0.258089664005939,0.665,0.661,1,"2","SMYD3"
6.27942142727989e-12,0.257333348477856,1,0.972,1.28508359509283e-07,"2","NPM1"
0.000161582200896238,0.257250793290784,0.945,0.925,1,"2","PDIA3"
0.000472739527525246,0.256182811194666,0.86,0.849,1,"2","VDAC1"
2.16049400592055e-13,0.255493557143597,0.963,0.859,4.42145098311642e-09,"2","GBP5"
3.31293514843622e-08,0.253892423501963,0.735,0.729,0.000677992178127473,"2","CHST11"
0.00256202954049312,0.253395932392759,0.393,0.323,1,"2","GADD45G"
0.00111394978030521,0.253371714210915,0.562,0.556,1,"2","RNF19A"
0.000234484278648805,0.253026274913854,0.739,0.737,1,"2","NIPBL"
0.00106414929751519,0.252640070325338,0.526,0.505,1,"2","NCALD"
0.000173145519072326,0.252298087684464,0.787,0.833,1,"2","SMARCA2"
0.00121143533129953,0.251935778545092,0.842,0.876,1,"2","CDV3"
4.86373409394059e-05,0.25190678814703,0.945,0.924,0.995363182324941,"2","NDUFA4"
0.00067467512939845,0.251346592544838,0.904,0.892,1,"2","COX7B"
0.00134898214463663,0.250603552912077,0.706,0.732,1,"2","LNPEP"
0,2.71332490568168,0.799,0.159,0,"3","GINS2"
0,2.47564704901372,0.593,0.115,0,"3","PAQR4"
0,2.35216276870253,0.839,0.199,0,"3","MCM2"
0,2.30155396776017,0.91,0.322,0,"3","MCM5"
0,2.21444775065622,0.266,0.041,0,"3","HPDL"
0,2.20516418018141,0.266,0.045,0,"3","TEDC2"
0,2.17776653207406,0.688,0.216,0,"3","UNG"
0,2.13459955913253,0.744,0.162,0,"3","CHEK1"
0,2.13422882733565,0.598,0.134,0,"3","CDC6"
0,2.12234131995981,0.854,0.203,0,"3","CDT1"
0,2.09464653000271,0.497,0.104,0,"3","SLC29A1"
0,2.00359065082267,0.925,0.366,0,"3","MCM7"
0,2.00283612130466,0.869,0.257,0,"3","MCM4"
0,1.98704745197483,0.276,0.051,0,"3","TONSL"
0,1.9760927113896,0.764,0.244,0,"3","E2F1"
0,1.96599943851423,0.839,0.24,0,"3","FEN1"
0,1.95527876347489,0.869,0.326,0,"3","MCM6"
0,1.93367304255604,0.422,0.122,0,"3","CCNB2"
4.12039291575184e-11,1.93201642564273,0.266,0.107,8.43238410208613e-07,"3","CDC20"
0,1.9311304861677,0.683,0.174,0,"3","UHRF1"
0,1.93020642390006,0.472,0.092,0,"3","POLE2"
0,1.91467859659109,0.397,0.078,0,"3","ORC1"
0,1.91223894016936,0.774,0.198,0,"3","CLSPN"
0,1.90927387391115,0.668,0.168,0,"3","ASF1B"
0,1.90630216161117,0.538,0.12,0,"3","ORC6"
0,1.88838662819277,0.638,0.15,0,"3","TCF19"
0,1.85202972249566,0.472,0.096,0,"3","XRCC3"
0,1.8477703784515,0.548,0.145,0,"3","TMEM97"
0,1.82116488493594,0.915,0.444,0,"3","MCM3"
0,1.80609589324396,0.704,0.177,0,"3","WDR34"
0,1.80143699678866,0.709,0.193,0,"3","CENPU"
0,1.80119760304138,0.588,0.134,0,"3","CHAF1B"
0,1.79926169829771,0.261,0.054,0,"3","GINS3"
0,1.79633603017206,0.357,0.089,0,"3","IMPA2"
0,1.79006794408342,0.658,0.177,0,"3","RNASEH2A"
0,1.78735840752257,0.281,0.069,0,"3","ASRGL1"
0,1.78608889816813,0.849,0.348,0,"3","DCTPP1"
0,1.77652689243777,0.593,0.167,0,"3","COPRS"
0,1.77592059648747,0.543,0.14,0,"3","CDC45"
0,1.77084691385998,0.523,0.123,0,"3","FAM111B"
0,1.76972995741104,0.327,0.071,0,"3","SLC25A10"
0,1.75956063956682,0.317,0.081,0,"3","GINS4"
0,1.75330782349096,0.673,0.164,0,"3","DTL"
0,1.74785533737304,0.251,0.061,0,"3","DDIAS"
0,1.74262258850167,0.508,0.11,0,"3","GGH"
0,1.74114703732858,0.633,0.155,0,"3","CENPH"
0,1.73778577298552,0.839,0.282,0,"3","PCLAF"
0,1.73194936209928,0.412,0.104,0,"3","NT5DC2"
0,1.72192698577414,0.593,0.139,0,"3","CTNNAL1"
0,1.70952899863983,0.548,0.131,0,"3","RAD51"
0,1.69924942475494,0.744,0.226,0,"3","RFC2"
0,1.69904655422249,0.276,0.067,0,"3","DERL3"
0,1.68149130908461,0.291,0.072,0,"3","TRIP13"
0,1.67096322367665,0.543,0.139,0,"3","DSN1"
0,1.66054472389424,0.286,0.059,0,"3","RECQL4"
0,1.65835743367778,0.739,0.197,0,"3","CHAF1A"
0,1.65164774766119,0.739,0.18,0,"3","ZWINT"
0,1.6333871620519,0.533,0.148,0,"3","TIMELESS"
0,1.6294373302374,0.975,0.353,0,"3","TYMS"
0,1.62089455952924,0.548,0.137,0,"3","WEE1"
0,1.61270157216089,0.528,0.144,0,"3","NR2C2AP"
0,1.60244023736521,0.693,0.207,0,"3","BRCA1"
4.8530979235295e-10,1.6012704190258,0.317,0.139,9.93186490050313e-06,"3","CCNB1"
0,1.59322465382644,0.799,0.283,0,"3","DTYMK"
0,1.57916413260286,0.558,0.188,0,"3","RMI2"
0,1.57885008529332,0.377,0.096,0,"3","PRADC1"
0,1.57522078171061,0.668,0.173,0,"3","WDHD1"
0,1.56990792149952,0.558,0.181,0,"3","TK1"
0,1.56131493482021,0.397,0.105,0,"3","CCNE2"
0,1.55805778298761,0.588,0.183,0,"3","RFC5"
0,1.54801203196798,0.528,0.169,0,"3","CDK2"
0,1.54695665661541,0.357,0.085,0,"3","CHTF18"
0,1.54238218748795,0.91,0.463,0,"3","PCNA"
0,1.54221315258366,0.739,0.274,0,"3","MSH6"
0,1.5396476798429,0.497,0.124,0,"3","MCM10"
0,1.5345393887057,0.588,0.263,0,"3","PTTG1"
0,1.52596690149887,0.437,0.138,0,"3","CENPS"
0,1.52107909483216,0.899,0.426,0,"3","HELLS"
0,1.5171880911883,0.462,0.115,0,"3","E2F2"
0,1.51029540239586,0.839,0.389,0,"3","CDK4"
0,1.50862674942672,0.854,0.319,0,"3","SMC2"
0,1.50852585834575,0.407,0.138,0,"3","NUDT8"
0,1.50797289228612,0.603,0.183,0,"3","HMGB3"
0,1.49911657206069,0.648,0.178,0,"3","CENPW"
0,1.49535130782991,0.844,0.368,0,"3","DHFR"
0,1.49026719560444,0.417,0.105,0,"3","DSCC1"
0,1.49018121759233,0.693,0.26,0,"3","RFC4"
0,1.48713610383722,0.548,0.177,0,"3","TIPIN"
0,1.48262481163579,0.789,0.369,0,"3","CDCA7"
0,1.47811074256414,0.452,0.12,0,"3","ZWILCH"
0,1.46171897551198,0.266,0.073,0,"3","B4GALT2"
0,1.46170518059477,0.915,0.549,0,"3","SLBP"
0,1.45924080416026,0.271,0.079,0,"3","ATP2A1-AS1"
0,1.45774959591307,0.568,0.145,0,"3","ZNF367"
0,1.44426869793613,0.583,0.187,0,"3","IFI27L1"
0,1.43323789703519,0.97,0.619,0,"3","RANBP1"
0,1.43235483545273,0.879,0.438,0,"3","CENPX"
0,1.43156155950172,0.417,0.122,0,"3","OIP5"
0,1.41957861571914,0.291,0.087,0,"3","PYCR1"
0,1.41838541236237,0.452,0.154,0,"3","LRRC45"
0,1.41731451643164,0.271,0.077,0,"3","C3orf14"
0,1.41114085207199,0.673,0.272,0,"3","PXMP2"
0,1.41074698177865,0.995,0.719,0,"3","TUBA1B"
0,1.40311288491475,0.975,0.481,0,"3","STMN1"
0,1.40078607210444,0.698,0.318,0,"3","SLC1A5"
0,1.39968025326604,0.367,0.105,0,"3","ZGRF1"
0,1.39864720873565,0.709,0.293,0,"3","C19orf48"
0,1.38779815698985,0.754,0.322,0,"3","MSH2"
0,1.38261086367941,0.442,0.134,0,"3","ATAD3A"
0,1.38211668883743,0.98,0.737,0,"3","DUT"
0,1.3817043924228,0.638,0.217,0,"3","POLD3"
0,1.3802038690678,0.291,0.089,0,"3","LRRCC1"
0,1.37979626272722,0.744,0.272,0,"3","MAD2L1"
0,1.37346785595868,0.839,0.359,0,"3","SNRNP25"
0,1.37025220965886,0.362,0.108,0,"3","TEDC1"
0,1.36783127531704,0.337,0.095,0,"3","CHAC2"
0,1.36443174801413,0.714,0.282,0,"3","CDCA7L"
1.55431223447522e-15,1.36407440451959,0.266,0.08,3.18089998785354e-11,"3","GALE"
0,1.36280807063494,0.382,0.113,0,"3","COLGALT1"
0,1.35954288749941,0.965,0.647,0,"3","NASP"
0,1.359142272854,0.271,0.078,0,"3","SLC25A19"
0,1.35621778566574,0.633,0.214,0,"3","MMS22L"
0,1.34882555899463,0.683,0.222,0,"3","ATAD5"
0,1.34826262895275,0.874,0.361,0,"3","DNAJC9"
0,1.33819962067868,0.804,0.343,0,"3","TMEM106C"
0,1.33794938798496,0.286,0.073,0,"3","GINS1"
0,1.33732932472433,0.814,0.355,0,"3","FABP5"
0,1.33173805441722,0.432,0.117,0,"3","FANCL"
0,1.32947581394278,0.724,0.234,0,"3","GMNN"
0,1.32770920160832,0.643,0.235,0,"3","PRIM1"
0,1.32582951734928,0.97,0.6,0,"3","HNRNPAB"
0,1.31113364666467,0.352,0.102,0,"3","KLHL23"
0,1.31082319197407,0.583,0.178,0,"3","ZMYND19"
0,1.30880155842705,0.312,0.092,0,"3","C4orf46"
0,1.30788115841758,0.859,0.451,0,"3","EBP"
0,1.30725570959346,0.492,0.163,0,"3","CCNE1"
0,1.30436389829318,0.312,0.096,0,"3","RAD54B"
0,1.29393671943729,0.533,0.171,0,"3","POLA2"
0,1.29248055960884,0.417,0.132,0,"3","SLC19A1"
0,1.28907584063982,0.397,0.136,0,"3","CEP55"
0,1.27905219954886,0.98,0.726,0,"3","HMGB2"
0,1.27686438830178,0.653,0.204,0,"3","WDR76"
0,1.27415390798098,0.864,0.527,0,"3","NME1"
0,1.27030482634358,0.864,0.493,0,"3","SDF2L1"
0,1.26571308451766,0.925,0.468,0,"3","NUDT1"
0,1.25861844182652,0.417,0.122,0,"3","MIS18A"
0,1.25825460623039,0.724,0.31,0,"3","PSMG1"
0,1.25811505516825,0.357,0.106,0,"3","TMPO-AS1"
0,1.25747676773655,0.528,0.164,0,"3","C9orf40"
0,1.25655724007259,0.724,0.282,0,"3","ACOT7"
0,1.25446130476612,0.417,0.139,0,"3","PPIL1"
0,1.25438396136188,0.467,0.152,0,"3","SLC43A3"
0,1.25110662580581,0.563,0.2,0,"3","POLD1"
6.66133814775094e-16,1.24973525662106,0.322,0.109,1.36324285193723e-11,"3","MND1"
0,1.24762493544545,0.477,0.127,0,"3","POLE"
0,1.24105700896421,0.266,0.072,0,"3","EFCAB11"
0,1.23349255681785,0.93,0.556,0,"3","RPA3"
0,1.23195730631295,0.719,0.244,0,"3","LIG1"
0,1.2307624428557,0.553,0.162,0,"3","KNTC1"
0,1.22008870697094,0.528,0.174,0,"3","DONSON"
4.44089209850063e-16,1.21938419149798,0.302,0.096,9.08828567958153e-12,"3","PDF"
1.4477308241112e-13,1.21693807771312,0.342,0.134,2.96278113154358e-09,"3","FADS1"
0,1.21327375254822,0.824,0.443,0,"3","TMEM109"
0,1.20806749115476,0.533,0.157,0,"3","BRCA2"
0,1.20017456629424,0.563,0.187,0,"3","HIRIP3"
0,1.19901831964162,0.477,0.188,0,"3","NRM"
0,1.19687029475887,0.739,0.309,0,"3","RBBP8"
0,1.19674389896171,0.442,0.142,0,"3","FANCG"
0,1.19496654578222,0.704,0.304,0,"3","TEX30"
0,1.19025586748156,0.593,0.242,0,"3","FN3KRP"
0,1.18819286082883,0.945,0.62,0,"3","LSM4"
6.66133814775094e-16,1.18722118896007,0.307,0.099,1.36324285193723e-11,"3","SUV39H1"
0,1.18494899387167,0.925,0.425,0,"3","LMNB1"
0,1.18037084679644,0.387,0.134,0,"3","SPATA33"
0,1.1792375376658,0.995,0.916,0,"3","HMGN2"
0,1.17580904760904,0.427,0.146,0,"3","CCDC34"
2.01189739179597e-06,1.17244508272951,0.317,0.178,0.0411734801231045,"3","CAR"
0,1.17119198199128,0.613,0.252,0,"3","BCL2L12"
0,1.17101096306681,0.834,0.408,0,"3","CCDC167"
0,1.16618178227203,0.372,0.13,0,"3","WRAP53"
0,1.15893227692012,0.432,0.139,0,"3","FIGNL1"
0,1.15868520990665,0.794,0.398,0,"3","MTHFD1"
0,1.15771498593095,0.422,0.15,0,"3","PPRC1"
0,1.1506945046573,0.472,0.151,0,"3","UCK2"
0,1.1460950752874,0.492,0.168,0,"3","CDKN3"
6.66133814775094e-16,1.14607514864719,0.342,0.116,1.36324285193723e-11,"3","C11orf24"
0,1.14366130032787,0.307,0.093,0,"3","RAD54L"
6.65245636355394e-13,1.14219780096347,0.281,0.099,1.36142519480131e-08,"3","KLF11"
0,1.14087417943932,0.332,0.102,0,"3","PLK4"
0,1.14047828391002,0.543,0.211,0,"3","PDXP"
0,1.14038584703459,0.698,0.234,0,"3","CENPM"
9.83879644422814e-13,1.13714843528088,0.312,0.118,2.01350969231129e-08,"3","FADS2"
0,1.135335632385,0.327,0.099,0,"3","FANCB"
0,1.13425596029641,0.603,0.228,0,"3","GPN3"
0,1.12723530069992,0.995,0.843,0,"3","DEK"
0,1.12613029920076,0.899,0.55,0,"3","CYCS"
0,1.1201098736091,0.347,0.107,0,"3","DNA2"
8.41622549430099e-10,1.11955875242061,0.296,0.127,1.7223805474087e-05,"3","IFT22"
0,1.11952479449312,0.774,0.386,0,"3","POLD2"
0,1.1176286190591,0.513,0.172,0,"3","CENPN"
2.22044604925031e-16,1.11409798765883,0.307,0.096,4.54414283979077e-12,"3","SUV39H2"
3.64375196681976e-13,1.11327560688618,0.397,0.169,7.45693840009665e-09,"3","IFI30"
0,1.10664764405665,0.538,0.223,0,"3","IFRD2"
0,1.10593189556093,0.965,0.692,0,"3","ALYREF"
6.86828371954107e-12,1.09299836014337,0.256,0.089,1.40559426320408e-07,"3","EXO1"
0,1.08701948410299,0.709,0.343,0,"3","PGP"
1.56240376192329e-09,1.08693314975029,0.352,0.168,3.19745929877602e-05,"3","CD59"
5.99520433297585e-14,1.08582581071223,0.307,0.107,1.22691856674351e-09,"3","EEF2KMT"
1.34114941374719e-13,1.08270915421774,0.332,0.123,2.74466227523362e-09,"3","TIMM8A"
3.33066907387547e-15,1.07560893178788,0.362,0.13,6.81621425968615e-11,"3","BYSL"
0,1.07538526796586,0.638,0.235,0,"3","UBE2T"
6.06181771445335e-14,1.07451244807081,0.347,0.132,1.24055099526288e-09,"3","CAD"
1.93156601824285e-12,1.07408175745578,0.317,0.12,3.95294985633399e-08,"3","PM20D2"
0,1.07181834400525,0.884,0.464,0,"3","USP1"
1.1137957223184e-10,1.07031145961629,0.357,0.163,2.27938294572461e-06,"3","NQO1"
0,1.06829355211348,0.794,0.351,0,"3","YEATS4"
2.22044604925031e-16,1.06712062224862,0.317,0.101,4.54414283979077e-12,"3","POC1A"
0,1.06436955653062,0.704,0.263,0,"3","CKS1B"
0,1.06380523216725,1,0.844,0,"3","H2AFZ"
0,1.06380245169751,0.693,0.319,0,"3","POP7"
0,1.0617090207371,0.754,0.393,0,"3","ACAT2"
1.31006316905768e-14,1.06107471349539,0.407,0.163,2.68104427547655e-10,"3","TTLL12"
0,1.05951467325808,0.613,0.244,0,"3","SHMT1"
6.2299054803816e-12,1.05304600579032,0.296,0.112,1.2749501565601e-07,"3","RPL39L"
0,1.05159173796831,0.633,0.224,0,"3","LRR1"
4.2410519540681e-13,1.04703867542966,0.286,0.1,8.67931282400036e-09,"3","KHK"
0,1.04475074171982,0.915,0.563,0,"3","LSM3"
0,1.04428144819252,0.442,0.165,0,"3","CLN6"
0,1.04168684930747,0.91,0.549,0,"3","TFDP1"
0,1.04025544768854,0.879,0.421,0,"3","RRM1"
4.44089209850063e-16,1.04005314058569,0.342,0.117,9.08828567958153e-12,"3","FANCA"
4.66293670342566e-15,1.03553816914855,0.302,0.099,9.54269996356061e-11,"3","ZNF519"
0,1.03208847942639,0.678,0.286,0,"3","DPM2"
0,1.03072675825838,0.839,0.467,0,"3","MANF"
0,1.03050050618393,0.769,0.373,0,"3","TOMM40"
0,1.0291465195688,0.497,0.157,0,"3","MYBL2"
0,1.02841731189852,0.99,0.776,0,"3","ANXA2"
0,1.02510959729907,0.543,0.214,0,"3","BRI3BP"
0,1.02354654922965,0.693,0.329,0,"3","HAUS4"
1.33271171876004e-12,1.02236577888109,0.302,0.11,2.72739453244242e-08,"3","PFAS"
0,1.01599486688286,0.995,0.921,0,"3","RAN"
9.27702359376781e-12,1.01537277730701,0.332,0.134,1.89854287846458e-07,"3","DPYSL2"
0,1.01410888640669,0.442,0.158,0,"3","RFC3"
0,1.01021708507676,0.975,0.687,0,"3","SIVA1"
1.02140518265514e-14,1.00937739104668,0.387,0.151,2.09030570630375e-10,"3","PIDD1"
4.2410519540681e-14,1.00669158857094,0.407,0.164,8.67931282400036e-10,"3","BUB1"
6.15285600247262e-13,1.00514048802017,0.312,0.112,1.25918198090602e-08,"3","DUS2"
0,1.00473024304085,0.744,0.361,0,"3","NXT1"
0,0.99973238437776,0.673,0.305,0,"3","BRIX1"
0,0.995402814783781,0.965,0.702,0,"3","SNRPD1"
0,0.995036293552857,0.392,0.131,0,"3","FANCC"
3.2610295797042e-08,0.992934379938588,0.327,0.161,0.000667369703486465,"3","BIRC5"
0,0.986608296851103,0.457,0.167,0,"3","CDC7"
0,0.985154020205374,0.513,0.182,0,"3","SPATS2L"
0,0.985084201291728,0.995,0.952,0,"3","HSP90AA1"
0,0.984431951365558,0.824,0.393,0,"3","TOPBP1"
0,0.984299317334045,0.603,0.25,0,"3","CTPS1"
6.26010354665141e-12,0.981713461594586,0.256,0.091,1.28113019082221e-07,"3","KHDC1"
0,0.979939322722737,0.794,0.449,0,"3","GGCT"
2.88657986402541e-15,0.978788322332781,0.377,0.139,5.907385691728e-11,"3","PKMYT1"
0,0.977691730820108,0.533,0.184,0,"3","DDX11"
0,0.976076500477185,0.583,0.273,0,"3","NOP16"
0,0.975850562130432,0.985,0.798,0,"3","SNRPB"
0,0.974675259669065,0.985,0.891,0,"3","CRIP1"
7.35167482446286e-12,0.974047676827964,0.327,0.129,1.50452025282632e-07,"3","DHCR24"
1.99840144432528e-15,0.972810555842562,0.332,0.113,4.08972855581169e-11,"3","LIN9"
0,0.969420522518515,0.367,0.109,0,"3","MCM8"
0,0.968268172570477,0.472,0.192,0,"3","HAUS5"
0,0.967555520314306,0.94,0.608,0,"3","DNMT1"
1.39688260958337e-12,0.965731084413046,0.281,0.099,2.85872026051237e-08,"3","MTFR2"
0,0.964716551290959,0.588,0.234,0,"3","PHGDH"
0,0.960928323844048,0.583,0.265,0,"3","MRTO4"
4.35471436688317e-10,0.960926381315162,0.266,0.105,8.91192295182641e-06,"3","MAP1A"
0,0.960278108502651,0.995,0.895,0,"3","TXN"
0,0.958952218138799,0.759,0.419,0,"3","EEF1E1"
5.28910248931425e-12,0.955423216137356,0.327,0.129,1.08241482443816e-07,"3","CCHCR1"
0,0.952292366024165,0.578,0.179,0,"3","BRIP1"
0,0.951526120340273,0.734,0.359,0,"3","NABP2"
0,0.949123968098672,0.98,0.748,0,"3","HSPE1"
4.46309655899313e-14,0.94757298436428,0.342,0.125,9.13372710797944e-10,"3","HAUS8"
1.81514803188065e-11,0.94558834515479,0.302,0.115,3.71470044724376e-07,"3","HGH1"
1.46549439250521e-14,0.945436022210868,0.628,0.328,2.99913427426191e-10,"3","ECI1"
0,0.945173217234676,0.598,0.227,0,"3","SAC3D1"
7.4140693584468e-13,0.944838605267683,0.302,0.108,1.51728929420614e-08,"3","ABHD11"
0,0.944635940155093,0.633,0.278,0,"3","MRPS17"
0,0.943479749791846,1,0.864,0,"3","SNRPG"
0,0.94150640911356,0.849,0.478,0,"3","CBX5"
3.98281407854029e-12,0.940917820514444,0.342,0.135,8.1508290117327e-08,"3","PRMT6"
0,0.940701043710024,0.844,0.518,0,"3","RPA2"
0,0.939936022810447,0.432,0.145,0,"3","GEMIN4"
1.84297022087776e-14,0.939355332853751,0.608,0.301,3.77163855702634e-10,"3","SNHG3"
1.15463194561016e-14,0.93449118011001,0.367,0.135,2.3629542766912e-10,"3","CENPQ"
3.3268206589554e-07,0.92977143077455,0.286,0.137,0.00680833847855222,"3","NUDT14"
3.34234862009453e-11,0.929480218002522,0.276,0.104,6.84011645102345e-07,"3","ARNTL2"
7.54951656745106e-15,0.929131620351139,0.477,0.202,1.54500856552886e-10,"3","APEX2"
0,0.925000458613139,0.714,0.368,0,"3","POLR3K"
4.30300461928823e-10,0.924221425001602,0.347,0.155,8.80609895337336e-06,"3","CENPV"
0,0.923057766323522,0.915,0.57,0,"3","SMC1A"
3.05664704658426e-08,0.922666116882341,0.276,0.125,0.000625542818083469,"3","CIDEB"
0,0.920466811282745,0.472,0.165,0,"3","MAP3K20"
2.21663798427585e-10,0.918011878628986,0.276,0.107,4.53634963482052e-06,"3","TSPAN4"
0,0.916615433706679,0.93,0.68,0,"3","NHP2"
0,0.916159968898093,0.568,0.244,0,"3","EIF4EBP1"
0,0.913361831391045,0.894,0.635,0,"3","SRM"
0,0.911481695097558,0.472,0.179,0,"3","PPAT"
0,0.910648361659205,0.854,0.489,0,"3","ATP1B3"
0,0.910344665666648,0.698,0.282,0,"3","FANCI"
3.82589071534767e-10,0.910221041564206,0.291,0.119,7.829685348959e-06,"3","CHEK2"
0,0.909822817591855,0.397,0.14,0,"3","RMI1"
1.88737914186277e-14,0.909795056506354,0.352,0.127,3.86252141382215e-10,"3","PEA15"
0,0.90935184441493,0.573,0.244,0,"3","CD151"
1.44924605649521e-09,0.908804416127776,0.307,0.132,2.96588205461745e-05,"3","SLC5A6"
0,0.90876380221002,0.915,0.602,0,"3","PPP1R14B"
1.15463194561016e-14,0.907016334921981,0.477,0.2,2.3629542766912e-10,"3","RBFA"
0,0.906874441497387,0.93,0.633,0,"3","LSM5"
0,0.906412545898168,0.729,0.391,0,"3","SNHG15"
0,0.906193503119637,0.809,0.481,0,"3","UQCC2"
0,0.905501462020535,0.824,0.48,0,"3","MRPL17"
0,0.903010284659651,0.533,0.213,0,"3","ICMT"
1.35447209004269e-13,0.902473209503018,0.638,0.344,2.77192713227237e-09,"3","SVIP"
6.66133814775094e-16,0.900333624360287,0.497,0.207,1.36324285193723e-11,"3","RUSC1"
0,0.898555647365974,0.417,0.132,0,"3","RAD51AP1"
9.9475983006414e-13,0.898439530886467,0.367,0.144,2.03577599222626e-08,"3","CHCHD4"
0,0.898131535062652,0.905,0.591,0,"3","DDX39A"
1.16728848809089e-12,0.895174680378215,0.312,0.116,2.38885589087801e-08,"3","SHCBP1"
0,0.893939212268515,0.96,0.684,0,"3","SNRPE"
0,0.891900659656927,0.869,0.502,0,"3","PAICS"
0,0.888545921898055,0.945,0.585,0,"3","GLRX5"
1.28785870856518e-14,0.884021982760835,0.422,0.173,2.63560284707864e-10,"3","TUBG1"
4.49351666986786e-10,0.88400614262769,0.251,0.096,9.19598186488457e-06,"3","CENPO"
0,0.883945559870815,0.452,0.162,0,"3","NCAPH2"
0,0.883934009704385,0.422,0.138,0,"3","NCAPH"
0,0.881913204391823,0.854,0.513,0,"3","BOLA3"
0,0.880949238613338,0.673,0.312,0,"3","EBNA1BP2"
0,0.877018862679694,0.935,0.627,0,"3","FDPS"
1.99840144432528e-15,0.876575736250994,0.508,0.222,4.08972855581169e-11,"3","MBD3"
0,0.876475938245467,0.91,0.678,0,"3","ATP5MC1"
0,0.875418947976733,0.889,0.564,0,"3","SSRP1"
8.88178419700125e-16,0.874648055543917,0.492,0.203,1.81765713591631e-11,"3","MTHFD1L"
0,0.874509342899134,0.905,0.554,0,"3","PSMC3"
0,0.874422361715535,0.724,0.376,0,"3","POLE4"
9.28146448586631e-14,0.874079156915036,0.462,0.202,1.89945170703254e-09,"3","KNOP1"
0,0.870267541334557,0.995,0.901,0,"3","CALR"
5.18620479894594e-10,0.870078887656518,0.337,0.147,1.06135681210429e-05,"3","SKP2"
1.33226762955019e-15,0.869155115059166,0.563,0.257,2.72648570387446e-11,"3","BOP1"
2.73270295281236e-12,0.867714016550407,0.337,0.133,5.5924765929305e-08,"3","PDSS1"
1.45639056370328e-12,0.867308407936671,0.357,0.138,2.98050328861876e-08,"3","TFAP4"
1.53210777398272e-14,0.866150537974007,0.472,0.201,3.13545855945563e-10,"3","RAD18"
1.82085457822723e-11,0.866072543082451,0.417,0.19,3.72637889434202e-07,"3","RRP9"
6.66133814775094e-16,0.865861092486144,0.447,0.172,1.36324285193723e-11,"3","TXNDC5"
0,0.860479730067393,0.749,0.36,0,"3","ITGB3BP"
2.23991936110224e-11,0.860477991046482,0.271,0.098,4.58399497249573e-07,"3","ALKBH2"
4.69482897003104e-10,0.854923927475495,0.276,0.108,9.60796748716852e-06,"3","CCDC51"
2.37587727269783e-14,0.853489473641657,0.427,0.173,4.86223283857612e-10,"3","SGO2"
0,0.85231044771465,0.849,0.505,0,"3","PNP"
2.22044604925031e-16,0.852076839603998,0.578,0.257,4.54414283979077e-12,"3","TPX2"
2.30437890991197e-11,0.851391308762181,0.442,0.209,4.71591143913486e-07,"3","CBR3"
6.27942142727989e-13,0.851371047858654,0.513,0.247,1.28508359509283e-08,"3","MRM2"
0,0.849840289981078,0.864,0.46,0,"3","SMC4"
1.02223873810203e-09,0.848765911120957,0.266,0.106,2.09201157752581e-05,"3","MPV17L2"
9.81437153768638e-14,0.846781937739739,0.407,0.165,2.00851113518752e-09,"3","SLC1A4"
5.57331958361829e-14,0.846196030370877,0.513,0.237,1.14057985278748e-09,"3","HLTF"
0,0.84595727442939,0.829,0.444,0,"3","PHF19"
1.55431223447522e-15,0.845251588280764,0.593,0.285,3.18089998785354e-11,"3","MAGOHB"
3.73479025483903e-13,0.844592112254941,0.407,0.169,7.64324825652807e-09,"3","UTP20"
0,0.843270770398208,0.437,0.159,0,"3","FANCD2"
0,0.842390212226778,0.95,0.614,0,"3","YWHAH"
0,0.842328819717063,0.673,0.311,0,"3","LRRC59"
2.22044604925031e-14,0.8405624145579,0.497,0.221,4.54414283979077e-10,"3","THOP1"
0,0.839362934263594,0.925,0.639,0,"3","CARHSP1"
1.13486997577184e-12,0.838635174077293,0.487,0.234,2.32251140541706e-08,"3","PRDX4"
0,0.838632176907419,0.935,0.699,0,"3","HMGA1"
3.60844687463668e-12,0.837389897770386,0.372,0.152,7.38468652894397e-08,"3","ITPRIPL1"
5.50766721119089e-09,0.836518170416328,0.296,0.128,0.000112714409477022,"3","BCS1L"
1.11022302462516e-15,0.836401872035463,0.583,0.258,2.27207141989538e-11,"3","ATL3"
7.72715225139109e-14,0.836055142140627,0.598,0.289,1.58136170824719e-09,"3","SPTSSA"
2.28705943072782e-14,0.835805280364387,0.497,0.215,4.68046712498449e-10,"3","CENPB"
4.2881254103122e-12,0.834764857202511,0.377,0.153,8.77564865220393e-08,"3","DPH2"
8.30522428607594e-09,0.834344223542047,0.286,0.124,0.000169966415014544,"3","NPM3"
0,0.833009504405741,0.864,0.535,0,"3","POLR2I"
0,0.832625475395824,0.839,0.459,0,"3","MAD2L2"
8.2762463549102e-11,0.832035995100514,0.332,0.138,1.69373381653237e-06,"3","HMMR"
0,0.830570065858447,1,0.985,0,"3","HNRNPA2B1"
4.90810614373061e-09,0.828889500849388,0.362,0.173,0.000100444392231447,"3","TRIM47"
7.6560535688941e-10,0.828644660768163,0.322,0.14,1.56681136287418e-05,"3","PARD6A"
0,0.824237146423846,0.804,0.426,0,"3","TPRKB"
0,0.824235418877124,0.809,0.408,0,"3","POLE3"
2.21356177831922e-09,0.824066837730073,0.307,0.132,4.53005417933028e-05,"3","PPP2R3B"
0,0.822830470181573,0.985,0.763,0,"3","CDK2AP2"
2.27439378441829e-09,0.822400550770554,0.251,0.099,4.65454687981204e-05,"3","MVK"
1.11022302462516e-14,0.819677573806177,0.673,0.341,2.27207141989538e-10,"3","MRPL24"
0,0.819570655381155,0.658,0.302,0,"3","ACD"
2.44249065417534e-15,0.818295330546518,0.593,0.284,4.99855712376984e-11,"3","FARSB"
6.66133814775094e-16,0.818198087307598,0.653,0.319,1.36324285193723e-11,"3","C20orf27"
5.32907051820075e-15,0.81749836356138,0.673,0.34,1.09059428154978e-10,"3","FH"
3.33066907387547e-14,0.816879398674673,0.633,0.304,6.81621425968615e-10,"3","DUSP23"
1.66753277852649e-11,0.816084174964906,0.402,0.175,3.41260583125447e-07,"3","CCDC86"
0,0.81587890730329,0.603,0.26,0,"3","NUP205"
0,0.815776708019492,1,0.962,0,"3","CHCHD2"
2.22044604925031e-16,0.81530728048977,0.623,0.29,4.54414283979077e-12,"3","RAD51C"
2.88657986402541e-14,0.815153003495227,0.593,0.295,5.907385691728e-10,"3","NUP37"
1.43662859386495e-11,0.814946063353806,0.452,0.208,2.94006041734463e-07,"3","ADI1"
9.67654845140942e-11,0.81482111372153,0.327,0.131,1.98030564058094e-06,"3","GTPBP3"
1.77635683940025e-14,0.814236952746677,0.643,0.318,3.63531427183261e-10,"3","GALK1"
2.88657986402541e-15,0.812888012176344,0.538,0.234,5.907385691728e-11,"3","ILVBL"
0,0.810906799420305,0.774,0.39,0,"3","TIMM10"
0,0.810460131515817,0.93,0.696,0,"3","TOMM5"
0,0.810000688855553,0.668,0.316,0,"3","MCUR1"
0,0.809308985720788,0.92,0.676,0,"3","BANF1"
1.88726512195814e-08,0.808664327969171,0.312,0.14,0.000386228807208733,"3","SFR1"
0,0.806581653149567,0.99,0.833,0,"3","UQCRQ"
3.50319773190222e-12,0.806551207998709,0.452,0.211,7.16929415833789e-08,"3","AP3M2"
0,0.803866107085998,0.945,0.679,0,"3","TMEM160"
0,0.803770623743319,0.95,0.704,0,"3","CACYBP"
0,0.803662878774284,1,0.992,0,"3","PTMA"
1.47881706880071e-12,0.80336453401537,0.462,0.203,3.02639913130065e-08,"3","MMAB"
0,0.802932630593322,0.98,0.867,0,"3","SRSF7"
2.02354510925318e-09,0.802608516608336,0.312,0.132,4.14118506608663e-05,"3","GNGT2"
1.02764463605354e-11,0.802592723805735,0.477,0.219,2.10307474768356e-07,"3","VARS"
0,0.802065315447084,0.995,0.863,0,"3","H2AFV"
3.18185477965471e-11,0.80183684917656,0.523,0.268,6.51166580656337e-07,"3","ACYP1"
3.70392605475445e-12,0.801378230932506,0.553,0.277,7.58008467105498e-08,"3","TSFM"
2.22044604925031e-16,0.80128688804457,0.789,0.451,4.54414283979077e-12,"3","NOP56"
9.17865783378602e-12,0.798039599471211,0.412,0.18,1.87841232568431e-07,"3","ASPM"
0,0.796819997303527,0.648,0.221,0,"3","NCAPG2"
0,0.795518568634684,0.693,0.345,0,"3","MCMBP"
4.44089209850063e-16,0.795504696556632,0.734,0.417,9.08828567958153e-12,"3","MRPL12"
7.34967642301854e-14,0.794257061084748,0.693,0.394,1.50411127997074e-09,"3","NOLC1"
4.44089209850063e-16,0.793879230762474,0.663,0.325,9.08828567958153e-12,"3","HADH"
2.08768002885051e-09,0.792562866505994,0.372,0.172,4.27243717904258e-05,"3","TIMM21"
4.88498130835069e-15,0.792072367809899,0.693,0.356,9.99711424753968e-11,"3","PMVK"
0,0.791886358903098,0.96,0.727,0,"3","CCT2"
0,0.791800857883097,0.789,0.466,0,"3","AHCY"
2.42441622333445e-11,0.790719602869299,0.945,0.877,4.96156780105395e-07,"3","LGALS1"
6.76103617536228e-12,0.789711117111848,0.372,0.154,1.38364605328789e-07,"3","NUDT15"
5.3895043983232e-10,0.788029234237997,0.523,0.289,1.10296207511684e-05,"3","SIGMAR1"
9.98519045225521e-11,0.785880218803348,0.362,0.155,2.04346922605403e-06,"3","PEMT"
0,0.784912800413725,0.709,0.338,0,"3","HAT1"
1.33226762955019e-15,0.783840380262083,0.714,0.376,2.72648570387446e-11,"3","DKC1"
2.71558331377264e-11,0.783094056438592,0.538,0.288,5.55744125163571e-07,"3","GPATCH4"
2.78078924331737e-08,0.783087346045055,0.296,0.135,0.0005690885186449,"3","ZNF749"
0,0.782899146487815,0.714,0.363,0,"3","VRK1"
7.69649799892136e-07,0.780089133374502,0.256,0.119,0.0157508831547926,"3","NAT14"
8.22930612542905e-11,0.780062342880298,0.558,0.301,1.68412749856905e-06,"3","ALDH16A1"
4.5825565564428e-11,0.779964077076565,0.317,0.123,9.37820199276018e-07,"3","TCFL5"
1.17683640610267e-14,0.779822305397726,0.543,0.242,2.40839570508911e-10,"3","GLRX2"
0,0.779808645672288,0.844,0.529,0,"3","IER3IP1"
8.72635297355373e-14,0.77921064134991,0.618,0.301,1.78584813603777e-09,"3","TOR3A"
2.28512986311102e-10,0.776613814471167,0.276,0.104,4.67651826485671e-06,"3","PDCD2L"
0,0.772770452189687,0.889,0.597,0,"3","HPRT1"
0,0.772107790261283,0.975,0.835,0,"3","PRDX1"
5.43500799921048e-11,0.771874305016942,0.342,0.139,1.11227438703843e-06,"3","PNPO"
0,0.771221968974892,0.889,0.633,0,"3","HSPB11"
4.08296063625357e-10,0.77052042627921,0.357,0.158,8.35577894209294e-06,"3","PELO"
2.74331615646162e-07,0.769435285517426,0.302,0.146,0.0056141965141987,"3","NUF2"
1.11022302462516e-15,0.768707549025694,0.754,0.389,2.27207141989538e-11,"3","HAUS1"
0,0.768015125444423,0.789,0.455,0,"3","ODC1"
1.55431223447522e-15,0.766269511905463,0.799,0.465,3.18089998785354e-11,"3","MRPS16"
0,0.766165486021389,0.799,0.448,0,"3","SMS"
2.22044604925031e-16,0.766096924515425,0.759,0.412,4.54414283979077e-12,"3","HSPH1"
6.66133814775094e-16,0.766049642591259,0.779,0.428,1.36324285193723e-11,"3","PSMB5"
0,0.766010961782719,0.965,0.77,0,"3","NDUFA6"
7.94280197169428e-11,0.765312841589609,0.608,0.336,1.62549442350723e-06,"3","CCDC28B"
2.22044604925031e-16,0.763243175998357,0.814,0.463,4.54414283979077e-12,"3","EXOSC8"
0,0.762507168317484,0.824,0.5,0,"3","MAT2A"
2.97805557991637e-10,0.761709996132582,0.387,0.175,6.09459074429886e-06,"3","GMPPB"
0,0.761251158967422,0.99,0.842,0,"3","ERH"
1.71196390397199e-13,0.761204516178378,0.588,0.288,3.50353412947868e-09,"3","MRPL35"
0,0.760636380285294,0.975,0.816,0,"3","HSPD1"
2.64233079860787e-14,0.759405671760172,0.563,0.257,5.40752997935101e-10,"3","BAG2"
3.69505404052006e-09,0.758085496598005,0.281,0.119,7.56192809392431e-05,"3","NIBAN2"
5.17186293791383e-12,0.758040077130697,0.317,0.119,1.05842175024407e-07,"3","AKAP1"
8.32992563815083e-10,0.75775197334373,0.442,0.225,1.70471928184757e-05,"3","NQO2"
0,0.756662735988801,0.884,0.548,0,"3","MLEC"
0,0.756227398154558,1,0.977,0,"3","CFL1"
1.061499754762e-08,0.755462064547272,0.251,0.103,0.000217235924812043,"3","BCL7A"
0,0.755447730281847,1,0.928,0,"3","GSTP1"
0,0.754640956238895,0.834,0.479,0,"3","TUBB4B"
8.88178419700125e-16,0.753980096169001,0.819,0.521,1.81765713591631e-11,"3","HSBP1"
1.64313007644523e-14,0.751669044929546,0.729,0.399,3.36266570144517e-10,"3","CD320"
2.82790346695094e-09,0.751543002468887,0.337,0.15,5.7873044451151e-05,"3","PDLIM7"
1.61581859003945e-12,0.751072247260433,0.513,0.244,3.30677274451574e-08,"3","BUD13"
1.53210777398272e-13,0.750998874070163,0.623,0.325,3.13545855945563e-09,"3","SNHG1"
1.72167471390594e-08,0.750638202907225,0.407,0.212,0.000352340730200851,"3","HPGD"
2.21450169535231e-07,0.750217956727791,0.271,0.124,0.0045319777195385,"3","PUSL1"
0,0.749935462424329,0.739,0.36,0,"3","NCAPD3"
3.58824081558851e-13,0.748549473811708,0.422,0.175,7.34333482910188e-09,"3","CIP2A"
0,0.748265647094383,0.814,0.449,0,"3","CRELD2"
2.22044604925031e-16,0.747992856475125,0.829,0.521,4.54414283979077e-12,"3","COPS3"
4.73865391370509e-12,0.747497027548498,0.508,0.243,9.69765523439747e-08,"3","SCOC"
4.37427871702312e-14,0.746947900231849,0.543,0.257,8.95196139438781e-10,"3","CMSS1"
7.70297587937563e-08,0.746714635617739,0.266,0.117,0.00157641401371422,"3","URB2"
1.17685527989408e-09,0.745835861490955,0.312,0.132,2.40843433030324e-05,"3","WDR53"
0,0.744985330778527,0.96,0.781,0,"3","NUCKS1"
7.56505968979582e-13,0.744795780401877,0.693,0.379,1.54818946551671e-08,"3","CDK2AP1"
8.86648665598955e-09,0.744292613148117,0.397,0.195,0.000181452649414826,"3","PRMT5"
6.14641448848374e-10,0.744123432471227,0.482,0.251,1.2578637250682e-05,"3","AIMP2"
2.24539276061364e-10,0.743817777361612,0.347,0.149,4.59519628459581e-06,"3","PARPBP"
2.87861712244819e-09,0.743799716077296,0.367,0.172,5.89108994109022e-05,"3","SAMD1"
1.28563826251593e-13,0.743567956325433,0.372,0.142,2.63105870423885e-09,"3","SGO1"
1.55608859131462e-12,0.742282835459412,0.563,0.284,3.18453530212537e-08,"3","AP1B1"
7.27218481211267e-07,0.741940673158908,0.266,0.128,0.0148825262179886,"3","NET1"
0,0.741869001137091,0.97,0.808,0,"3","SNRPF"
2.28705943072782e-14,0.741189694007876,0.518,0.222,4.68046712498449e-10,"3","PRPF4"
0,0.740743906066405,0.995,0.934,0,"3","PSMA7"
0,0.740322905244084,0.955,0.708,0,"3","CCT5"
3.64262022767292e-07,0.740107867232863,0.261,0.12,0.00745462229593263,"3","TULP3"
1.48769885299771e-14,0.737236216092561,0.794,0.44,3.04457570265981e-10,"3","TRAPPC2L"
6.34816643696468e-11,0.737221574927229,0.492,0.239,1.29915226132482e-06,"3","LMNB2"
0,0.736967445758569,0.633,0.298,0,"3","SLF1"
8.21565038222616e-15,0.735998397937018,0.503,0.217,1.68133285072258e-10,"3","ERI1"
2.27660201801427e-09,0.735867725776845,0.528,0.29,4.65906602986621e-05,"3","IRAK1"
0,0.73552123628924,0.92,0.68,0,"3","IMPDH2"
4.44089209850063e-15,0.735305477410306,0.749,0.396,9.08828567958153e-11,"3","GPAA1"
2.22044604925031e-16,0.735095103318719,0.814,0.451,4.54414283979077e-12,"3","PPIH"
0,0.732847327250821,0.879,0.612,0,"3","SNRPA1"
6.43701381086714e-09,0.732452272283515,0.422,0.209,0.000131733487639396,"3","CNP"
0,0.732409456874401,0.925,0.676,0,"3","TRIM28"
2.02652755043609e-06,0.732082837268988,0.578,0.39,0.0414728863196745,"3","HLA-DRB5"
5.62403457138316e-11,0.731480797790948,0.357,0.152,1.15095867503356e-06,"3","FBXO4"
0,0.731416563198413,0.94,0.77,0,"3","PDCD5"
0,0.730320465296642,0.854,0.534,0,"3","MRPL11"
3.4037217488958e-12,0.729937065808577,0.563,0.277,6.96571655911526e-08,"3","TMEM70"
0,0.729765045252018,0.92,0.663,0,"3","CYC1"
0,0.728507173874428,0.995,0.891,0,"3","PA2G4"
1.47619694246259e-10,0.728329539927064,0.497,0.248,3.0210370427497e-06,"3","ING5"
9.7707841817396e-11,0.728206588496159,0.422,0.197,1.99959098279301e-06,"3","TUBGCP5"
7.1942851675999e-10,0.727854644214319,0.342,0.151,1.47231045954932e-05,"3","PUS1"
2.07675652674766e-07,0.726097752257891,0.332,0.17,0.00425008223198908,"3","CAMK1"
0,0.725102409011199,0.985,0.776,0,"3","H2AFY"
0,0.724559920549707,0.91,0.65,0,"3","SNRPC"
0,0.724016621906312,0.95,0.74,0,"3","MRPL51"
3.31734639757997e-13,0.723707888497554,0.648,0.349,6.7889494026474e-09,"3","HACD3"
0,0.723154529972878,0.97,0.775,0,"3","PSMB6"
2.35367281220533e-14,0.72071189890018,0.764,0.416,4.81679141017821e-10,"3","MRPS26"
2.59792187762287e-14,0.720053721889471,0.673,0.339,5.3166471225552e-10,"3","ALG3"
3.49040796265854e-11,0.719941532207925,0.442,0.205,7.1431198955807e-07,"3","SCMH1"
0,0.719505695840227,0.91,0.612,0,"3","DHX9"
1.37334588146132e-12,0.719320249905477,0.744,0.429,2.81055234641059e-08,"3","PRPF19"
3.89466237038505e-12,0.719296011636636,0.558,0.28,7.970426540993e-08,"3","ALG8"
0,0.719170613480633,0.94,0.659,0,"3","NOP58"
2.60902410786912e-12,0.719161829509788,0.492,0.224,5.33936783675415e-08,"3","ZBED1"
2.44249065417534e-15,0.71874742813394,0.905,0.612,4.99855712376984e-11,"3","TXNDC17"
2.48519009482528e-06,0.717766586951196,0.286,0.144,0.0508594152905995,"3","DHCR7"
1.33901822962912e-09,0.717379980957654,0.357,0.16,2.74030080693599e-05,"3","GPR180"
2.22044604925031e-16,0.717266950822655,0.874,0.541,4.54414283979077e-12,"3","CISD2"
7.88863725453837e-08,0.717042192909652,0.266,0.116,0.00161440961414128,"3","GCAT"
0,0.715033385527616,1,0.913,0,"3","PSME2"
0,0.714929997658632,0.975,0.743,0,"3","CCT6A"
0,0.714873434695111,0.94,0.674,0,"3","NDUFB6"
2.22044604925031e-16,0.714497700279825,0.668,0.335,4.54414283979077e-12,"3","BLM"
8.29045077033186e-09,0.714381957252124,0.548,0.317,0.000169664075014841,"3","CYB5A"
1.3676469756696e-07,0.714190337083446,0.482,0.284,0.00279888953570784,"3","TNF"
1.71329617160154e-12,0.714180579382377,0.533,0.251,3.50626061518255e-08,"3","WDR46"
2.77753375854672e-11,0.714036184530539,0.457,0.21,5.68422283686587e-07,"3","SPINDOC"
6.29043928057627e-09,0.713302468284028,0.251,0.099,0.000128733839876993,"3","L2HGDH"
0,0.713063664761036,0.492,0.189,0,"3","CENPE"
2.22044604925031e-16,0.713061902398031,0.894,0.617,4.54414283979077e-12,"3","STOML2"
0,0.712067828316206,1,0.852,0,"3","TUBB"
7.105427357601e-14,0.711674898090576,0.744,0.418,1.45412570873305e-09,"3","GUSB"
0,0.711461684534053,0.784,0.381,0,"3","ATAD2"
1.11464171226316e-11,0.710526744771834,0.281,0.101,2.28111426414657e-07,"3","ATAD3B"
0,0.710466300097394,1,0.977,0,"3","PPIA"
1.28053123660266e-11,0.708194091292619,0.553,0.277,2.62060717570733e-07,"3","KIF20B"
0,0.707697125873245,0.975,0.799,0,"3","ANXA5"
1.10578213252666e-13,0.707598833558736,0.824,0.533,2.2629831342158e-09,"3","CISD3"
2.93295720155129e-07,0.707065474542142,0.296,0.143,0.00600229691297471,"3","FAHD1"
4.27828835247723e-07,0.706140850119427,0.317,0.155,0.00875551711334466,"3","CENPL"
6.8478978043629e-10,0.705755447161687,0.442,0.213,1.40142228566287e-05,"3","JMJD8"
5.85709258871248e-12,0.705677328856253,0.653,0.344,1.19865399828001e-07,"3","EXOSC5"
3.11195513802431e-12,0.704730733916206,0.623,0.31,6.36861618996676e-08,"3","MRPL39"
4.81836792687318e-14,0.70325883685122,0.915,0.683,9.86078996234596e-10,"3","ANP32E"
8.02913291408913e-13,0.702540970627029,0.683,0.389,1.64316205086834e-08,"3","PPIF"
8.47806269632656e-11,0.702166881767622,0.543,0.281,1.73503553080323e-06,"3","AAAS"
1.52071608638948e-08,0.700071242765256,0.437,0.225,0.000311214547079608,"3","NTHL1"
0,0.700061326439223,0.93,0.633,0,"3","SMC3"
4.91626739318463e-11,0.699997050281296,0.598,0.313,1.00611412201523e-06,"3","ACAT1"
7.09038445734222e-07,0.69911438695814,0.251,0.114,0.0145104717919509,"3","NAGA"
1.9077601276507e-08,0.698472460573737,0.291,0.129,0.000390423110123717,"3","SNX8"
1.20322640739801e-10,0.698131452184183,0.503,0.258,2.46240284274002e-06,"3","DPP3"
6.10622663543836e-14,0.696601647271971,0.799,0.465,1.24963928094246e-09,"3","TFAM"
7.47552686419795e-10,0.695448390562674,0.518,0.267,1.52986657275811e-05,"3","GCSH"
1.13416589897497e-07,0.694406134299613,0.281,0.127,0.00232107051225228,"3","WDR4"
1.44495526654964e-11,0.692861323090875,0.623,0.338,2.95710095299384e-07,"3","GOT2"
6.43929354282591e-15,0.690525441791778,0.874,0.587,1.31780142353932e-10,"3","RECQL"
0,0.690129081249739,0.618,0.227,0,"3","CENPP"
2.42232045533086e-08,0.690087092227975,0.347,0.167,0.000495727881183461,"3","HMBS"
0,0.690002554386143,0.96,0.761,0,"3","PRKDC"
8.65973959207622e-15,0.690001334970607,0.352,0.124,1.7722157075184e-10,"3","CENPJ"
9.72555369571637e-14,0.689699839248652,0.804,0.508,1.99033456382836e-09,"3","ARL2"
0,0.689215199634594,0.935,0.626,0,"3","COX17"
1.11688436277291e-13,0.689150340041607,0.844,0.53,2.28570384841476e-09,"3","MRPS12"
2.06079597830922e-12,0.688765000429086,0.412,0.173,4.21741896960981e-08,"3","SASS6"
1.635229729402e-10,0.688471203679536,0.573,0.315,3.34649764122119e-06,"3","RBM14"
1.23613109970222e-07,0.687253578515556,0.261,0.115,0.00252974229554059,"3","MSH5"
0,0.686768531681844,1,0.936,0,"3","COX8A"
6.83657574995777e-11,0.686350443001822,0.869,0.596,1.39910522722886e-06,"3","RPL22L1"
4.04582742574711e-06,0.685132209838313,0.372,0.215,0.0827978582679145,"3","TSPAN3"
0,0.68493545456613,0.97,0.72,0,"3","ANAPC11"
4.4987349401282e-09,0.684714298623457,0.447,0.223,9.20666105497236e-05,"3","NOC4L"
2.37787567414216e-12,0.683947892340944,0.593,0.29,4.86632256713193e-08,"3","THAP7"
2.04268861825341e-08,0.683164176584286,0.387,0.189,0.00041803622572556,"3","RAD1"
0,0.68294868463958,0.975,0.832,0,"3","PSMA2"
0,0.682245925382751,0.98,0.855,0,"3","CBX3"
5.01820807130571e-13,0.681756542030789,0.709,0.381,1.02697628179271e-08,"3","RUVBL2"
3.44008014319108e-06,0.680353328782237,0.251,0.122,0.0704012401304055,"3","SLC27A4"
7.32747196252603e-15,0.680022619796176,0.683,0.339,1.49956713713095e-10,"3","CKS2"
1.88959958791202e-13,0.679767234001212,0.794,0.477,3.86706555666194e-09,"3","AKT1"
4.02851085823386e-11,0.679386353811884,0.543,0.272,8.24434747137559e-07,"3","UBR7"
4.50750547997814e-14,0.676014431225056,0.618,0.294,9.22460996477525e-10,"3","GAR1"
3.18947090960364e-11,0.675806941577456,0.698,0.396,6.52725221650385e-07,"3","MRPS23"
0,0.674697617177378,1,0.989,0,"3","PFN1"
9.44733180574531e-12,0.674320880506175,0.568,0.282,1.93339645404578e-07,"3","ISOC2"
2.62723176547297e-11,0.674170732775555,0.543,0.264,5.37662980804043e-07,"3","TBC1D10B"
4.32920366222334e-12,0.673631486624445,0.648,0.352,8.85971529474006e-08,"3","EXOSC9"
4.44089209850063e-16,0.673067512766082,0.698,0.343,9.08828567958153e-12,"3","RBL1"
2.89746004966673e-12,0.672983035347753,0.508,0.237,5.92965199164297e-08,"3","UMPS"
1.52765133876187e-10,0.671927189747078,0.553,0.293,3.12633846477617e-06,"3","PMM1"
1.13800080470128e-11,0.671004912706858,0.638,0.34,2.32891864682117e-07,"3","COMTD1"
5.10702591327572e-15,0.670601815115963,0.693,0.35,1.04515285315188e-10,"3","CSE1L"
1.44979583893701e-10,0.670583685453471,0.704,0.412,2.96700718438458e-06,"3","WDR18"
1.75141012803692e-10,0.670351519260225,0.663,0.374,3.58426082702756e-06,"3","IMP4"
1.17528209386819e-12,0.669682729464546,0.492,0.218,2.40521480510125e-08,"3","KMT5A"
2.14599563452822e-07,0.669570911557373,0.317,0.154,0.004391780066062,"3","DEF8"
0,0.66716267016636,0.92,0.634,0,"3","RAB5IF"
7.86881670933326e-12,0.666804165496804,0.799,0.473,1.61035333956505e-07,"3","PGD"
0,0.665635789351047,0.97,0.692,0,"3","NUTF2"
0,0.663373042651808,0.955,0.71,0,"3","NAA38"
1.28785870856518e-14,0.663354277810644,0.819,0.5,2.63560284707864e-10,"3","THOC3"
1.36113342819044e-13,0.663155213292309,0.447,0.188,2.78555956079174e-09,"3","LRP8"
1.19560139566488e-10,0.661981690237185,0.357,0.152,2.44679825622818e-06,"3","ENDOD1"
2.36539676734537e-10,0.660818047177712,0.402,0.179,4.84078448437231e-06,"3","GEMIN6"
2.47379894346977e-12,0.660649413876777,0.734,0.419,5.06262953781089e-08,"3","TIMM23"
7.04014624375304e-12,0.660373384226357,0.693,0.379,1.44076592878406e-07,"3","MRPS11"
0,0.659657999909073,1,0.991,0,"3","HMGB1"
3.17257331516885e-12,0.659284727596168,0.482,0.218,6.49267128949305e-08,"3","SLC27A2"
3.79538569905691e-07,0.659101597779171,0.296,0.141,0.00776725683311996,"3","SNTA1"
4.96505059288666e-11,0.65892397146719,0.683,0.414,1.01609760383425e-06,"3","RPIA"
0,0.65882676316168,0.995,0.935,0,"3","SLC25A5"
1.28820873968039e-08,0.655510055116315,0.281,0.121,0.000263631918575591,"3","DEPDC1B"
1.0795808691455e-12,0.655036726326082,0.834,0.539,2.20936224870627e-08,"3","MRPL4"
2.25930385511219e-12,0.654500246258169,0.327,0.123,4.6236653394871e-08,"3","BUB1B"
6.70574706873595e-14,0.654353426888893,0.859,0.57,1.37233113761681e-09,"3","ITGB1BP1"
2.22044604925031e-15,0.653017825478907,0.91,0.694,4.54414283979077e-11,"3","SUPT16H"
2.18806972540619e-10,0.652332568575267,0.357,0.152,4.47788469304378e-06,"3","PGAM5"
0,0.651667162339105,0.99,0.921,0,"3","HNRNPF"
3.16249086917963e-08,0.651009744427474,0.467,0.25,0.000647203756377612,"3","METRN"
5.32243633610818e-08,0.650669228613066,0.337,0.16,0.00108923659618454,"3","AL138724.1"
0,0.65008618211657,0.98,0.805,0,"3","SRSF2"
9.50350909079134e-14,0.649694638069237,0.884,0.54,1.94489313543045e-09,"3","CHCHD1"
7.37418792695621e-10,0.649330033321697,0.749,0.476,1.50912755925159e-05,"3","PSMC2"
2.52242671194836e-13,0.649241459057575,0.889,0.59,5.16214626600231e-09,"3","SUMO3"
4.46681107657554e-08,0.64904236314148,0.322,0.149,0.000914132886821184,"3","BOLA2B"
1.41342493265029e-11,0.648335735949912,0.678,0.381,2.89257412466881e-07,"3","NUP107"
0,0.648101052283691,0.925,0.748,0,"3","NDUFS6"
1.76661751893903e-08,0.647960763851338,0.291,0.127,0.000361538275250872,"3","EAF2"
1.28825905498786e-09,0.64669108329852,0.503,0.256,2.63642215603266e-05,"3","QDPR"
9.79284845770145e-06,0.646437430273011,0.312,0.17,0.20041064368686,"3","SLC39A4"
1.03059116796089e-10,0.646390762471728,0.487,0.223,2.10910482523197e-06,"3","MYO19"
4.82389217459911e-09,0.646352125869483,0.432,0.212,9.87209533531708e-05,"3","CPSF4"
0,0.646170078461127,0.985,0.85,0,"3","C12orf75"
1.57847407411538e-06,0.645790746046798,0.261,0.124,0.0323034719267712,"3","GLA"
1.51434420558871e-13,0.645312443396198,0.754,0.401,3.0991054167373e-09,"3","CBX1"
0,0.644970187466963,1,0.991,0,"3","VIM"
2.22044604925031e-16,0.64475157239726,0.915,0.667,4.54414283979077e-12,"3","DAZAP1"
0,0.644717245901565,0.975,0.881,0,"3","POLR2L"
0,0.64349884806779,1,0.952,0,"3","EIF4A1"
1.31578148376832e-08,0.642589435837554,0.387,0.185,0.000269274680653186,"3","RRS1"
3.4043301511133e-10,0.642438224157179,0.487,0.239,6.96696165425337e-06,"3","LYRM4"
2.58904009342587e-13,0.641277369565953,0.402,0.16,5.29847055119603e-09,"3","AC011603.2"
1.562372453634e-11,0.641160262552523,0.945,0.781,3.19739522636198e-07,"3","HOPX"
8.69526672886423e-13,0.641157218202491,0.754,0.433,1.77948633606206e-08,"3","GART"
1.23527010842395e-09,0.640949165305425,0.302,0.124,2.52798027688961e-05,"3","MASTL"
4.29569713134015e-11,0.639216288918518,0.849,0.605,8.79114417928761e-07,"3","MYDGF"
2.28807639501838e-10,0.638628549243962,0.588,0.32,4.68254834240511e-06,"3","MRPL15"
3.75255382323303e-14,0.638225870354902,0.854,0.539,7.6796013992464e-10,"3","NDUFAF8"
1.84770643230081e-10,0.637376170348569,0.352,0.152,3.78133121370361e-06,"3","RTTN"
1.06268842614554e-08,0.636821426271148,0.427,0.215,0.000217479186410685,"3","CTNNBIP1"
1.94066984704477e-13,0.636808330412026,0.899,0.631,3.97158084197713e-09,"3","SLC25A39"
9.08234842889044e-09,0.636641762243446,0.397,0.189,0.000185870260597243,"3","ADAM15"
0,0.635831104494522,0.96,0.763,0,"3","PDIA6"
5.30686605770825e-14,0.635757064320454,0.889,0.623,1.08605013870999e-09,"3","PHB"
9.49643859105009e-08,0.635600792271751,0.251,0.108,0.0019434461576584,"3","AP002495.1"
1.55431223447522e-15,0.635161442575674,0.955,0.757,3.18089998785354e-11,"3","NKG7"
0,0.634113118771317,0.965,0.808,0,"3","HNRNPR"
2.30406804746508e-11,0.63352640474612,0.578,0.299,4.71527525913729e-07,"3","PSMG3"
2.81064060914105e-11,0.633043531949951,0.824,0.524,5.75197600660715e-07,"3","HDGF"
8.30023072495578e-09,0.63213993220212,0.427,0.211,0.00016986422178622,"3","EXOSC4"
3.42475355408212e-07,0.632125972568896,0.256,0.115,0.00700875814842905,"3","NEK4"
3.12352366194091e-11,0.632012902415421,0.548,0.279,6.39229117416207e-07,"3","HRAS"
8.1793993800261e-10,0.631890359243686,0.412,0.194,1.67391408312234e-05,"3","JPT2"
3.77475828372553e-15,0.6311644964938,0.94,0.659,7.7250428276443e-11,"3","ADRM1"
4.31675506451512e-08,0.63011167853626,0.312,0.143,0.00088342392395302,"3","SPDL1"
2.31916708059998e-11,0.629793599119463,0.754,0.457,4.74617543044786e-07,"3","AHSA1"
1.93178806284777e-14,0.629538234015437,0.487,0.209,3.95340427061797e-10,"3","POLA1"
0,0.629143007552975,0.965,0.763,0,"3","NDUFAB1"
2.99982261253717e-13,0.629096655494153,0.889,0.63,6.13913697655732e-09,"3","CENPK"
0.000340565637225287,0.628493676007912,0.302,0.183,1,"3","CTSH"
1.14931020256392e-09,0.628483231044005,0.623,0.359,2.35206332954707e-05,"3","TMEM14A"
1.09727388863945e-06,0.627690589722017,0.251,0.115,0.0224557101310063,"3","RRP12"
2.22044604925031e-16,0.627626514879886,0.899,0.611,4.54414283979077e-12,"3","VPS29"
4.79349893112158e-11,0.627410446345485,0.789,0.497,9.8098955625403e-07,"3","ARL6IP6"
9.16614562029849e-10,0.627096960543325,0.442,0.209,1.87585170119409e-05,"3","GRWD1"
3.75100774219206e-07,0.626838267910047,0.251,0.112,0.00767643734439605,"3","SRXN1"
1.39221967287995e-11,0.626559215309818,0.729,0.428,2.84917756054881e-07,"3","SKA2"
2.88657986402541e-15,0.62629581116692,0.889,0.554,5.907385691728e-11,"3","UFD1"
9.15822973013292e-12,0.626248003603073,0.784,0.504,1.8742317142717e-07,"3","RNASEH2C"
4.50997106327122e-09,0.626051627369973,0.638,0.384,9.22965578098456e-05,"3","AGTRAP"
1.73697944916285e-09,0.62590194028192,0.508,0.264,3.55472844271176e-05,"3","SGTA"
1.15469360739695e-08,0.62443687993175,0.377,0.179,0.000236308046753786,"3","REEP4"
6.88338275267597e-14,0.624328750496924,0.849,0.596,1.40868428033514e-09,"3","PTBP1"
4.19873913415358e-10,0.624137785816752,0.754,0.471,8.59271963804531e-06,"3","PLEKHJ1"
3.36737304706958e-11,0.623296540216995,0.719,0.443,6.89132894082789e-07,"3","UCHL5"
0,0.62295586985884,0.93,0.7,0,"3","PRDX3"
6.46149800331841e-14,0.622849312572661,0.558,0.255,1.32234556637911e-09,"3","BARD1"
4.31796820521413e-11,0.622488393800738,0.764,0.489,8.83672193197071e-07,"3","PHF5A"
0,0.621597132251489,0.94,0.778,0,"3","C1QBP"
4.88498130835069e-15,0.621490051457876,0.673,0.33,9.99711424753968e-11,"3","PRIM2"
1.57904243902607e-07,0.620337918894664,0.372,0.192,0.00323151035146685,"3","PPP2R1B"
0,0.620309787623168,1,0.978,0,"3","CALM1"
4.4078074523668e-12,0.620056635513946,0.437,0.185,9.02057795126865e-08,"3","RACGAP1"
3.5171865420125e-13,0.619833404162049,0.628,0.307,7.19792225822857e-09,"3","SMCO4"
3.16750816686806e-08,0.619416626635743,0.387,0.192,0.000648230546349549,"3","DLAT"
2.66453525910038e-15,0.618521482797213,0.935,0.728,5.45297140774892e-11,"3","MRPL41"
0,0.618303936444588,0.829,0.383,0,"3","MKI67"
1.26480825812791e-10,0.617485312450408,0.462,0.221,2.58843010025878e-06,"3","SLC16A1"
0,0.617252910770911,1,0.923,0,"3","COX6A1"
1.87652982042152e-08,0.616899040388189,0.397,0.194,0.000384031827749265,"3","ADCK2"
2.75335310107039e-14,0.616321700807587,0.638,0.31,5.63473712134055e-10,"3","KPNA2"
0,0.616065108273063,1,0.916,0,"3","EIF5A"
0,0.616060236381444,0.98,0.875,0,"3","DBI"
5.53686821280763e-07,0.615232355021448,0.307,0.15,0.0113312007975108,"3","OGFRL1"
5.43587397316969e-11,0.613135610921648,0.734,0.436,1.11245160860918e-06,"3","PFDN6"
2.49150655662334e-09,0.613054320804564,0.548,0.3,5.09886816812966e-05,"3","GON7"
3.88578058618805e-14,0.612941176154763,0.925,0.637,7.95224996963384e-10,"3","SF3B4"
8.62421245528822e-13,0.61274764197035,0.794,0.49,1.76494507897473e-08,"3","YIF1B"
5.96812377295919e-10,0.611813102290389,0.683,0.414,1.2213765301361e-05,"3","TCTEX1D2"
5.62883073484954e-12,0.611384025626553,0.759,0.405,1.15194020988696e-07,"3","POLDIP2"
1.31061606012395e-10,0.610769316561873,0.638,0.346,2.68217576704366e-06,"3","TRAP1"
1.77668990630764e-10,0.609889029970157,0.779,0.499,3.63599589325858e-06,"3","MRPL18"
0,0.609532546432596,0.99,0.863,0,"3","ATP5PF"
2.644906516025e-11,0.60944171410416,0.724,0.418,5.41280118504517e-07,"3","SEPTIN11"
0,0.609150244862127,0.93,0.735,0,"3","CCT7"
4.05047106966094e-11,0.608660180451804,0.628,0.335,8.28928904406112e-07,"3","GNL3"
6.39912567379497e-11,0.607654846320167,0.618,0.33,1.30958106914214e-06,"3","HMGXB4"
1.4203594966844e-08,0.607404962543542,0.357,0.174,0.000290676570996462,"3","FASN"
4.72625256708881e-08,0.607338916759011,0.709,0.458,0.000967227587854724,"3","CISD1"
3.04874337486716e-06,0.606600736469382,0.256,0.124,0.0623925331666564,"3","CD109"
1.55699542148113e-09,0.606386875185748,0.477,0.24,3.18639113006114e-05,"3","CFAP20"
3.3504941043816e-09,0.606244656984517,0.618,0.359,6.85678618461694e-05,"3","BCAT2"
2.4713564528156e-13,0.60558665959401,0.779,0.439,5.05763098068712e-09,"3","MRPL37"
6.91955936993338e-09,0.605332906448451,0.497,0.258,0.000141608782505687,"3","HSPBP1"
1.77912129473157e-10,0.60511111830611,0.678,0.384,3.64097172966815e-06,"3","COMMD4"
5.60862467580137e-12,0.605012778930006,0.603,0.295,1.14780503990275e-07,"3","NUDCD1"
0,0.604896604225729,1,0.957,0,"3","NCL"
7.40583150360408e-11,0.604105998730571,0.447,0.204,1.51560341721257e-06,"3","SAAL1"
4.99094410244538e-09,0.603800560400167,0.342,0.159,0.000102139671056545,"3","KCNQ5"
0,0.60367152567409,0.452,0.162,0,"3","KIFC1"
9.12642850181555e-10,0.603362690843325,0.472,0.23,1.86772359289655e-05,"3","PCGF6"
3.39143016114818e-07,0.603304167694517,0.367,0.187,0.00694056182478975,"3","KATNB1"
4.0668801659649e-11,0.603166631201098,0.794,0.514,8.32287025964717e-07,"3","HSD17B10"
2.94649860066443e-10,0.603151362538068,0.693,0.416,6.03000938625975e-06,"3","CSRP1"
8.29414315006716e-11,0.603071572005467,0.497,0.25,1.69739639566124e-06,"3","CCDC18"
0,0.602326998762262,0.975,0.837,0,"3","PSMB3"
1.06115116693672e-12,0.602247041791921,0.824,0.523,2.17164586313601e-08,"3","NENF"
1.7732482149313e-12,0.601860767808291,0.839,0.545,3.62895247185691e-08,"3","PFDN2"
1.11022302462516e-15,0.601709563012961,0.925,0.676,2.27207141989538e-11,"3","RBBP7"
1.13170282300956e-06,0.601082528479502,0.261,0.123,0.0231602982728907,"3","CLPB"
0,0.601026105111051,0.985,0.878,0,"3","NDUFB2"
4.00429780444966e-08,0.600923603368213,0.352,0.165,0.000819479545680624,"3","CHST14"
8.09952105385037e-12,0.600672338575805,0.834,0.55,1.65756698367048e-07,"3","POLR2F"
7.54951656745106e-14,0.600570650696283,0.864,0.564,1.54500856552886e-09,"3","ENY2"
2.80775402927702e-12,0.599012044160639,0.91,0.728,5.74606862091542e-08,"3","CHCHD10"
9.10382880192628e-15,0.598477721125301,0.925,0.702,1.86309856431421e-10,"3","PSMA3"
9.32587340685131e-15,0.597616371599983,0.935,0.738,1.90853999271212e-10,"3","NDUFB7"
2.21618279283575e-11,0.597044017553644,0.769,0.514,4.53541808553837e-07,"3","BCCIP"
7.46069872548105e-14,0.596954104421007,0.849,0.525,1.5268319941697e-09,"3","SNRNP40"
0,0.596861123717938,0.985,0.808,0,"3","TXNL4A"
1.81743509131138e-12,0.596393185324191,0.869,0.606,3.71938091436874e-08,"3","TCP1"
1.20734755526541e-10,0.596192895841899,0.794,0.482,2.47083677185067e-06,"3","NAXE"
2.08191619499587e-09,0.59585410998755,0.518,0.268,4.26064149305905e-05,"3","HAUS2"
1.01674224595172e-12,0.594144834383517,0.683,0.351,2.08076300634019e-08,"3","RABIF"
8.62707683069175e-11,0.593896732160179,0.477,0.228,1.76553127340107e-06,"3","KATNAL1"
3.512745649914e-13,0.592128055396553,0.905,0.647,7.18883397254899e-09,"3","DCXR"
2.17285522907673e-10,0.591186515788028,0.623,0.331,4.44674822630553e-06,"3","NDUFAF4"
5.1201265449663e-12,0.5911630742884,0.879,0.588,1.04783389742735e-07,"3","SHMT2"
2.12604156502039e-10,0.591135055881315,0.704,0.408,4.35094406281422e-06,"3","MZT1"
4.99020824662466e-11,0.590469813832294,0.603,0.308,1.02124611767174e-06,"3","GPANK1"
1.91624494050302e-12,0.589425256049674,0.874,0.6,3.92159527073943e-08,"3","SLIRP"
8.80947266246324e-08,0.589091982075851,0.442,0.233,0.0018028585803731,"3","SLC25A22"
3.06110692349648e-12,0.589031690064511,0.869,0.63,6.26455531893555e-08,"3","EIF1AX"
8.61533067109121e-13,0.588847722815658,0.839,0.529,1.76312742183882e-08,"3","GLRX3"
4.25872670462013e-11,0.58834095406221,0.859,0.616,8.7154842010051e-07,"3","GSTO1"
5.98188165668034e-13,0.588331124315078,0.869,0.57,1.22419208103963e-08,"3","RAB8A"
1.24389387679003e-12,0.588033430199866,0.884,0.634,2.54562881885079e-08,"3","NUDC"
2.72248890098581e-12,0.58773801316987,0.874,0.604,5.57157353586746e-08,"3","LAGE3"
4.5078337285176e-08,0.587716420833079,0.332,0.155,0.000922528172541126,"3","CCDC71L"
1.46215262120108e-09,0.587533800277964,0.472,0.229,2.99229533928802e-05,"3","PGAP2"
1.19435984879956e-07,0.587211040077522,0.367,0.185,0.00244425743056831,"3","RCC1"
2.10855158577772e-06,0.586409413654985,0.261,0.127,0.043151508202941,"3","MTBP"
5.83120548878213e-05,0.586358905760215,0.317,0.183,1,"3","SLC27A3"
5.92192961335058e-13,0.585237474425052,0.598,0.285,1.2119228953722e-08,"3","NTMT1"
1.54001300600726e-09,0.584141806066525,0.492,0.249,3.15163661679385e-05,"3","SYNC"
7.51776418894678e-10,0.583801973420941,0.744,0.481,1.53851044126796e-05,"3","PDIA4"
5.52891066263328e-14,0.583266587506134,0.925,0.735,1.1314915671079e-09,"3","ATP6V0B"
1.41782812601576e-07,0.582419481852609,0.322,0.153,0.00290158525989126,"3","CEP57L1"
1.95907290390096e-10,0.581118354562541,0.709,0.449,4.00924269783332e-06,"3","IPO5"
0,0.580793253749047,0.99,0.906,0,"3","XRCC5"
4.34098523349746e-07,0.580549694201301,0.563,0.353,0.00888382628035256,"3","SCCPDH"
2.34479102800833e-13,0.58049799218485,0.869,0.585,4.79861483881905e-09,"3","BAZ1B"
1.49518841752183e-10,0.579874275820084,0.799,0.512,3.05990309645843e-06,"3","UBE2S"
4.50820456521228e-08,0.579454116695211,0.538,0.293,0.000922604064270693,"3","SLC35B1"
0,0.579132551371185,0.97,0.833,0,"3","PRELID1"
9.41957623012968e-12,0.578780499558145,0.769,0.454,1.92771627549604e-07,"3","U2AF2"
0,0.578473015679304,1,0.962,0,"3","HSP90AB1"
4.52202233214294e-07,0.578141363082858,0.276,0.129,0.00925431870273052,"3","PARP2"
0,0.577732368489659,0.955,0.727,0,"3","ILF2"
2.88657986402541e-15,0.57724321266717,0.945,0.74,5.907385691728e-11,"3","PSMA4"
1.13375975274721e-12,0.577190391449282,0.573,0.264,2.32023933399716e-08,"3","SLCO4A1"
3.0667521855321e-09,0.57662220018127,0.709,0.444,6.27610834769143e-05,"3","YIF1A"
1.68452829463206e-09,0.576558170424485,0.452,0.219,3.44738715496451e-05,"3","B3GALT6"
7.54951656745106e-15,0.575677681095953,0.945,0.677,1.54500856552886e-10,"3","PSMB2"
6.97687552175807e-08,0.574778979821517,0.432,0.227,0.00142781757552779,"3","AGPAT2"
2.64946427019908e-08,0.574524769563807,0.588,0.337,0.000542212862896241,"3","SQLE"
1.47815093498593e-12,0.574253861491095,0.869,0.592,3.02503588844871e-08,"3","MESD"
6.87543466604268e-09,0.573677291661708,0.422,0.204,0.000140705770440563,"3","C12orf45"
2.24069651721948e-11,0.573559153481774,0.94,0.681,4.58558542248966e-07,"3","MICOS10"
1.16762377544433e-10,0.573558278676182,0.794,0.498,2.38954205644681e-06,"3","MRPL36"
6.03345795546772e-09,0.573549880156184,0.523,0.282,0.000123474717058647,"3","BDH1"
4.44089209850063e-16,0.573524709422225,0.98,0.753,9.08828567958153e-12,"3","NDUFS8"
1.61668456399866e-11,0.572593758823484,0.819,0.511,3.30854496022326e-07,"3","CYB5B"
4.97553553913122e-10,0.572434269574634,0.784,0.479,1.0182433480832e-05,"3","GLIPR2"
1.29820041117057e-06,0.572381640937666,0.286,0.14,0.0265676714146057,"3","GNPNAT1"
1.05226227731237e-09,0.571817759405506,0.673,0.392,2.15345475051976e-05,"3","MPDU1"
5.88808995960477e-06,0.571600368170905,0.382,0.215,0.120499761023312,"3","MUTYH"
1.46491425878637e-07,0.571268099384414,0.302,0.14,0.0029979470306063,"3","METTL2B"
2.03836947321179e-13,0.571210538564592,0.834,0.522,4.17152312692792e-09,"3","EIF4A3"
2.64410250179203e-05,0.57115576651855,0.307,0.168,0.54111557699174,"3","ACY1"
3.59015261963691e-10,0.571040646328118,0.774,0.502,7.34724733608694e-06,"3","ATIC"
3.93285404243215e-11,0.570980264398036,0.764,0.447,8.0485857978374e-07,"3","TESC"
6.64168053887693e-10,0.569473297136549,0.271,0.106,1.35921992228116e-05,"3","SKA3"
1.03053719113788e-07,0.56909018388811,0.452,0.238,0.00210899436166367,"3","AKIP1"
4.64597838423231e-07,0.568886420756807,0.322,0.158,0.00950799476333142,"3","MSTO1"
0,0.568598109127271,0.98,0.884,0,"3","COX7B"
0,0.566911929384014,0.985,0.876,0,"3","TALDO1"
1.25075389556528e-06,0.566551426061293,0.286,0.14,0.0255966784727435,"3","POLR3H"
1.54460028634062e-06,0.56541722454849,0.452,0.262,0.0316102448599609,"3","GBA"
3.64848595779677e-09,0.56531267644222,0.759,0.522,7.46662651263108e-05,"3","UBA1"
1.76497683135324e-09,0.56499629120302,0.678,0.391,3.6120250853644e-05,"3","IMPDH1"
6.64135413330769e-13,0.563967776294231,0.859,0.554,1.35915312338142e-08,"3","TPGS2"
6.4170890823334e-14,0.563385600508792,0.945,0.718,1.31325728069953e-09,"3","ACAA2"
5.9735660862259e-10,0.562049415809506,0.789,0.511,1.22249029954613e-05,"3","MEA1"
3.80845577296895e-10,0.561932720058065,0.518,0.272,7.79400473938097e-06,"3","SLC7A1"
1.30811463794345e-06,0.561532051048208,0.327,0.165,0.0267705660655126,"3","HEBP1"
9.20441500795732e-12,0.561330737623046,0.809,0.54,1.88368353137847e-07,"3","EFHD2"
8.47125544822802e-07,0.560807368928089,0.492,0.282,0.0173364242747986,"3","CYP51A1"
1.16618987133776e-07,0.560662750770576,0.407,0.212,0.00238660757169273,"3","SEH1L"
3.05125147814778e-07,0.560393965412432,0.302,0.145,0.00624438615002942,"3","SLFN11"
1.37543759655134e-05,0.55990603779501,0.266,0.138,0.281483304134232,"3","FANCM"
1.4995893906633e-06,0.559341209027926,0.256,0.122,0.0306890968799245,"3","NEIL3"
1.47129839422888e-08,0.5588105492604,0.578,0.325,0.000301101216378941,"3","TIMM50"
1.55431223447522e-15,0.558660536390159,0.99,0.788,3.18089998785354e-11,"3","NDUFB3"
7.27728988181298e-12,0.557595295534892,0.844,0.54,1.48929737431303e-07,"3","MRPL13"
2.60565125032031e-10,0.557469820570937,0.668,0.366,5.33246528378051e-06,"3","RRP7A"
7.28581528441907e-09,0.55697165477997,0.668,0.394,0.000149104209795636,"3","PLGRKT"
4.44089209850063e-16,0.556046623190679,0.95,0.791,9.08828567958153e-12,"3","MAZ"
1.99840144432528e-15,0.555903686326439,0.94,0.745,4.08972855581169e-11,"3","TRA2B"
2.22044604925031e-16,0.555833390435616,0.995,0.871,4.54414283979077e-12,"3","RBM3"
0,0.554620545912731,1,0.929,0,"3","RPS17"
1.42663507498586e-05,0.554052119702679,0.266,0.136,0.291960868095856,"3","LRWD1"
1.64495077559224e-08,0.553841724110535,0.734,0.485,0.000336639176224951,"3","G6PD"
3.67316383975691e-08,0.553218264882747,0.417,0.21,0.000751712979806252,"3","HSD17B12"
2.40916442351136e-09,0.552882442940853,0.714,0.426,4.93035499271599e-05,"3","MRPL27"
9.08601882620985e-09,0.552415676495498,0.603,0.356,0.000185945375278385,"3","PREB"
6.41596997752458e-09,0.551724220701766,0.683,0.405,0.000131302825590041,"3","RANGRF"
4.37457532642682e-07,0.55156988592675,0.548,0.323,0.00895256840553249,"3","DESI1"
3.23899104204273e-07,0.550895757983698,0.382,0.198,0.00662859516754044,"3","FBXO45"
1.24523909406093e-07,0.550522180429432,0.447,0.235,0.0025483818059957,"3","FBXL6"
1.62387880919823e-11,0.550322933132507,0.824,0.511,3.32326798302418e-07,"3","STIP1"
4.1960213081893e-11,0.549861797452172,0.638,0.342,8.58715760720941e-07,"3","NUP160"
1.53876911213047e-13,0.549701680546534,0.583,0.283,3.149090987975e-09,"3","CENPF"
1.83103716411281e-07,0.549518369164098,0.422,0.223,0.00374721755635687,"3","SLC25A33"
2.10851804176571e-05,0.549324924785955,0.256,0.129,0.431508217247352,"3","AC012146.1"
2.00349933754396e-06,0.549218759037672,0.332,0.173,0.0410016139428371,"3","TTI1"
7.25799420564499e-11,0.548596616321327,0.729,0.404,1.48534851418525e-06,"3","PIGX"
2.80442336020315e-13,0.548211717835492,0.925,0.77,5.73925240665574e-09,"3","LSM2"
2.9962646586057e-08,0.548150576775744,0.548,0.306,0.000613185562383656,"3","FKBP4"
1.94575466849756e-10,0.547010751023155,0.688,0.398,3.98198692908025e-06,"3","ANAPC15"
4.64643234998618e-09,0.546833605258071,0.402,0.188,9.50892380424673e-05,"3","THEM6"
2.73647771109609e-12,0.546284243173534,0.99,0.935,5.60020163575814e-08,"3","S100A4"
1.99840144432528e-15,0.546093772257172,0.98,0.83,4.08972855581169e-11,"3","IDH2"
2.4994761815833e-10,0.545572568681201,0.638,0.339,5.11517800561023e-06,"3","TP53"
0,0.54502158945145,0.995,0.911,0,"3","HNRNPD"
3.79213847878646e-07,0.543773973912197,0.307,0.147,0.00776061139683648,"3","DHRS4L2"
1.09823344947024e-05,0.543550660408704,0.286,0.147,0.224753475434085,"3","NT5C3B"
4.1696529600177e-06,0.542849016167342,0.266,0.133,0.0853319478267622,"3","EPB41L2"
0,0.542579361517475,0.97,0.828,0,"3","TOMM6"
3.74329878205515e-09,0.541442279679316,0.382,0.17,7.66066095747586e-05,"3","DUSP14"
7.77652893191316e-08,0.541259219464208,0.387,0.192,0.00159146664591603,"3","PINX1"
1.10935705066595e-11,0.541044345372713,0.915,0.72,2.27029920418786e-07,"3","MRPS34"
1.89268600792047e-11,0.540774908665667,0.915,0.697,3.87338191520925e-07,"3","MAGOH"
4.38604708108414e-11,0.540281319330417,0.462,0.215,8.9760453514387e-07,"3","LIN52"
1.27509625080791e-09,0.539650761953116,0.663,0.38,2.60948447727838e-05,"3","TSTA3"
1.59094959428785e-12,0.539648195971256,0.905,0.635,3.25587834471008e-08,"3","PSMD2"
1.19326106773343e-06,0.538989873334999,0.332,0.168,0.0244200877511647,"3","TOE1"
4.65680738415131e-09,0.538914726955366,0.623,0.35,9.53015631166565e-05,"3","HTRA2"
4.62800908707095e-11,0.538726428428455,0.894,0.634,9.4712205966907e-07,"3","SNRPA"
3.81973523921886e-08,0.537909409177058,0.477,0.244,0.000781708816706139,"3","TOR2A"
7.12920653844762e-07,0.537188919821937,0.312,0.154,0.0145899211809331,"3","ELOVL6"
3.70814490224802e-14,0.536469707347637,0.965,0.805,7.58871854245058e-10,"3","POMP"
1.00447206108356e-10,0.535996833984041,0.638,0.338,2.05565207300751e-06,"3","ACTL6A"
4.70469869728873e-08,0.535900007410312,0.437,0.225,0.000962816588400139,"3","PGRMC1"
2.30274435075728e-08,0.535252756861574,0.407,0.199,0.000471256631382477,"3","NOM1"
0,0.535172017862004,1,0.927,0,"3","ATP5MC3"
0,0.535042862418107,1,0.973,0,"3","TPM3"
5.25445756682785e-07,0.534893775737695,0.372,0.194,0.0107532474105132,"3","PRKCI"
5.17325760007736e-09,0.534097663508046,0.583,0.33,0.000105870716785583,"3","NUP93"
4.22895243290533e-06,0.534055568292505,0.261,0.126,0.0865455115394076,"3","AP5B1"
1.18654550629316e-08,0.533947986392848,0.688,0.417,0.000242826537862895,"3","CHRAC1"
2.84305763820214e-07,0.53376388122177,0.563,0.334,0.00581831745658068,"3","TIMM9"
8.15722240465888e-06,0.533556235755637,0.352,0.195,0.166937556511344,"3","LAPTM4B"
4.39961533871269e-09,0.532990940661732,0.804,0.513,9.00381279067552e-05,"3","PSMD3"
7.11727530244843e-08,0.532876812874866,0.518,0.279,0.00145655039064607,"3","HENMT1"
1.05340207667837e-08,0.532804459464945,0.432,0.211,0.000215578734992228,"3","ACOT9"
1.23678844943242e-13,0.532411332670212,0.925,0.707,2.53108756176346e-09,"3","PSMC5"
1.64858051654448e-08,0.531517271502721,0.568,0.313,0.000337382002710829,"3","PELP1"
4.28440327215895e-07,0.531208572575399,0.357,0.179,0.0087680312964733,"3","PDRG1"
2.8421709430404e-14,0.531044469025378,0.98,0.813,5.81650283493218e-10,"3","BLOC1S1"
1.08268949361445e-12,0.530127738023553,0.925,0.676,2.21572404868198e-08,"3","ACP1"
0,0.53006379697824,0.98,0.874,0,"3","GNG5"
3.68016728202747e-12,0.530045955374388,0.93,0.691,7.53146234266922e-08,"3","ELOC"
1.1554460277452e-08,0.529936470195743,0.508,0.261,0.000236462029578055,"3","CDK5"
0,0.529786897080145,1,0.917,0,"3","SERBP1"
3.41948691584548e-13,0.529722590748103,0.92,0.718,6.99797997327778e-09,"3","SNRPB2"
7.3339583295251e-09,0.529484205296902,0.668,0.379,0.000150089457213731,"3","NUP62"
6.42130792982698e-12,0.52932553306914,0.97,0.777,1.31412066783909e-07,"3","JPT1"
1.55564757298166e-07,0.529184132864153,0.377,0.194,0.00318363275810696,"3","MPP1"
3.35558469899411e-10,0.529169230965789,0.528,0.257,6.86720408649144e-06,"3","MLH1"
5.33818486814219e-06,0.5287269563927,0.266,0.131,0.10924595332653,"3","GEMIN2"
4.97136276589316e-08,0.52861581400754,0.528,0.301,0.00101738939004004,"3","SEPHS1"
1.87495206027677e-08,0.528468857216826,0.497,0.269,0.000383708939135641,"3","CDCA4"
1.31201716158102e-09,0.52809962873521,0.317,0.134,2.68504312117557e-05,"3","C21orf58"
5.43203260150449e-11,0.527902094827873,0.945,0.707,1.11166547189789e-06,"3","CD63"
4.48599291047458e-09,0.527444501270935,0.553,0.299,9.18058449128623e-05,"3","NANS"
5.76867664747738e-10,0.527310408582121,0.683,0.383,1.18055967590625e-05,"3","NTAN1"
1.10140674358661e-09,0.527097000556856,0.603,0.325,2.25402890074999e-05,"3","EXOSC3"
4.44089209850063e-16,0.526973373462867,0.975,0.878,9.08828567958153e-12,"3","PRDX2"
1.21833054755882e-09,0.526628608066022,0.518,0.267,2.49331346557913e-05,"3","NUP155"
7.60281260170359e-09,0.526613812481665,0.568,0.309,0.000155591559893864,"3","EIF2B3"
1.62727604280377e-07,0.52608718994545,0.362,0.177,0.00333022042159792,"3","MICB"
7.41221750644172e-10,0.525832182594485,0.568,0.299,1.5169103126933e-05,"3","C1orf35"
3.94091870248303e-10,0.525594840317446,0.799,0.527,8.06509012463152e-06,"3","GMPS"
1.33226762955019e-15,0.525502613963849,0.96,0.778,2.72648570387446e-11,"3","PPM1G"
7.83476918897463e-08,0.525490258083102,0.427,0.22,0.00160338551452366,"3","DDX55"
1.46444366722065e-06,0.525133848476137,0.251,0.114,0.0299698396496706,"3","RDH13"
2.50592879780243e-11,0.524703949348123,0.578,0.298,5.12838328470266e-07,"3","CDKN1A"
0,0.524621853440589,0.995,0.908,0,"3","ATP5MF"
7.84977496115502e-07,0.524296625834989,0.281,0.135,0.0160645644580037,"3","NDOR1"
1.0724754417879e-13,0.524245861204966,0.995,0.918,2.19482099161894e-09,"3","LY6E"
8.63848847121318e-07,0.523592563945653,0.442,0.244,0.0176786666563378,"3","PARVB"
0,0.523210094652375,1,0.999,0,"3","ACTB"
3.67140318147108e-10,0.523005482774006,0.814,0.498,7.51352661088056e-06,"3","SLC25A11"
1.09778852674935e-12,0.522383619243163,0.94,0.771,2.24662421999255e-08,"3","PPA1"
2.0909868223562e-06,0.521922763725919,0.266,0.127,0.0427920453195196,"3","UAP1"
9.54791801177635e-15,0.52160109878517,0.975,0.832,1.95398142111003e-10,"3","PSMA5"
1.51959334004914e-10,0.52022551726344,0.543,0.27,3.10984777041057e-06,"3","TMEM209"
1.88225834918399e-09,0.519662308125986,0.794,0.496,3.85204171160503e-05,"3","NAE1"
1.05004893669047e-12,0.519230178448997,0.96,0.761,2.14892514893705e-08,"3","AP2S1"
2.22044604925031e-16,0.51899225636537,0.965,0.8,4.54414283979077e-12,"3","SRSF10"
3.46371122894595e-08,0.518071581084481,0.673,0.42,0.000708848503003789,"3","PUM3"
2.22044604925031e-16,0.517880993371852,0.96,0.847,4.54414283979077e-12,"3","SOD1"
4.32725144605683e-09,0.517738691003469,0.342,0.151,8.85572008435531e-05,"3","WDYHV1"
2.89231034766857e-06,0.517261296633976,0.482,0.282,0.0591911312650373,"3","OAT"
1.13210650320994e-06,0.516800032945971,0.266,0.123,0.0231685595881914,"3","INO80C"
1.48811836186979e-08,0.516505293502638,0.492,0.25,0.000304543422756653,"3","C1orf174"
1.23816290553691e-10,0.515772514701454,0.899,0.64,2.53390038618129e-06,"3","TIMM8B"
1.99208805673479e-07,0.515675103935687,0.372,0.183,0.00407680820810774,"3","C12orf29"
4.49263954926948e-08,0.514736930891058,0.347,0.162,0.000919418683758,"3","THAP5"
2.53507892455929e-08,0.514641548774178,0.482,0.253,0.000518803901911058,"3","YRDC"
2.43138908673224e-06,0.514421098950129,0.312,0.158,0.0497583776599753,"3","MPND"
9.08565533919159e-09,0.514234206938033,0.744,0.487,0.000185937936516556,"3","NIFK"
0,0.513936555085629,1,0.984,0,"3","COTL1"
5.73936453918122e-11,0.51389501441972,0.95,0.761,1.17456095294344e-06,"3","NDUFB1"
7.7715611723761e-15,0.513618128732404,0.97,0.796,1.59044999392677e-10,"3","SELENOW"
1.46548797652635e-06,0.513131721563101,0.266,0.126,0.0299912114396117,"3","CEP89"
4.48452031065472e-09,0.512085475071064,0.518,0.255,9.17757081575488e-05,"3","UTP4"
4.49371437838408e-08,0.511994975909034,0.603,0.348,0.000919638647536303,"3","MTX1"
3.01739090913244e-06,0.511328837950306,0.337,0.173,0.0617509049553955,"3","RFT1"
1.78554160346067e-08,0.51119590064904,0.598,0.333,0.000365411089148227,"3","APIP"
3.38808758826303e-10,0.511128329532149,0.809,0.519,6.9337212493803e-06,"3","RNF126"
6.78104905560417e-10,0.509960003939102,0.814,0.551,1.38774168922939e-05,"3","SNF8"
5.83488812821997e-12,0.509900325401258,0.93,0.725,1.19410985544022e-07,"3","COPS9"
9.36805960494169e-06,0.509758529162914,0.543,0.343,0.191717339815132,"3","PRPS1"
2.47208889803119e-07,0.509235261346882,0.317,0.15,0.00505912992982083,"3","PAXIP1"
2.34740682447665e-08,0.509190429501645,0.508,0.273,0.000480396806629146,"3","CDKN2AIPNL"
3.76765285636793e-12,0.508965297894893,0.93,0.63,7.71050157055697e-08,"3","GTF3C6"
3.19595976350229e-08,0.508846457474775,0.563,0.316,0.000654053165600743,"3","SYNJ2"
4.07787359435474e-10,0.508648190137903,0.849,0.573,8.34536831084698e-06,"3","UBE2A"
1.0502709812954e-13,0.508471700368665,0.955,0.77,2.14937956322103e-09,"3","RNPS1"
2.41446773685539e-09,0.508379673435285,0.633,0.344,4.94120822347455e-05,"3","SLC25A1"
0,0.508061854119528,0.985,0.845,0,"3","RALY"
8.92476181846291e-09,0.507311872638348,0.568,0.305,0.000182645250614843,"3","DERA"
4.72510919280467e-13,0.507004546771859,0.96,0.801,9.66993596307475e-09,"3","ARHGDIA"
2.91320350331858e-06,0.506482258023224,0.497,0.299,0.0596187096954148,"3","SLC35A4"
1.51002952231138e-06,0.506412415713334,0.769,0.554,0.0309027541741025,"3","AKR7A2"
7.5817629952013e-09,0.50611098816687,0.678,0.4,0.000155160779696795,"3","VPS25"
1.99418459523315e-09,0.505928192728347,0.819,0.522,4.08109877414464e-05,"3","WDR54"
1.29017019290245e-10,0.505909496602017,0.834,0.489,2.64033329977487e-06,"3","COA4"
2.70572275695713e-09,0.505898161903563,0.754,0.447,5.53726162211277e-05,"3","SH3GLB2"
1.32458761736842e-08,0.505058275508149,0.593,0.321,0.000271076855894448,"3","DFFA"
0,0.504149161790643,0.995,0.919,0,"3","NDUFA4"
3.3802981302955e-08,0.503957220717154,0.503,0.262,0.000691778012364974,"3","SLC66A2"
4.11910727748932e-10,0.50380327512002,0.558,0.29,8.42975304338189e-06,"3","USP37"
9.00095957767633e-08,0.50349084449092,0.538,0.301,0.00184204637757146,"3","PTPA"
1.75417525727362e-06,0.503373413682704,0.357,0.186,0.0358991966401045,"3","RIOX1"
7.08744174460207e-11,0.502159421684989,0.905,0.639,1.45044495303281e-06,"3","RPA1"
9.7675201260472e-12,0.502140966556001,0.905,0.594,1.99892299379556e-07,"3","PCMT1"
6.70722877238461e-09,0.502045403621617,0.638,0.376,0.000137263436826851,"3","CASP8AP2"
8.67641380963846e-09,0.501732527580095,0.709,0.429,0.000177562808614251,"3","MRPL22"
1.04952536883474e-07,0.500943208347715,0.322,0.15,0.00214785366732029,"3","MICALL1"
1.36990059873554e-06,0.499917865197561,0.286,0.137,0.0280350157531228,"3","COQ2"
6.66133814775094e-16,0.499752730198245,0.95,0.848,1.36324285193723e-11,"3","SRP9"
2.42399680061567e-06,0.499351710950623,0.397,0.215,0.0496070945245997,"3","LRRC42"
2.84134040740014e-08,0.499265891569321,0.558,0.308,0.000581480314374438,"3","MRPS28"
1.17629697093946e-08,0.498945657551594,0.528,0.283,0.000240729175102761,"3","GTF3C5"
3.43337269725907e-08,0.498932361576533,0.658,0.394,0.00070263972249407,"3","GRPEL1"
4.2188474935756e-15,0.498883829471661,0.985,0.9,8.63387139560245e-11,"3","CCND3"
8.45014724859539e-10,0.498678215300283,0.719,0.429,1.72932263442505e-05,"3","ERVK3-1"
9.79926382571605e-06,0.498521078184071,0.352,0.195,0.200541934193279,"3","AL441992.1"
3.93494126171845e-10,0.498190144781647,0.593,0.312,8.05285729210681e-06,"3","DPM1"
1.21873657832339e-08,0.498166004600199,0.789,0.499,0.000249414440753881,"3","MRPS33"
3.1337665795661e-10,0.497631210641819,0.819,0.486,6.41325330508202e-06,"3","FARSA"
1.98190921452124e-08,0.497363802216966,0.683,0.393,0.000405597720751771,"3","RPL26L1"
0,0.49709539090903,0.995,0.951,0,"3","YBX1"
0,0.496924047072751,0.98,0.878,0,"3","SRSF3"
7.01225428612062e-07,0.496378152655719,0.492,0.284,0.0143505783965459,"3","SLC10A3"
4.39363212478838e-10,0.495766424766823,0.769,0.46,8.99156814337942e-06,"3","MYCBP"
1.09262354719419e-09,0.495039245335737,0.849,0.581,2.23605408933292e-05,"3","USP14"
3.62211372006982e-10,0.494830850871435,0.312,0.125,7.41265572812289e-06,"3","CCNF"
4.9019995618238e-08,0.49452527362089,0.513,0.276,0.00100319421032724,"3","SART3"
2.90558865856383e-09,0.493968568337736,0.322,0.138,5.94628718975088e-05,"3","GTSE1"
8.45813397098993e-09,0.493470531556692,0.724,0.436,0.000173095711716309,"3","DNAJB11"
5.99823901659136e-09,0.493417670243318,0.809,0.557,0.000122753961474542,"3","TIMM13"
1.02737630292005e-06,0.493414675288724,0.693,0.495,0.0210252560392588,"3","HSPB1"
9.90775395592891e-06,0.493248540777665,0.367,0.203,0.202762184708085,"3","BOLA2"
5.23978838096184e-09,0.492485878664457,0.457,0.23,0.000107232269216384,"3","KIF21A"
1.86493198661708e-09,0.492119064883599,0.779,0.461,3.81658331061185e-05,"3","BZW2"
5.57107609155949e-07,0.492093813503874,0.382,0.2,0.0114012072213765,"3","PRR3"
1.0964784635803e-10,0.492033311775991,0.643,0.341,2.24394317571708e-06,"3","BTG3"
0,0.491646412903802,1,0.923,0,"3","MZT2B"
9.74615499416132e-10,0.491297790228106,0.92,0.7,1.99455061955511e-05,"3","SSNA1"
7.21224754807182e-06,0.490567738022796,0.302,0.155,0.14759864607129,"3","FUZ"
2.79165747896215e-06,0.490229617322824,0.387,0.214,0.0571312703069604,"3","ACAD9"
6.31720026800231e-05,0.489566306590467,0.261,0.142,1,"3","MAFG"
2.88701391681911e-08,0.488748541391265,0.975,0.877,0.000590827398077032,"3","CALM3"
2.85464154536896e-08,0.488665585839649,0.543,0.289,0.000584202392259758,"3","POLR2D"
6.75946099093494e-09,0.488648176256776,0.608,0.328,0.000138332369179484,"3","TAF6"
2.38897790438841e-12,0.488602308761625,0.985,0.839,4.88904328133088e-08,"3","PSIP1"
1.2438206020704e-10,0.487995093216596,0.764,0.45,2.54547886213707e-06,"3","EIF2S1"
1.55641817436436e-05,0.487976746638341,0.543,0.361,0.318520979383666,"3","BID"
6.34503979357603e-07,0.487835559725674,0.538,0.31,0.0129851239375534,"3","PES1"
3.12283190639917e-07,0.487405405195411,0.688,0.43,0.0063908754964459,"3","AP1S1"
1.45992090638813e-07,0.487225653877672,0.407,0.207,0.00298772813492332,"3","MED31"
3.41364213714002e-05,0.486646627582431,0.251,0.13,0.698601863365704,"3","ST7L"
3.74782109791028e-08,0.486391643779079,0.975,0.885,0.000766991587687338,"3","HSP90B1"
5.28046890102551e-06,0.486169017473296,0.513,0.312,0.108064796059487,"3","EMC8"
8.18456413753665e-13,0.485195268823008,0.975,0.834,1.67497105074688e-08,"3","RAC1"
1.17472379157491e-07,0.484704256256355,0.276,0.121,0.00240407223945804,"3","ZNF668"
1.32428401777851e-06,0.484513958525671,0.377,0.2,0.0271014724238372,"3","MIS12"
0,0.484134173139753,1,0.953,0,"3","ANP32B"
2.70137058500097e-07,0.483776262427248,0.482,0.267,0.00552835490220449,"3","SLC38A5"
2.25592922120654e-09,0.48361932458341,0.93,0.724,4.61675915119919e-05,"3","UBE2L3"
9.74141811660445e-09,0.483540301651183,0.437,0.214,0.00019935812175631,"3","RANGAP1"
2.86469438837145e-07,0.483455378701378,0.472,0.26,0.00586259706580217,"3","KHSRP"
6.43644804121379e-09,0.483236958266318,0.97,0.862,0.00013172190916344,"3","RPS27L"
7.63167307127333e-13,0.483231356833015,0.819,0.461,1.56182189403609e-08,"3","KIF22"
2.44376184599382e-06,0.482965670281037,0.538,0.334,0.0500115861782635,"3","WDR77"
4.62601555728526e-07,0.482573631836577,0.794,0.525,0.00946714083798428,"3","ITM2C"
4.31652249055503e-07,0.482480432969187,0.457,0.244,0.00883376327692087,"3","GIT1"
2.71208820501467e-05,0.482428689570629,0.251,0.127,0.555028851156253,"3","GATB"
1.45262775110844e-05,0.482227904605412,0.251,0.124,0.297280269264342,"3","RNF135"
7.38934093913457e-08,0.481618599440431,0.613,0.352,0.00151222862319389,"3","EFTUD2"
0,0.48155803103708,1,0.923,0,"3","HNRNPA3"
5.16031661845773e-13,0.481356168797298,0.94,0.772,1.05605879596737e-08,"3","TECR"
0,0.481101744532398,0.995,0.898,0,"3","PTGES3"
3.87230998100119e-05,0.480760859440411,0.276,0.144,0.792468237611893,"3","MAGEH1"
2.32744934436369e-10,0.480410259897618,0.794,0.499,4.76312508324028e-06,"3","ABCE1"
1.55489976449985e-08,0.48004255379834,0.578,0.309,0.000318210236804894,"3","UBL4A"
7.40861816339589e-10,0.479965018835331,0.899,0.651,1.51617370713897e-05,"3","GADD45GIP1"
5.70876679262255e-13,0.47952050791046,0.96,0.787,1.16829912411021e-08,"3","NDUFA2"
2.69970065300829e-05,0.479208299430673,0.492,0.318,0.552493738638146,"3","GLUL"
1.57756560925648e-07,0.477885207949245,0.578,0.329,0.00322848801934339,"3","NUP133"
4.44089209850063e-16,0.477737066257795,0.995,0.923,9.08828567958153e-12,"3","NAP1L1"
6.66577903984944e-11,0.477728431202285,0.889,0.652,1.36415168050519e-06,"3","EIF5B"
8.8437257517171e-11,0.477727617129662,0.648,0.343,1.8098684750889e-06,"3","DDX49"
1.24995547379214e-06,0.477688844317316,0.462,0.258,0.0255803387711562,"3","UQCC3"
4.63262782668394e-06,0.477424215820848,0.296,0.148,0.0948067284730869,"3","LRRC14"
1.67798506511829e-06,0.477415216797363,0.492,0.286,0.0343399643576459,"3","HPF1"
3.3756167959309e-05,0.477069091147468,0.452,0.277,0.690819977287259,"3","GAMT"
3.29936078458104e-12,0.47700762302623,0.955,0.704,6.7521418456451e-08,"3","HNRNPM"
3.00237180894669e-07,0.476797160929678,0.477,0.26,0.0061443539070094,"3","KATNA1"
2.2374155861371e-09,0.476572853320476,0.734,0.423,4.57887099702958e-05,"3","LMF2"
1.3737277071435e-07,0.476427091801142,0.663,0.401,0.00281133375266918,"3","NCAPD2"
6.59860388552147e-10,0.476226131691229,0.819,0.534,1.35040428517197e-05,"3","FKBP3"
1.00705177530358e-09,0.476054289167668,0.563,0.296,2.06093145815878e-05,"3","MRE11"
1.24171783966176e-11,0.475487886971152,0.899,0.745,2.54117555886779e-07,"3","KPNB1"
1.24479604401984e-09,0.475390617861617,0.658,0.358,2.54747510408659e-05,"3","AMD1"
9.88515869160267e-09,0.474714430367134,0.513,0.267,0.000202299772623649,"3","CHAMP1"
1.27556010198759e-09,0.47401009574226,0.93,0.704,2.61043374871761e-05,"3","TOMM22"
4.70623846116069e-07,0.473844104560464,0.704,0.454,0.00963131701076536,"3","VBP1"
0.0001285440672254,0.473651095064341,0.276,0.155,1,"3","SRD5A3"
3.46300543796474e-10,0.473610995203032,0.799,0.506,7.08704062879484e-06,"3","SNX10"
1.6502810371577e-06,0.473538171008794,0.372,0.197,0.0337730014254323,"3","CCDC138"
7.00629998462432e-10,0.473209715200499,0.744,0.442,1.43383929185337e-05,"3","MTAP"
9.41406508303544e-10,0.472631751661114,0.799,0.49,1.9265884192432e-05,"3","ZDHHC12"
8.91844633699179e-08,0.472129174544569,0.693,0.429,0.00182516004286537,"3","BCAP29"
3.48717551341693e-05,0.472013280105846,0.271,0.144,0.713650468820775,"3","MDM1"
0.000110599715539061,0.471947788310732,0.296,0.168,1,"3","TRIB3"
1.37853690487244e-05,0.471303413962677,0.482,0.293,0.282117577582145,"3","SDHAF3"
5.97316886175037e-07,0.470842846330356,0.598,0.361,0.0122240900755721,"3","THOC6"
1.26286382462482e-07,0.470821312398029,0.693,0.42,0.00258445081709469,"3","DCPS"
3.69328939253677e-06,0.47072676501727,0.276,0.137,0.075583167418265,"3","STX3"
2.02062108156653e-07,0.470701464580262,0.432,0.225,0.00413520104342591,"3","NUBP1"
2.4334534387549e-11,0.470337417890488,0.97,0.838,4.98006246241189e-07,"3","ROMO1"
1.88087276176141e-06,0.470103262942396,0.543,0.334,0.0384920610694472,"3","C7orf50"
2.02324823561639e-11,0.470016336877901,0.935,0.708,4.14057751418895e-07,"3","POLR2E"
0,0.468927729391565,1,0.95,0,"3","COX6C"
1.26931354316184e-09,0.46833402065095,0.915,0.684,2.59765016608071e-05,"3","PSMD7"
8.43736176703302e-07,0.46808969958362,0.578,0.364,0.0172670608562331,"3","PTMS"
2.88676504922591e-09,0.467740999056191,0.889,0.715,5.90776467324083e-05,"3","MRPL52"
0,0.466906346848636,1,0.942,0,"3","PPP1CA"
4.60076421404665e-13,0.466404926815599,0.98,0.84,9.41546396404647e-09,"3","ATP5MPL"
1.80848126540845e-06,0.466315728310371,0.482,0.272,0.0370105690965838,"3","SLC39A3"
5.39273092847736e-09,0.466056751443926,0.859,0.589,0.000110362238451289,"3","NDUFS3"
6.12326189752821e-10,0.466050240665781,0.839,0.572,1.25312554732915e-05,"3","SMARCB1"
3.53971976174705e-08,0.465766408913213,0.799,0.531,0.000724403649241534,"3","BABAM1"
4.34448903519069e-08,0.465304154436073,0.342,0.155,0.000889099681051775,"3","GATD1"
1.16449072606883e-11,0.465200551061812,0.97,0.827,2.38313027089987e-07,"3","MT2A"
3.48907569502899e-10,0.464740776633727,0.894,0.6,7.14039340987682e-06,"3","NUDT21"
4.27929642832225e-08,0.464540886371219,0.744,0.489,0.000875758014056149,"3","SLC2A4RG"
8.26392598796133e-09,0.463961518512093,0.533,0.288,0.000169121245343629,"3","TCOF1"
0,0.463723719585659,1,0.996,0,"3","TMSB10"
1.80269867922078e-08,0.462626600490741,0.563,0.303,0.000368922284702533,"3","TTF1"
2.74275080425213e-08,0.462463076446561,0.724,0.472,0.000561303952090197,"3","OXCT1"
2.1759799451182e-07,0.462091668617031,0.588,0.33,0.0044531429576844,"3","TLNRD1"
1.6302866542528e-05,0.46178520229221,0.503,0.307,0.333638163792835,"3","COX19"
4.13645562247211e-10,0.461322268116191,0.945,0.753,8.46525643138918e-06,"3","AURKAIP1"
2.2440095692744e-07,0.460754734752001,0.618,0.361,0.00459236558352005,"3","NFKBIB"
9.72197877757708e-11,0.460619112507756,1,0.928,1.98960295683115e-06,"3","S100A11"
2.36648093521197e-06,0.460513730257495,0.266,0.125,0.0484300323391129,"3","IPO4"
8.35482572014712e-10,0.460447640040641,0.854,0.572,1.70981508362811e-05,"3","TXNRD1"
3.73203574710601e-08,0.459997563742573,0.497,0.254,0.000763761115645245,"3","DUS3L"
1.04553650182027e-07,0.459886822702641,0.578,0.326,0.00213969045097517,"3","SRPRB"
8.75726735571902e-08,0.459779841512706,0.583,0.329,0.0017921747643479,"3","RWDD4"
1.07627302625701e-08,0.459623816895399,0.839,0.567,0.000220259274823498,"3","PSMD1"
3.85141192715821e-07,0.459490754818168,0.437,0.229,0.00788191450892928,"3","RRP15"
1.64416136261281e-07,0.459286852986954,0.487,0.259,0.00336477622858711,"3","PCYT2"
6.3698166363757e-07,0.45899729151651,0.317,0.154,0.0130358297463429,"3","MPP6"
1.1067007488208e-07,0.458929080854846,0.467,0.254,0.00226486308246177,"3","NUP88"
2.94731614833843e-05,0.458887834774726,0.352,0.199,0.60316824975746,"3","EEF1AKNMT"
2.83713960973486e-05,0.458479863577032,0.281,0.149,0.58062062113224,"3","HSPA14.1"
1.11564091298533e-11,0.458098163428977,0.98,0.781,2.28315912842447e-07,"3","MDH1"
1.10040979217629e-07,0.45799053859562,0.814,0.555,0.00225198863968878,"3","HINT2"
1.08923758901369e-10,0.457347687158303,0.91,0.723,2.22912472591652e-06,"3","UBE2N"
1.44632043674875e-07,0.457023592582984,0.296,0.135,0.00295989477380632,"3","NEMP1"
6.27585563963695e-05,0.456927129721538,0.357,0.202,1,"3","MRPL49"
1.43111593353673e-06,0.456775053715627,0.312,0.153,0.0292877875798292,"3","LIG3"
7.52731210695856e-14,0.455657888401853,0.99,0.921,1.54046442268907e-09,"3","PDIA3"
1.8170656579386e-06,0.454881329852358,0.628,0.39,0.0371862486897134,"3","DRG1"
1.50273871346585e-06,0.454810682205546,0.477,0.27,0.0307535477710785,"3","SCO2"
1.57127644229149e-11,0.454809944752674,0.965,0.798,3.21561723914954e-07,"3","PSMD8"
1.38469698374166e-07,0.454563753169393,0.668,0.416,0.00283378237722731,"3","TIMM17A"
6.69553301690939e-12,0.454359207350837,0.92,0.655,1.37024083191051e-07,"3","RABL6"
0,0.453933396059529,0.995,0.917,0,"3","COX5A"
3.9765994999108e-06,0.453478693273585,0.925,0.816,0.0813811087656746,"3","HSPA5"
1.97387994838039e-09,0.453301773298993,0.789,0.509,4.03954531436046e-05,"3","DHX15"
4.94901434655581e-06,0.452676550354644,0.302,0.156,0.101281578602265,"3","DPY19L1"
2.48416223591619e-07,0.452062895890199,0.513,0.289,0.00508383801580248,"3","PI4K2B"
1.19652114238811e-06,0.452038600634831,0.528,0.314,0.0244868051789726,"3","ERI3"
7.34437100025076e-08,0.45191899896836,0.618,0.361,0.00150302552520132,"3","UBAC1"
2.90233306943222e-07,0.45183919973359,0.513,0.278,0.00593962462659303,"3","UTP11"
3.30436420581393e-06,0.451760491778132,0.307,0.152,0.067623813471982,"3","UBQLN4"
3.19266058035339e-08,0.451594552414551,0.839,0.598,0.000653377987769321,"3","SEC13"
1.95507368072612e-08,0.451376620054893,0.688,0.405,0.0004001058287606,"3","POP4"
7.09876601945325e-13,0.451290890323145,1,0.976,1.45276246588111e-08,"3","S100A6"
2.80975243072135e-12,0.451092699833738,0.965,0.79,5.75015834947123e-08,"3","YWHAQ"
2.10137219336382e-06,0.450162904881737,0.437,0.243,0.0430045819371905,"3","C16orf91"
9.2852790567477e-08,0.449913293728233,0.799,0.504,0.00190023235896342,"3","CCDC124"
4.45170307756815e-05,0.448806235572609,0.291,0.163,0.911041034824321,"3","EMC9"
3.39610761734832e-09,0.448616646259983,0.724,0.435,6.95013423890334e-05,"3","AFG3L2"
2.03057989445199e-06,0.448365343886098,0.613,0.397,0.04155581753996,"3","RRBP1"
2.99715807727807e-12,0.448058582374176,0.98,0.859,6.13368400514958e-08,"3","SRSF9"
0.000157446746107182,0.447540326763768,0.256,0.14,1,"3","TMCO3"
5.39216700623513e-07,0.447415215854448,0.538,0.309,0.0110350697782602,"3","MPHOSPH6"
7.76892543630225e-08,0.446724796786189,0.467,0.243,0.00158991059053926,"3","OBI1"
1.16574907245148e-05,0.446671055048305,0.387,0.215,0.238570547677196,"3","SLC12A9"
8.77036021584843e-09,0.446296991001871,0.93,0.712,0.000179485421817338,"3","RNASEH2B"
7.8381745538536e-14,0.446235256102788,0.98,0.861,1.60408242244614e-09,"3","SEM1"
3.28827705065038e-08,0.445416619866677,0.769,0.527,0.0006729458984156,"3","MTFP1"
3.1929100896555e-06,0.445414040562907,0.462,0.267,0.0653429049847998,"3","TIFA"
7.97048866907346e-08,0.445346928217814,0.819,0.577,0.00163116050612588,"3","TMX1"
1.32997057811224e-09,0.445130785287803,0.95,0.739,2.7217847881067e-05,"3","TUBA4A"
7.3257633081969e-06,0.445035304540705,0.472,0.277,0.14992174610225,"3","WRAP73"
0,0.444020556038888,0.99,0.926,0,"3","COX7A2"
5.03034779875122e-06,0.443627612569633,0.482,0.281,0.102946067701444,"3","PMM2"
1.09472805709387e-07,0.443405260574413,0.698,0.423,0.00224036096884261,"3","MRPL47"
8.0171885055158e-06,0.442946981794092,0.322,0.166,0.164071762765381,"3","TMEM218"
2.484989991558e-11,0.44256513065763,0.965,0.774,5.08553201772344e-07,"3","RPN2"
3.18883717274066e-05,0.442321061913216,0.251,0.128,0.652595527401375,"3","MAPK13"
5.35534343981681e-07,0.442264516752151,0.487,0.275,0.0109597103495851,"3","CBX6"
1.69396839622138e-06,0.441678581229507,0.533,0.314,0.0346670632286705,"3","USP5"
8.806084306201e-09,0.440048757731356,0.91,0.67,0.000180216515326403,"3","MRPS15"
2.60852650590948e-08,0.439809364395202,0.824,0.567,0.000533834949434375,"3","EIF4G1"
1.26565424807268e-14,0.439353719396539,0.995,0.901,2.59016141868074e-10,"3","NDUFA12"
7.89572851545017e-11,0.438459464376355,0.97,0.786,1.61586084068688e-06,"3","JTB"
5.52156845630147e-05,0.438003829221884,0.291,0.158,1,"3","MSANTD3"
8.73064286954772e-06,0.437984719993696,0.327,0.173,0.178672606325294,"3","RAD51D"
2.34133379350965e-09,0.437550898693661,0.965,0.799,4.79153960841749e-05,"3","MDH2"
8.80218120613563e-11,0.437312458797272,0.558,0.27,1.80136638383566e-06,"3","IMMP1L"
3.7936288221907e-07,0.437214193404463,0.432,0.224,0.00776366138461326,"3","ALG1"
1.28196758542032e-07,0.435815414516976,0.799,0.521,0.00262354666356268,"3","ATOX1"
3.90923461890402e-06,0.43514024941717,0.879,0.677,0.0800024864758708,"3","DCTN3"
3.13186671174748e-06,0.434977365142615,0.523,0.319,0.0640936522559121,"3","CASP2"
4.60166730942291e-07,0.434943212623017,0.392,0.202,0.00941731214873398,"3","RRP1"
5.03627916481619e-07,0.434925581084297,0.638,0.394,0.0103067453107963,"3","ITGAE"
3.0956010377281e-07,0.434821531188695,0.653,0.406,0.00633514752371056,"3","PHF6"
1.01529243901055e-07,0.434349937869299,0.864,0.636,0.00207779597643509,"3","PUF60"
0.000104074872962379,0.434023922918765,0.432,0.278,1,"3","MT1E"
1.82088456091023e-07,0.433886412494851,0.673,0.427,0.00372644025390279,"3","FXN"
2.69288494925135e-06,0.433437775743776,0.472,0.267,0.0551098904864289,"3","APTX"
1.10318716251001e-06,0.432581461519685,0.633,0.39,0.0225767252807674,"3","MTHFS"
0.000243947384491738,0.432418623859484,0.251,0.139,1,"3","AGMAT"
3.25625055457301e-05,0.431723877098504,0.638,0.417,0.666391675993367,"3","ERG28"
6.53090088809094e-05,0.431296524197074,0.302,0.169,1,"3","CC2D1A"
3.02215854119936e-07,0.431212764708993,0.744,0.469,0.00618484745456449,"3","NAA20"
1.28494992424066e-11,0.431206322786861,0.985,0.856,2.62965001995852e-07,"3","P4HB"
1.52120318119842e-07,0.430993852331261,0.698,0.461,0.00311314231032256,"3","RIF1"
2.0660251287552e-10,0.430970042295469,0.975,0.805,4.22812042599752e-06,"3","FBL"
1.3944401189292e-13,0.430527785977874,0.452,0.183,2.8537217033886e-09,"3","KIF11"
6.72256573075458e-07,0.430487604831129,0.633,0.369,0.0137577307679893,"3","MALSU1"
1.15617639906418e-08,0.430379683555302,0.94,0.732,0.000236611500068484,"3","TBCB"
1.97619698383278e-14,0.430075484017002,1,0.958,4.04428712741378e-10,"3","PPIB"
2.16107896477968e-05,0.429433029341464,0.251,0.128,0.442264810142162,"3","C1orf112"
5.69406193307032e-08,0.42938394328377,0.688,0.411,0.00116528977460284,"3","UTP18"
3.32200711383734e-10,0.429069039133924,0.814,0.495,6.79848755846812e-06,"3","MTHFD2"
1.51130800851718e-06,0.428491688804701,0.437,0.236,0.030928918394304,"3","DNAJA3"
4.51401062617762e-06,0.428454739553133,0.618,0.396,0.092379227464725,"3","TAF1B"
1.81623419792665e-05,0.428447148870877,0.281,0.147,0.371692328605688,"3","ZNF100"
2.49398346863217e-07,0.42831553322643,0.608,0.35,0.00510393716855573,"3","MRPS2"
3.82283900468572e-06,0.428205388896525,0.492,0.288,0.0782344002308932,"3","HDDC3"
1.02353159281421e-08,0.427747564020363,0.774,0.485,0.000209465740469428,"3","ELAVL1"
1.59264468124753e-06,0.427519682854202,0.503,0.281,0.0325934734017308,"3","FTSJ3"
3.35244427374093e-06,0.427384734137483,0.452,0.257,0.0686077720621081,"3","RPUSD1"
9.32091105454447e-06,0.42720455168873,0.367,0.205,0.190752444731253,"3","DOHH"
0.000141649973271152,0.426912498485846,0.251,0.136,1,"3","APLP2"
5.02543646696552e-08,0.426745248932065,0.844,0.61,0.00102845557296449,"3","MPC2"
8.6995937120804e-09,0.426200977261416,0.894,0.682,0.000178037185317725,"3","UQCRC1"
6.94279966850786e-09,0.425686779990715,0.864,0.602,0.000142084395216013,"3","CIAO2A"
1.56932219752548e-06,0.424201506823837,0.568,0.336,0.032116178772359,"3","CTSZ"
9.54791801177635e-15,0.423993712559373,1,0.939,1.95398142111003e-10,"3","GNAI2"
4.72867645462394e-06,0.423825861042605,0.94,0.797,0.0967723636438789,"3","RAD21"
6.40210898983362e-06,0.423766460426022,0.492,0.29,0.131019160476945,"3","C1GALT1C1"
8.18457662825622e-05,0.423671783723762,0.407,0.251,1,"3","TNFSF14"
7.49921298393019e-08,0.423328234645758,0.558,0.314,0.00153471393716131,"3","CEP78"
3.7965961485753e-09,0.42324149080191,0.995,0.919,7.76973401805936e-05,"3","CD99"
3.42460884206197e-06,0.422978759974245,0.588,0.367,0.0700846199527982,"3","PDHA1"
7.42215844340421e-10,0.422027654811761,0.92,0.669,1.51894472544267e-05,"3","ARPC5L"
2.87612413885086e-07,0.421924558663692,0.467,0.245,0.00588598805015828,"3","IDH3A"
8.2273047574688e-07,0.421556376620621,0.492,0.272,0.0168371791861599,"3","AARS"
0,0.421325496260332,1,0.991,0,"3","CORO1A"
3.53078634773851e-07,0.421247805499956,0.578,0.324,0.00722575426064687,"3","CXXC1"
8.2154478020513e-07,0.420768581500912,0.688,0.465,0.016812913926898,"3","DPY30"
2.85811487366061e-07,0.420656057961671,0.437,0.225,0.00584913208894644,"3","TAX1BP3"
0.000265437205139829,0.420556630134033,0.271,0.154,1,"3","THG1L"
3.48465799793196e-06,0.419843307615746,0.513,0.299,0.0713135259276776,"3","PDE4A"
1.27167078411983e-05,0.419707650637767,0.462,0.271,0.260247425970123,"3","ELAC2"
2.0667540938657e-06,0.41942586030101,0.523,0.305,0.0422961225309615,"3","LRRC58"
8.68851848556673e-06,0.419327038801481,0.317,0.165,0.177810530807123,"3","ABHD5"
6.81815386593954e-07,0.419049774917133,0.633,0.379,0.0139533518866453,"3","DANCR"
2.59152986663569e-05,0.418450540535465,0.462,0.275,0.530356587206994,"3","RBM15B"
1.41060173852736e-06,0.41838775661602,0.814,0.582,0.0288679645789625,"3","EMC4"
1.2956268421016e-05,0.4180911936304,0.382,0.211,0.265150033236093,"3","PCK2"
1.63735293434719e-06,0.41771986150315,0.503,0.288,0.0335084278014153,"3","AIFM1"
8.32251230820091e-07,0.417600741001255,0.709,0.466,0.0170320214387332,"3","CDKN2A"
1.02260422352174e-11,0.417520452674625,0.955,0.81,2.09275954343724e-07,"3","HNRNPA0"
1.13131546712886e-05,0.417259709415205,0.658,0.437,0.231523710347921,"3","GTF2H5"
4.78664907710424e-09,0.417121530836019,0.342,0.15,9.79587733629383e-05,"3","GEN1"
7.0565775445175e-13,0.417016676384167,0.452,0.185,1.44412859448551e-08,"3","PRC1"
3.45345666930008e-06,0.416988684245244,0.819,0.615,0.0706749907372262,"3","FIBP"
4.44459602588765e-06,0.416864275019263,0.402,0.218,0.0909586576697907,"3","DIS3L"
2.44249065417534e-15,0.416796540978546,1,0.979,4.99855712376984e-11,"3","HSPA8"
1.07349757292319e-05,0.416471038054359,0.437,0.247,0.21969127829873,"3","TARBP2"
1.13760843345467e-06,0.416365837961108,0.427,0.228,0.0232811565906499,"3","TRUB2"
1.15020410973443e-08,0.416345849725483,0.603,0.326,0.000235389271057151,"3","GNL2"
6.30713703642094e-06,0.41617374055869,0.402,0.223,0.129075559450355,"3","RPF2"
1.75324765594453e-07,0.416169923178093,0.678,0.411,0.00358802132789049,"3","RTCB"
9.27905406955531e-07,0.416001340599354,0.417,0.221,0.018989584153345,"3","PERP"
2.33409781591476e-06,0.415835199936105,0.402,0.221,0.0477673118026956,"3","CCP110"
1.90900780800973e-05,0.415796322810059,0.442,0.257,0.390678447909192,"3","TMA16"
2.96479458761212e-08,0.415781118846672,0.915,0.645,0.00060674521235482,"3","MBD2"
9.97647587746009e-05,0.415739078397689,0.296,0.17,1,"3","CMPK2"
2.86242070046683e-07,0.415730247403408,0.864,0.633,0.00585794396350536,"3","CDC123"
4.73470199491288e-07,0.415355185039926,0.432,0.227,0.00968956763258921,"3","OAS3"
5.74496332728103e-08,0.414973876888923,0.693,0.404,0.00117570674492806,"3","TMEM126A"
1.17382550568479e-07,0.41491000424696,0.442,0.225,0.00240223389738392,"3","ZDHHC16"
7.6896466971732e-10,0.414614791071854,0.94,0.802,1.5736861965765e-05,"3","PEBP1"
7.97754489134661e-08,0.414352601509431,0.648,0.368,0.00163260456201408,"3","MED30"
0.000273867365436331,0.414223830814657,0.367,0.223,1,"3","RPS6KA4"
2.77957878935808e-08,0.413856073418537,0.889,0.694,0.000568840799242132,"3","GLO1"
2.52662335498144e-11,0.413812146336952,0.99,0.838,5.17073469596951e-07,"3","XRCC6"
6.12785244782366e-05,0.413716194891917,0.342,0.195,1,"3","ACAD8"
5.50187247005951e-06,0.413609802401166,0.402,0.218,0.112595820099768,"3","RMND1"
2.92299316411171e-05,0.413574055485451,0.513,0.316,0.598190551035461,"3","PDCL3"
2.44420200383733e-05,0.413539407166284,0.432,0.264,0.500205940085309,"3","TEX14"
5.53963357083909e-05,0.413491042793929,0.477,0.303,1,"3","INSIG1"
1.81607738376499e-05,0.413265823020241,0.322,0.172,0.371660236587505,"3","TELO2"
1.07944342353505e-09,0.413058405628637,0.327,0.139,2.20908096626449e-05,"3","KIF15"
7.94221739131018e-06,0.412889695961656,0.678,0.44,0.162537478913163,"3","IFI35"
0.000127145425316222,0.412402522529311,0.357,0.208,1,"3","RCN1"
0.000129380046328453,0.41237667056225,0.337,0.198,1,"3","MYBBP1A"
2.35290761163576e-06,0.412233639654706,0.668,0.425,0.0481522542721258,"3","ZNF511"
2.2782442599123e-11,0.412205493607523,0.98,0.862,4.66242687791052e-07,"3","LSM7"
3.82493903217096e-09,0.412152485686364,0.915,0.677,7.82773772933787e-05,"3","SYNCRIP"
4.50750547997814e-14,0.411876020017403,1,0.918,9.22460996477525e-10,"3","NDUFB11"
1.90819884338111e-08,0.411665934829534,0.603,0.319,0.000390512893297945,"3","RAVER1"
8.08855154061927e-05,0.411299297019428,0.302,0.168,1,"3","EEF1AKMT1"
1.94784030460582e-07,0.411148860464279,0.342,0.163,0.00398625518337581,"3","EXOSC2"
5.28617831729861e-08,0.411127872283376,0.834,0.556,0.00108181639263516,"3","MRPL3"
0,0.411073726478363,1,0.986,0,"3","SH3BGRL3"
2.23036504820584e-08,0.410930076271386,0.819,0.54,0.000456444207115325,"3","POLR2K"
4.69651910695035e-08,0.410681421786392,0.442,0.227,0.000961142635237389,"3","NBEAL2"
1.8544958901856e-08,0.410546381178628,0.935,0.75,0.000379522583926484,"3","TUFM"
8.68537022746807e-07,0.410408143575406,0.698,0.427,0.0177746101705134,"3","PAGR1"
1.14669629347475e-09,0.410363429880038,0.975,0.807,2.34671396459607e-05,"3","EIF3I"
1.00361001287297e-06,0.410339164482337,0.623,0.376,0.0205388789134453,"3","C1orf131"
7.13420954556732e-06,0.410131504628862,0.528,0.318,0.146001598350035,"3","TRMT1"
9.46256502043497e-08,0.410019741783728,0.799,0.545,0.00193651393143202,"3","NUP210"
2.30948593582525e-12,0.409737231222234,0.995,0.896,4.72636296766638e-08,"3","ATP5IF1"
5.85588703083673e-07,0.409714627178101,0.688,0.438,0.0119840728086074,"3","TARS"
2.19910277166058e-06,0.409263347011865,0.809,0.57,0.0450046382220337,"3","PSMD11"
1.01327344759206e-06,0.409258939538586,0.538,0.312,0.0207366411049714,"3","EMG1"
9.36645797988689e-06,0.408882220584866,0.442,0.254,0.191684562558385,"3","ARMC6"
3.03096794338487e-05,0.408668443512133,0.387,0.222,0.620287589613713,"3","PLA2G12A"
3.63503893652251e-10,0.408100147247885,0.92,0.675,7.43910718359331e-06,"3","SF3A2"
9.77606535923492e-06,0.407829041086231,0.437,0.244,0.200067177576743,"3","SPOUT1"
2.7943230658245e-06,0.40778495429827,0.593,0.357,0.0571858215420984,"3","TRIAP1"
8.57261709619195e-07,0.406947055893617,0.261,0.122,0.0175438608873568,"3","MAST2"
0,0.406286130911044,1,0.948,0,"3","SET"
1.61758620054187e-07,0.405931043092223,0.367,0.179,0.00331039015940893,"3","BNIP1"
9.52933124853672e-07,0.405764867671144,0.709,0.462,0.0195017764001304,"3","IDI1"
9.82405688354504e-07,0.405392155179635,0.789,0.53,0.0201049324121749,"3","COA3"
6.11550929576765e-05,0.405238539695858,0.467,0.281,1,"3","ZNF622"
6.39678778124875e-06,0.404472975067528,0.442,0.249,0.130910261943256,"3","METTL21A"
3.5986985102987e-07,0.404419880126999,0.693,0.431,0.0073647365013263,"3","PRELID3B"
2.88663454472982e-06,0.404179424477566,0.704,0.509,0.0590749759578957,"3","GZMB"
2.47327581970325e-06,0.403860155733485,0.628,0.385,0.0506155896502269,"3","TMEM126B"
3.4045251728898e-07,0.403828804772586,0.513,0.287,0.00696736076631899,"3","ARHGAP10"
5.17300816604838e-06,0.403585399685046,0.362,0.195,0.10586561211818,"3","INIP"
2.53101338349992e-05,0.403472821975007,0.276,0.142,0.51797188893326,"3","RFXAP"
7.59995577581662e-09,0.403378480165107,0.96,0.797,0.000155533094952087,"3","AP2M1"
2.95821755675885e-05,0.403294930682617,0.312,0.168,0.605399222990698,"3","NACC1"
4.49457053797175e-07,0.403276528410287,0.779,0.516,0.00919813860595919,"3","MRPL21"
4.1310792631144e-07,0.403089305347886,0.92,0.702,0.00845425371196362,"3","MFNG"
1.97241539545701e-07,0.402486532718495,0.719,0.426,0.00403654810680276,"3","USP39"
2.72279513158225e-07,0.401349536634666,0.819,0.586,0.00557220023678306,"3","MTCH2"
1.08290125209187e-05,0.401066662796095,0.633,0.401,0.221615741240602,"3","PITHD1"
7.22239992256846e-07,0.400402495554314,0.709,0.44,0.0147806414415363,"3","STT3A"
3.90209531575536e-07,0.400219177510834,0.528,0.289,0.00798563806369335,"3","UPF1"
2.46775933021581e-11,0.399836566726025,0.965,0.843,5.05026946928666e-07,"3","PSMA6"
8.07674889502508e-06,0.399389868385714,0.347,0.182,0.165290666136688,"3","DVL2"
9.00580470863943e-07,0.399074616264921,0.447,0.24,0.0184303793362306,"3","CHID1"
3.07039003111242e-08,0.399050505899053,0.945,0.738,0.000628355319867158,"3","RPN1"
3.06865644006393e-13,0.398749835295265,1,0.983,6.28000540459084e-09,"3","FTL"
0.000168693679625243,0.398451005327007,0.256,0.138,1,"3","FAM89B"
3.5527136788005e-15,0.398417036306082,1,0.947,7.27062854366523e-11,"3","PSMB8"
2.18269846641306e-13,0.398392607231266,0.995,0.929,4.46689241151432e-09,"3","UBL5"
8.01576605091725e-09,0.397994105431325,0.804,0.525,0.000164042652232022,"3","TFRC"
1.78739091929447e-05,0.397916364929412,0.482,0.284,0.365789551633614,"3","LRRC8A"
6.98068720383915e-06,0.397736528608931,0.628,0.388,0.142859763626568,"3","PSMG4"
5.43746773828957e-07,0.397602521425022,0.698,0.436,0.0111277777264096,"3","SMIM15"
1.74881839090091e-05,0.396997657002466,0.497,0.294,0.357895683697871,"3","TCEAL8"
7.61157803452761e-11,0.396852226924615,0.985,0.841,1.55770944476608e-06,"3","NEDD8"
2.01042331520185e-05,0.396835904412353,0.724,0.53,0.411433131456058,"3","MGST3"
8.05258932512487e-06,0.396238846663187,0.558,0.36,0.16479624053868,"3","ANXA1"
1.62296779027127e-05,0.3956389010746,0.638,0.413,0.332140358279015,"3","ELOVL1"
7.93964940459801e-07,0.395532243168497,0.347,0.173,0.0162484925065098,"3","SLC26A6"
1.56632173624605e-05,0.395232549184852,0.704,0.48,0.320547743322753,"3","COMMD8"
1.32605038061229e-11,0.394542908014037,0.97,0.875,2.71376210392305e-07,"3","RBX1"
3.0076492558706e-06,0.393887880470798,0.698,0.441,0.0615515420213919,"3","NBL1"
1.90674155442494e-06,0.393807987080887,0.281,0.135,0.0390214659113064,"3","ARSB"
0.000118592175364807,0.393792379579295,0.291,0.162,1,"3","HCCS"
5.37814726087049e-08,0.393679945349172,0.402,0.203,0.00110063783693715,"3","RFWD3"
6.35854213582032e-05,0.39352716626406,0.538,0.34,1,"3","CHMP1A"
0,0.393251205535942,1,0.947,0,"3","NDUFA13"
2.41907037934475e-06,0.393182534281273,0.704,0.458,0.0495062753132902,"3","POP5"
6.39782974931613e-06,0.392945032813198,0.794,0.551,0.130931585819755,"3","RCN2"
1.35901147002571e-07,0.392823056624672,0.553,0.3,0.00278121697340761,"3","ERAL1"
3.0897950864528e-11,0.392435530075088,0.955,0.827,6.32326564442565e-07,"3","UBE2I"
1.24511797827687e-06,0.392394709772663,0.724,0.459,0.0254813394254361,"3","ELP5"
1.82887820261435e-05,0.392393815696265,0.578,0.355,0.374279924165026,"3","NOL11"
3.8130674395731e-08,0.392128856760435,0.608,0.339,0.000780344251508636,"3","UBE2E3"
6.32140355394384e-07,0.391864413011225,0.538,0.298,0.0129367523731461,"3","TMEM189"
2.64785366965725e-08,0.391812495234518,0.945,0.797,0.000541883253495357,"3","CIB1"
2.9436423359952e-05,0.39180141500635,0.332,0.185,0.602416404061418,"3","POP1"
3.74858233342934e-09,0.391800198177473,0.935,0.727,7.67147374536314e-05,"3","YWHAE"
2.45245852514842e-08,0.391481333921885,0.91,0.699,0.000501895637171623,"3","METTL26"
4.24120292639163e-05,0.391215036967662,0.698,0.477,0.867962178886047,"3","COA6"
0.00023444813414164,0.391040472098798,0.286,0.163,1,"3","ZNF692"
1.9359978331579e-07,0.390546230731611,0.568,0.316,0.00396201956555764,"3","NOL12"
9.19675446908741e-11,0.39029583735331,0.965,0.816,1.88211580209874e-06,"3","CKLF"
1.24586252869818e-06,0.389751261316153,0.784,0.534,0.0254965766498083,"3","HDAC2"
5.21804821573824e-14,0.38947882771287,1,0.967,1.06787356735083e-09,"3","OAZ1"
2.98700128986695e-06,0.389466059969202,0.286,0.14,0.0611289813971272,"3","ZNF317"
4.48945747244522e-09,0.389378702503625,0.95,0.827,9.18767471735915e-05,"3","CCT4"
1.29668920045845e-09,0.389334373543897,0.945,0.798,2.65367444873821e-05,"3","RBM8A"
1.34652433492199e-06,0.389311123899099,0.457,0.25,0.0275566205141786,"3","SURF2"
2.87241934082694e-06,0.389231882350299,0.327,0.165,0.0587840618100233,"3","AP006621.3"
5.32959765209284e-09,0.389193467967041,0.688,0.403,0.00010907021595008,"3","SLC20A1"
2.21621277995965e-07,0.389066241759541,0.618,0.351,0.00453547945418742,"3","C1orf122"
5.29422535366919e-06,0.388950417618972,0.588,0.384,0.10834632186284,"3","DUSP6"
2.22165758012594e-07,0.388799304289794,0.422,0.216,0.00454662223772773,"3","WDR5"
1.11933886381976e-07,0.388186337389996,0.784,0.52,0.00229072698480715,"3","ATG3"
4.52897119807005e-09,0.38808592181215,0.719,0.41,9.26853955685036e-05,"3","BCAS2"
5.28288305989832e-07,0.388073735392432,0.854,0.61,0.0108114201820819,"3","MRPL33"
4.61632287951375e-10,0.388057914076975,0.99,0.882,9.44730477292488e-06,"3","SF3B2"
3.0417934837601e-10,0.387912618443581,0.97,0.87,6.22503036451505e-06,"3","SNU13"
6.54524770049569e-06,0.387535157966962,0.337,0.174,0.133948494190644,"3","OGFOD2"
4.41732106604142e-06,0.387489688836248,0.638,0.414,0.0904004756165377,"3","GTPBP4"
4.10509318293784e-05,0.387166292341529,0.271,0.14,0.840107319888228,"3","TXNRD2"
1.67319002208899e-07,0.386974449458637,0.729,0.447,0.00342418338020511,"3","KEAP1"
3.56621241426325e-08,0.386273160444012,0.975,0.805,0.000729825370578974,"3","NDUFB10"
2.71514848382282e-08,0.386207026593737,0.764,0.486,0.000555655137214339,"3","SAE1"
2.41293903524564e-07,0.385918246360857,0.452,0.236,0.00493807973563021,"3","LARP1B"
7.39191218324109e-06,0.385771036580132,0.332,0.174,0.151275482830029,"3","POLR1B"
5.97683756375922e-06,0.385626626193149,0.754,0.496,0.122315980742332,"3","INO80E"
3.05264538313921e-07,0.385287812340062,0.869,0.611,0.00624723877659439,"3","COX16"
1.07445163877173e-11,0.384923088069394,1,0.915,2.19886527874635e-07,"3","HMGN1"
9.54530465495651e-05,0.384751562758197,0.462,0.284,1,"3","WSB2"
3.54921588492374e-05,0.38436731798297,0.337,0.188,0.726347030849643,"3","WDR83"
8.7080787025684e-11,0.384360584843059,1,0.947,1.78210830648062e-06,"3","PPDPF"
5.77933806455988e-06,0.384338682164839,0.281,0.141,0.118274153491218,"3","ECT2"
2.10169904986124e-05,0.383921184422262,0.387,0.218,0.430112710554102,"3","C17orf75"
9.47587970534514e-07,0.383445703422245,0.608,0.355,0.0193923878169888,"3","FGD5-AS1"
2.47518875928776e-06,0.383437101752324,0.864,0.626,0.050654737958824,"3","ACTN4"
1.03199120360387e-08,0.383322224987063,0.99,0.851,0.000211196999817531,"3","NDUFV2"
2.86557617634742e-07,0.383123823454873,0.884,0.617,0.00586440164489499,"3","LAMTOR2"
2.34768904827654e-06,0.382778846166891,0.734,0.496,0.0480454563729793,"3","TMEM147"
1.06205003451709e-05,0.382671963199461,0.714,0.459,0.217348539563923,"3","TMEM208"
7.04089849623557e-06,0.382640581280416,0.869,0.689,0.144091987725461,"3","HLA-DRA"
2.26656505009082e-06,0.382540153913329,0.643,0.398,0.0463852537501086,"3","OSGEP"
5.99166720682831e-08,0.382232442493996,0.945,0.789,0.00122619469387741,"3","PARP1"
1.64354050946613e-06,0.382086597397214,0.849,0.608,0.0336350565262244,"3","RBM42"
1.61336693316194e-06,0.381841142513444,0.322,0.16,0.0330175542871591,"3","MAK16"
3.04821958363455e-06,0.381231282885622,0.643,0.414,0.062381813779081,"3","SF3B3"
4.76243045000047e-10,0.381114905571101,0.95,0.786,9.74631391592595e-06,"3","RAD23A"
0.00049547971579611,0.380863046915789,0.261,0.15,1,"3","RBM12"
4.29209685570697e-07,0.380828129294234,0.894,0.669,0.00878377621520432,"3","APH1A"
0.00222304785757999,0.380748087086651,0.276,0.173,1,"3","TAF9B"
6.8077480097628e-08,0.380620101733097,0.955,0.822,0.00139320563019796,"3","LBR"
0.000459945780528326,0.380395921474667,0.281,0.16,1,"3","DNAAF5"
1.84682539206005e-05,0.380171065062223,0.462,0.287,0.377952816485089,"3","DUSP4"
1.01604177051851e-05,0.380054180309767,0.628,0.395,0.207932948336612,"3","PPIE"
4.98639604609163e-05,0.379974309265127,0.377,0.22,1,"3","ETS2"
2.08733748818801e-06,0.379143773221777,0.719,0.475,0.0427173616957677,"3","MCTS1"
1.38800014370943e-06,0.379049842266281,0.729,0.469,0.0284054229410136,"3","LAP3"
2.91408145238758e-05,0.379008700168387,0.573,0.353,0.596366769231119,"3","MRPL55"
1.24862225781008e-06,0.378813102572588,0.894,0.599,0.0255530545060834,"3","SUCLG1"
6.31440445766351e-05,0.378650478898581,0.312,0.173,1,"3","MAIP1"
3.80556080381567e-06,0.37847289935905,0.789,0.541,0.0778808018500876,"3","BCL7C"
6.16314732582168e-09,0.378405972383554,0.965,0.817,0.000126128810022941,"3","PPP4C"
2.21367833619368e-06,0.377854833760732,0.352,0.18,0.0453029271502037,"3","FAH"
4.39792606998779e-07,0.377686153135483,0.734,0.467,0.00900035570223001,"3","ERGIC2"
2.99791796942728e-07,0.377014009364434,0.97,0.797,0.00613523912443292,"3","BSG"
1.26879204638275e-05,0.376680565900749,0.492,0.294,0.25965829229223,"3","HSDL2"
4.15207586534905e-07,0.37662492942269,0.523,0.286,0.00849722325843683,"3","TMEM11"
2.16644496966456e-05,0.376435028784871,0.422,0.24,0.443362963041852,"3","BTBD6"
4.49440165084525e-08,0.376174549547151,0.874,0.668,0.00091977929784548,"3","CNPY2"
9.06884183617951e-05,0.375142740596647,0.437,0.266,1,"3","ATG101"
6.3115430786187e-06,0.374750509567067,0.613,0.391,0.129165729103932,"3","TMEM223"
7.65647989453555e-10,0.374719332743273,0.99,0.867,1.5668986104167e-05,"3","WDR1"
9.56134015295262e-07,0.374265212093294,0.819,0.596,0.0195672826230175,"3","SRSF1"
9.22496387256722e-06,0.374212289209845,0.332,0.174,0.188788885652088,"3","JMJD4"
1.01888837560349e-05,0.37380125316597,0.432,0.244,0.208515506067254,"3","ZNF598"
0.000325357752804623,0.373068833695556,0.412,0.257,1,"3","CHTF8"
3.64856080097287e-05,0.37227609597403,0.357,0.201,0.746677967919097,"3","GPAT4"
1.57385291155165e-06,0.372088643873973,0.864,0.622,0.0322088998349046,"3","RPS19BP1"
0.000199208454989996,0.371955237589209,0.487,0.311,1,"3","TOR1A"
5.742054201896e-06,0.371891503807886,0.819,0.558,0.117511139241802,"3","GET3"
1.46725738447984e-06,0.371869667848704,0.824,0.592,0.0300274223733799,"3","AKR1B1"
4.50315018882819e-05,0.371828732826316,0.658,0.432,0.921569686143688,"3","DDX54"
2.69784194983913e-13,0.371675070508963,0.985,0.926,5.52113355034578e-09,"3","SLC25A3"
7.52789629299144e-07,0.371382051987531,0.467,0.255,0.015405839763607,"3","SLC25A28"
1.94467983938296e-08,0.370826336525091,0.894,0.727,0.000397978729129722,"3","UBA2"
5.43486921911196e-07,0.370551835724405,0.879,0.687,0.0111224598569126,"3","DDX21"
3.13465299273119e-07,0.370339240713817,0.905,0.667,0.00641506734962438,"3","HTATSF1"
5.50853661129835e-07,0.37027960604821,0.734,0.464,0.0112732201750221,"3","PSMD12"
8.32462143707247e-06,0.370267937260265,0.688,0.46,0.170363377709688,"3","VMA21"
0.00144209245584004,0.370068169895355,0.337,0.215,1,"3","FAHD2B"
1.41504008510651e-09,0.369906987186214,1,0.922,2.89587953417048e-05,"3","CAP1"
6.7425838246038e-09,0.369462958305121,0.337,0.148,0.000137986977970517,"3","CDCA8"
1.65037050399164e-05,0.36945239439232,0.442,0.252,0.337748323641889,"3","TPD52L2"
1.41658654628785e-06,0.369291397926599,0.352,0.177,0.0289904436697808,"3","AEN"
2.76161260126528e-06,0.368638067960012,0.889,0.674,0.056516401884894,"3","DNAJC15"
3.2713343145474e-10,0.368402320644629,0.975,0.917,6.69478567472126e-06,"3","SUB1"
3.12943460256676e-07,0.368348955523463,0.693,0.435,0.00640438791415288,"3","DCUN1D5"
3.63264973657351e-13,0.368301904203877,0.99,0.941,7.43421768589769e-09,"3","ATP5F1B"
5.03883431646202e-07,0.368136559891638,0.859,0.609,0.0103119744286395,"3","NUDT5"
0,0.368105694093392,1,0.986,0,"3","RPL35"
5.89098132919297e-06,0.368092989887202,0.824,0.597,0.120558932901934,"3","PSMD9"
4.74977518249986e-05,0.367753555080504,0.362,0.204,0.972041491098596,"3","VKORC1L1"
6.30259600065131e-09,0.36751748585339,0.95,0.791,0.000128982627153329,"3","CAPNS1"
7.30542726867789e-06,0.367507076564894,0.482,0.279,0.149505569053493,"3","MRPL46"
4.24405516745718e-05,0.367487854565785,0.513,0.323,0.868545890020113,"3","ACSL3"
3.85836957939034e-08,0.367420380603012,0.91,0.703,0.000789615334422233,"3","MRPL20"
5.59841036325004e-05,0.367044559216697,0.302,0.161,1,"3","RCL1"
1.55409818347607e-09,0.366920609481578,0.995,0.854,3.18046193248378e-05,"3","GTF3A"
3.88158787880677e-05,0.366877327206886,0.613,0.398,0.794366959397805,"3","NELFB"
1.0547118733939e-13,0.366672101004218,1,0.987,2.15846784890061e-09,"3","ARPC2"
5.35533707313185e-06,0.366597804582753,0.633,0.38,0.109596973201643,"3","CMC1"
0.000162071923499596,0.366577129691385,0.417,0.258,1,"3","AK6"
1.23156660025714e-05,0.366571223277757,0.754,0.517,0.252040104742624,"3","SRA1"
4.68707381073852e-05,0.366138574342868,0.256,0.132,0.959209655367638,"3","DHRS4-AS1"
4.93000539858457e-06,0.366109092260827,0.683,0.438,0.100892560482033,"3","FUNDC2"
0.00012756172966788,0.36587617001931,0.362,0.213,1,"3","RXYLT1"
3.67196495432154e-10,0.365620987918403,0.965,0.871,7.51467627901903e-06,"3","NDUFS5"
5.81320398351792e-06,0.365267971517957,0.774,0.539,0.118967219522694,"3","DMAC1"
1.53949828174405e-06,0.364675175859897,0.487,0.284,0.0315058323358919,"3","TTF2"
2.48659975077281e-06,0.364533277701933,0.673,0.414,0.0508882638995656,"3","SMIM12"
6.20481444002507e-12,0.364515807616029,0.995,0.946,1.26981527515113e-07,"3","TAGLN2"
0.000291745430957446,0.364114916181363,0.261,0.145,1,"3","PIGQ"
7.64977059475314e-09,0.36406995333581,0.98,0.887,0.000156552555221623,"3","SLC9A3R1"
5.91986040077153e-06,0.363749095905748,0.462,0.259,0.121149943101789,"3","SFXN4"
7.8763514117508e-06,0.363282863991465,0.583,0.356,0.16118953164148,"3","ACTR1A"
8.20173549298531e-07,0.363259209617097,0.764,0.498,0.0167848516863944,"3","LRPAP1"
2.8093966064402e-05,0.363129648320857,0.563,0.356,0.574943015507986,"3","TRAPPC4"
2.35600428055704e-11,0.362754722455717,0.99,0.911,4.82156276015999e-07,"3","PARK7"
4.19687577055683e-05,0.362213629159377,0.372,0.217,0.858890626444455,"3","TRMT6"
1.58493565749485e-05,0.362145647875087,0.422,0.239,0.32435708230632,"3","C15orf61"
0.000108293422122152,0.362024490437329,0.623,0.423,1,"3","CBR1"
7.55387862549917e-06,0.361997050479151,0.598,0.37,0.15459012607084,"3","FTSJ1"
1.09094554767708e-06,0.361971663043527,0.925,0.699,0.0223262006332114,"3","TMED9"
4.30537032736211e-06,0.361954122742206,0.859,0.656,0.0881094037494656,"3","PSMC4"
7.21761050017644e-05,0.361897894825477,0.367,0.212,1,"3","CASP6"
0.000128293978164606,0.361496594877065,0.367,0.213,1,"3","ISOC1"
0,0.361140958339285,1,0.979,0,"3","MYL6"
1.49565537732599e-09,0.360853270708328,0.975,0.875,3.06085872969764e-05,"3","PSMB1"
8.33352379325802e-07,0.360682294055142,0.879,0.64,0.0170545564429025,"3","PPP6R1"
1.62554728189157e-06,0.360680553221665,0.889,0.616,0.033266825123911,"3","SELENOK"
1.03850607446887e-07,0.360184684372347,0.457,0.23,0.00212530268140054,"3","ARHGAP19"
2.14413674417546e-05,0.3594479005319,0.533,0.321,0.438797584695508,"3","VPS16"
0.000318834724265971,0.359270369560839,0.256,0.142,1,"3","COQ6"
6.36809183163223e-09,0.358905206752088,0.975,0.845,0.000130322999334354,"3","TRMT112"
2.74842605851866e-06,0.358638144749589,0.799,0.531,0.0562465392875844,"3","KDELR2"
1.26919912912804e-06,0.358431278411644,0.508,0.279,0.0259741601776053,"3","C16orf87"
0.00119096074046654,0.358205964802828,0.422,0.281,1,"3","NFIL3"
1.42302760242075e-07,0.35780976595551,0.935,0.712,0.00291222598835406,"3","LSM8"
1.49955477015684e-05,0.357712655985943,0.342,0.184,0.306883883712598,"3","NAF1"
0.000290702213323613,0.357360073825696,0.251,0.138,1,"3","GTF2H4"
1.30329991665512e-06,0.357091034841927,0.965,0.858,0.026672032794347,"3","GPX4"
4.28877770652925e-06,0.356913851253676,0.523,0.307,0.087769835764121,"3","TWISTNB"
2.97681053318399e-06,0.356908868121101,0.372,0.195,0.0609204275616104,"3","SMG9"
4.05807702801297e-05,0.356744271983119,0.894,0.691,0.830485463782855,"3","VASP"
5.27506663905442e-07,0.356339997916321,0.945,0.735,0.0107954238768249,"3","SF3B6"
2.76300596846468e-07,0.356265190712852,0.92,0.697,0.00565449171446297,"3","ENSA"
3.97611640683415e-05,0.356007794564424,0.392,0.23,0.813712222658609,"3","BLVRA"
4.78447172924668e-06,0.355932445052924,0.915,0.744,0.0979142139390332,"3","DSTN"
6.22703607051633e-05,0.355865715004172,0.508,0.312,1,"3","CRLS1"
0.000129269974799451,0.355770593178742,0.291,0.165,1,"3","ARHGAP11A"
3.56008032793564e-05,0.35572005472685,0.352,0.193,0.72857043911203,"3","POLRMT"
3.55845242161479e-09,0.355594059621268,0.95,0.805,7.28237288083466e-05,"3","EIF2S2"
0.000143903590518413,0.355535714384954,0.402,0.25,1,"3","PSAT1"
2.83675204437728e-06,0.355409644470137,0.613,0.381,0.058054130588181,"3","PSME3"
9.88608206009545e-06,0.35493754077911,0.603,0.362,0.202318669359853,"3","TRMT10C"
0.00233946670472251,0.354932585835715,0.251,0.15,1,"3","NLRX1"
6.51706378582695e-05,0.354921259608267,0.538,0.338,1,"3","EIF2B5"
8.26529289454925e-10,0.35418863076337,0.97,0.866,1.6914921908695e-05,"3","GNB2"
1.52754048499126e-05,0.353459971715962,0.573,0.346,0.312611160253462,"3","CLPTM1"
6.35548185532464e-05,0.353292304718324,0.457,0.278,1,"3","SMPD4"
5.59101500903214e-05,0.353188601421395,0.633,0.434,1,"3","PEF1"
1.81117219888449e-07,0.352951333387419,0.789,0.516,0.00370656390501711,"3","IARS"
3.74881453504283e-05,0.35271692001562,0.382,0.215,0.767194894596516,"3","BOLA1"
5.76854912948122e-06,0.352319453280061,0.513,0.298,0.118053357934833,"3","HAUS6"
1.25233157177718e-13,0.352312965187672,1,0.962,2.56289656164199e-09,"3","YWHAB"
1.06429087802784e-05,0.352109668693564,0.693,0.44,0.217807128188398,"3","KIAA1143"
8.68075658666534e-05,0.35176870991051,0.628,0.405,1,"3","NELFE"
3.07273035904387e-08,0.351589932986648,0.955,0.75,0.000628834267978329,"3","SUMO1"
0.000106139394199012,0.351281609521117,0.739,0.562,1,"3","MAPKAPK3"
0.000552280897709867,0.350789067410877,0.518,0.346,1,"3","QTRT1"
8.89437748163857e-06,0.350572183469573,0.628,0.397,0.182023435161733,"3","ZNRD2"
7.15502099346566e-07,0.350436238175646,0.829,0.565,0.0146427504631275,"3","GLUD1"
5.32907051820075e-14,0.350371942913695,0.935,0.648,1.09059428154978e-09,"3","TMPO"
0.00180920016939523,0.350348115288302,0.317,0.199,1,"3","SLC27A5"
6.94733008188564e-06,0.349957560275935,0.653,0.398,0.14217711012579,"3","DENND10"
0.000432424586088276,0.349843133312276,0.352,0.217,1,"3","LSR"
2.21334400458684e-05,0.349723881686038,0.693,0.472,0.452960850538696,"3","MTA2"
2.22044604925031e-16,0.349549100667038,0.724,0.348,4.54414283979077e-12,"3","H2AFX"
4.79323774782436e-06,0.349414985195066,0.623,0.405,0.0980936105092256,"3","NAA50"
4.36369949201598e-05,0.349380319949457,0.372,0.21,0.893031101041071,"3","AARSD1"
1.58057283654589e-05,0.349355763216413,0.402,0.229,0.323464230999116,"3","SNHG25"
5.45937619720327e-05,0.349116135190702,0.688,0.47,1,"3","RRP36"
1.52228577039448e-05,0.348873324903229,0.422,0.235,0.311535782911231,"3","BAG4"
4.12745818434423e-05,0.348805475156805,0.764,0.541,0.844684317426048,"3","PSMC1"
2.25752749827279e-12,0.348803764378346,1,0.973,4.62003002521527e-08,"3","S100A10"
8.13168055113778e-08,0.348718935148177,0.794,0.514,0.00166414842479035,"3","PSMD14"
2.0931256727863e-11,0.348656148299077,0.995,0.914,4.28358168935716e-07,"3","NDUFA1"
0.000224855471567587,0.348351508088868,0.568,0.373,1,"3","BAK1"
3.86135567964629e-13,0.347649309137139,1,0.966,7.90226439839614e-09,"3","NME2"
1.54444248057217e-07,0.347586753587811,0.754,0.46,0.00316070153649095,"3","DHX30"
0.000163245939868384,0.347278488720941,0.352,0.204,1,"3","FAM98A"
1.65958895381735e-06,0.347222455867548,0.462,0.258,0.033963487939872,"3","PTRH2"
0,0.347186670428444,1,0.98,0,"3","H3F3A"
2.52801779510037e-10,0.347089698431228,0.99,0.9,5.1735884176729e-06,"3","SELENOH"
1.06199732858858e-05,0.346639542934811,0.744,0.502,0.217337753295653,"3","SF3A3"
0.000859606866408402,0.346186359169538,0.573,0.405,1,"3","COX20"
5.04823593687753e-05,0.345900170495279,0.467,0.282,1,"3","MCRIP2"
1.6359874590588e-06,0.345622240332667,0.829,0.585,0.0334804833496383,"3","MRPL16"
2.37798576741e-05,0.345373610267485,0.789,0.561,0.486654787300456,"3","UBE2V2"
9.11161395209525e-05,0.345200268231344,0.497,0.31,1,"3","XPOT"
4.97199330729003e-06,0.344688133105393,0.814,0.596,0.101751843033691,"3","PSMD6"
1.765254609154e-13,0.344534228302392,0.995,0.953,3.61259355763366e-09,"3","ELOB"
3.82471853521693e-07,0.344441276585141,0.814,0.527,0.00782728648232145,"3","ATP2A3"
3.85506955780102e-06,0.343994365381401,0.573,0.345,0.0788939985003978,"3","BAG5"
3.11001204142958e-05,0.343846242275657,0.628,0.401,0.636463964278563,"3","NIT2"
7.76211587005804e-07,0.343766793408814,0.935,0.77,0.0158851701280738,"3","SPCS3"
1.31173612905044e-06,0.343531709239056,0.538,0.301,0.0268446798810174,"3","TMEM250"
6.1590054236671e-06,0.34352421858552,0.819,0.573,0.126044045995347,"3","ESD"
6.33684872743956e-05,0.343337656332107,0.668,0.45,1,"3","ADIPOR1"
6.18373693115348e-05,0.34314748933417,0.286,0.159,1,"3","ZW10"
1.44404941737619e-05,0.343133167400126,0.342,0.183,0.295524713266038,"3","SLC4A2"
1.22750779052438e-06,0.34309084174563,0.96,0.78,0.0251209469330815,"3","SRI"
3.14317242051665e-05,0.342809039487036,0.407,0.236,0.643250235858732,"3","CEP295"
0.000509435740032371,0.342641935387515,0.513,0.338,1,"3","SIKE1"
1.94970832811947e-08,0.342284498700347,0.975,0.83,0.00039900780934965,"3","DYNLL1"
0.000158983949216207,0.341951697233868,0.704,0.502,1,"3","MTLN"
1.11569318295146e-06,0.341566799505886,0.648,0.407,0.0228326609891016,"3","IKBIP"
1.20000467340731e-08,0.34130274784618,0.548,0.311,0.000245580956412805,"3","LYAR"
0.000243670383709205,0.340662388988237,0.392,0.237,1,"3","DHRS13"
6.52946205548233e-07,0.340341327276504,0.925,0.706,0.0133625440965446,"3","NDUFV1"
6.34486178121563e-05,0.339565909907392,0.337,0.187,1,"3","ESRRA"
5.12089789015402e-05,0.339450891390874,0.357,0.2,1,"3","ZNF672"
5.16435066333365e-06,0.339419280289289,0.447,0.249,0.105688436325123,"3","POGK"
7.33682070874764e-07,0.338969173799908,0.593,0.337,0.015014803580452,"3","RPP30"
2.76223488526739e-13,0.338414107452683,1,0.979,5.65291369269971e-09,"3","ARPC1B"
1.05249142734465e-13,0.338182776303349,1,0.973,2.15392370606082e-09,"3","NPM1"
8.13203861804723e-07,0.337673121455549,0.95,0.747,0.0166422170318337,"3","PSMD4"
1.10215650970247e-05,0.337630921438381,0.789,0.518,0.22555632971061,"3","DNAJC19"
2.32721378345957e-06,0.337433078103548,0.382,0.203,0.0476264300785001,"3","NUP85"
1.59062433493506e-05,0.3368369337143,0.739,0.507,0.325521270144461,"3","SUPT4H1"
8.73330328055033e-08,0.336517040148784,0.533,0.287,0.00178727051636463,"3","TUBGCP3"
2.11458850429835e-09,0.335659257489365,0.995,0.907,4.32750537404658e-05,"3","UQCR10"
5.21427686352993e-05,0.335609690551542,0.412,0.243,1,"3","DDX59"
0.000101719605485107,0.33542630763524,0.261,0.138,1,"3","TST"
7.93103935545769e-05,0.335299080559303,0.568,0.352,1,"3","CCNQ"
2.22044604925031e-16,0.335038727453517,1,0.981,4.54414283979077e-12,"3","CYBA"
1.69342345368584e-06,0.33469378987754,0.945,0.798,0.0346559109796807,"3","HDAC1"
4.17768604377144e-07,0.334617910435718,0.819,0.521,0.00854963448857826,"3","RHEB"
0.000151833315330752,0.333983716041497,0.663,0.453,1,"3","CERS2"
1.75957356298717e-05,0.333761898705977,0.347,0.188,0.360096729665325,"3","TFB2M"
1.08843498081157e-06,0.333570366040826,0.759,0.496,0.0222748218823088,"3","ID2"
3.53625612126152e-07,0.33301031650842,0.94,0.795,0.00723694815216169,"3","SF3B5"
2.47956368246705e-05,0.332820648913457,0.412,0.24,0.507442707616881,"3","CSTF2"
0.000116663076985102,0.332722992392431,0.578,0.371,1,"3","TUSC2"
2.64721577991622e-11,0.332667683772529,0.99,0.929,5.41752709359855e-07,"3","NDUFA11"
2.66040779439702e-05,0.331991888546657,0.683,0.444,0.544452455123351,"3","DNPEP"
6.07278871433969e-06,0.331558822784978,0.407,0.221,0.124279621038962,"3","GUCD1"
5.87092232435804e-05,0.331528277214696,0.628,0.414,1,"3","TMEM141"
3.43752541853704e-06,0.331521932431454,0.764,0.522,0.0703489576903604,"3","DUS1L"
6.40080106029117e-07,0.331416407288293,0.704,0.417,0.0130992393698859,"3","VPS4A"
6.17484259057832e-07,0.331072205793034,0.905,0.635,0.0126368153616185,"3","TMED2"
0.00238803252892095,0.330961186571957,0.437,0.306,1,"3","LGALS3BP"
4.7236431988118e-07,0.330951028074261,0.518,0.293,0.00966693580636835,"3","NDUFAF6"
9.52873557835687e-10,0.330684336821921,0.995,0.883,1.95005573611073e-05,"3","CSNK2B"
3.86873033320079e-06,0.330456833596473,0.714,0.446,0.0791735662689541,"3","PRPF31"
2.26913322576294e-07,0.3302606051008,0.859,0.6,0.00464378114652386,"3","SARNP"
0.000242249893010804,0.32997411469307,0.362,0.217,1,"3","C12orf43"
1.30140089646957e-05,0.329922492908548,0.618,0.379,0.266331693462498,"3","CIAPIN1"
0.000737611485403189,0.329912809161686,0.588,0.406,1,"3","ALG5"
1.71949865841459e-05,0.329847790220602,0.749,0.504,0.351895400444545,"3","TMEM167A"
1.37453940940446e-06,0.329359010051875,0.729,0.444,0.0281299490134623,"3","FDX1"
1.95423416509133e-05,0.32927945102953,0.849,0.624,0.39993402188594,"3","PYCR2"
0.00190878673422312,0.32924153408156,0.302,0.192,1,"3","TSPAN18"
0.000354078465331531,0.32918522585705,0.533,0.353,1,"3","NIP7"
1.86666137658165e-07,0.329124049007617,0.955,0.832,0.00382012250717434,"3","TMEM14B"
0.000666357460265665,0.329034474374172,0.432,0.282,1,"3","LTV1"
1.66913487409381e-06,0.328930442084725,0.719,0.481,0.0341588451983299,"3","FAM136A"
7.81275479955212e-06,0.328854172783397,0.704,0.45,0.159888026972834,"3","MRPS10"
2.54235699359562e-06,0.328555880602146,0.513,0.289,0.0520293358739343,"3","ODF2"
2.40187539368719e-06,0.328500280032479,0.884,0.622,0.0491543799318084,"3","MRPL14"
2.15990023173518e-05,0.328039363027058,0.573,0.344,0.442023582424604,"3","MRPL2"
1.60992002173899e-07,0.32784554878258,0.955,0.788,0.00329470132448884,"3","SSBP1"
3.43332852206224e-05,0.327681927597752,0.487,0.29,0.702630682040037,"3","EID2"
4.54858851750561e-05,0.327575966430281,0.794,0.567,0.930868640107524,"3","HAX1"
0.00222115828301539,0.327459880882187,0.387,0.263,1,"3","EBAG9"
7.02181755052322e-06,0.327316613481021,0.804,0.551,0.143701496171458,"3","COPS5"
2.74142402112432e-08,0.326989627055899,0.98,0.806,0.000561032425923091,"3","TAF15"
7.6577745432127e-05,0.326710264112263,0.668,0.461,1,"3","STX10"
0.00165232596871334,0.326273072970632,0.296,0.185,1,"3","RITA1"
1.8012055325034e-06,0.325966868575502,0.97,0.842,0.0368616712226821,"3","ATP5ME"
1.21702302227078e-05,0.325021903058934,0.462,0.262,0.249063761507715,"3","PTPMT1"
1.11412337133743e-08,0.324956203574,0.995,0.938,0.000228005347944205,"3","ARPC5"
0.000417343031459128,0.324952282897901,0.342,0.207,1,"3","BLVRB"
0.000339481075291692,0.324814064176181,0.543,0.354,1,"3","PLPBP"
5.61229464977053e-05,0.324682107012545,0.442,0.26,1,"3","NSMF"
8.19378409566696e-09,0.324493747731864,0.995,0.964,0.000167685791517824,"3","EMP3"
4.8171273633324e-05,0.324296150373416,0.583,0.381,0.985825114905975,"3","GSS"
0.000115095965294243,0.32418763050091,0.653,0.446,1,"3","ERCC1"
2.40152011790062e-05,0.324042069805178,0.487,0.298,0.491471092128363,"3","PHTF1"
3.72162220774186e-06,0.323481472702233,0.889,0.708,0.0761629984814371,"3","HMGN3"
0.000132774849431527,0.32294318583559,0.447,0.278,1,"3","C15orf39"
5.82297543516574e-10,0.322881730018726,0.985,0.943,1.19167192280667e-05,"3","HNRNPDL"
0.00243632039400565,0.322792385784395,0.302,0.191,1,"3","TARS2"
4.41818566954133e-06,0.321978173029116,0.578,0.332,0.0904181697271633,"3","ARMC1"
0.000262157730354984,0.321895710221661,0.437,0.273,1,"3","ACOT13"
7.0503929121557e-06,0.321892868373458,0.889,0.666,0.144286290947266,"3","OIP5-AS1"
0.000219501385639198,0.321419434459377,0.457,0.278,1,"3","TBL3"
7.95779357676274e-06,0.321326956550903,0.834,0.556,0.162856245548449,"3","MRPS35"
5.97553214989333e-05,0.321194184492414,0.779,0.548,1,"3","MRPL28"
0.000324252572650563,0.321121637534054,0.487,0.316,1,"3","WDR36"
0.000192836733885482,0.320991260694602,0.492,0.304,1,"3","DDX41"
3.83844912965614e-06,0.320878505408179,0.543,0.33,0.0785538614384129,"3","EIF2B1"
1.7881249925189e-05,0.320604753045721,0.518,0.313,0.365939779718993,"3","CDKN2AIP"
8.17881069792303e-05,0.320438948077948,0.864,0.616,1,"3","CUEDC2"
7.61244339519962e-06,0.320369531245819,0.533,0.311,0.15578865408276,"3","ABHD12"
6.26315625187335e-05,0.320265170798383,0.492,0.298,1,"3","SLC52A2"
4.17661874574371e-06,0.319957842305271,0.774,0.493,0.085474502631645,"3","SDHB"
2.80398236318646e-06,0.319810064613961,0.894,0.706,0.057383499062611,"3","ATP6V1F"
0.000304214693966243,0.319697867790356,0.307,0.177,1,"3","LIMK1"
1.88874468536326e-05,0.319351179659853,0.789,0.577,0.386531599859592,"3","SNX5"
1.13309696885278e-05,0.319278486125698,0.638,0.41,0.231888294675721,"3","PPP5C"
4.73139305512404e-10,0.319229013835512,0.437,0.202,9.68279588731136e-06,"3","KNL1"
4.4795511848772e-06,0.319179711048451,0.93,0.8,0.0916740149985118,"3","DNPH1"
6.55183558149197e-05,0.31917642212954,0.528,0.327,1,"3","DDX56"
0.000233696852599774,0.319078438718846,0.382,0.227,1,"3","TM2D2"
0.000139965337452974,0.318897301388104,0.869,0.812,1,"3","GZMA"
0.000201029217225646,0.318462124372889,0.558,0.371,1,"3","NSMCE4A"
7.35425001119339e-07,0.318373666886023,0.422,0.227,0.0150504726479073,"3","PRKD3"
2.36896644869589e-05,0.318254612984329,0.814,0.54,0.484808983725613,"3","E2F4"
7.4494933992808e-05,0.317621868058825,0.407,0.247,1,"3","NIF3L1"
3.04388763203711e-05,0.317399578788673,0.739,0.493,0.622931603896395,"3","TSR3"
3.92327366796064e-05,0.317373129288215,0.397,0.225,0.802897956148144,"3","OGFOD3"
5.786141596964e-07,0.317243059956093,0.935,0.708,0.0118413387781868,"3","ILF3"
0.00019786401650812,0.317213921930504,0.266,0.147,1,"3","SCD"
6.22151526741277e-07,0.316948795333636,0.99,0.908,0.0127323309947602,"3","ANXA6"
1.81636738363355e-05,0.316880037654478,0.407,0.229,0.371719585060607,"3","NADK"
0.000147564030109848,0.316833274118907,0.774,0.567,1,"3","EMC6"
7.7112288353387e-05,0.316476234739617,0.432,0.258,1,"3","THEM4"
0.000139456901927071,0.316457328850658,0.533,0.34,1,"3","PAFAH1B3"
1.84882525464669e-05,0.315988610833674,0.256,0.127,0.378362088363445,"3","ZFYVE21"
7.53237968686982e-06,0.315896863108045,0.899,0.69,0.154150150291791,"3","SSB"
2.32569279332573e-05,0.315769293913153,0.412,0.237,0.47595303015411,"3","LAS1L"
9.62177029939504e-06,0.315674872223526,0.844,0.617,0.196909529177119,"3","RNF187"
5.6243386001853e-06,0.315672080149688,0.739,0.504,0.115102089452792,"3","RRP1B"
1.39987692082677e-06,0.315570683492513,0.91,0.673,0.0286484811847199,"3","PIN1"
8.13196783466807e-07,0.315565703978974,0.658,0.384,0.0166420721736482,"3","MPHOSPH10"
2.97117932102076e-06,0.315420240858725,0.372,0.198,0.0608051848046898,"3","FBXO5"
3.58058094354075e-05,0.315061991446904,0.442,0.262,0.732765890095614,"3","EDC4"
0.000275113475577404,0.315001761705988,0.332,0.193,1,"3","MTERF3"
0.000510663180985471,0.314874496761267,0.593,0.403,1,"3","LLPH"
0.000411051851791244,0.314544153789736,0.392,0.24,1,"3","PDK2"
7.21225765554223e-07,0.314497040644638,0.97,0.819,0.0147598852920672,"3","C11orf58"
5.57470984929864e-07,0.314419297467671,0.528,0.295,0.0114086437065897,"3","UBE2E1"
0.00167282207522979,0.314290878234933,0.417,0.277,1,"3","ENDOG"
1.56983281900391e-05,0.314177971786197,0.332,0.179,0.321266286409151,"3","TADA2A"
0.000826168178205355,0.313809744494837,0.543,0.368,1,"3","RNASEH1"
4.79457785027559e-05,0.313663050571544,0.653,0.424,0.9812103570589,"3","RCC2"
0.000282535324759969,0.313218474361937,0.533,0.346,1,"3","MRPL58"
2.42356249224862e-06,0.313136993111872,0.739,0.452,0.049598206403868,"3","BAD"
6.40333836754436e-06,0.312977480330779,0.859,0.664,0.131044319691795,"3","RGS19"
2.18043821667013e-05,0.312652591651214,0.352,0.193,0.446226681041543,"3","ARL4A"
5.37323044769167e-06,0.312383076642607,0.533,0.308,0.10996316111201,"3","HYOU1"
0.000420261034452363,0.312295910759371,0.362,0.218,1,"3","RRP8"
6.4511487718466e-06,0.312172897238058,0.377,0.196,0.132022759615841,"3","BX890604.2"
2.37494687471695e-06,0.312072152997733,0.528,0.302,0.0486032877910825,"3","MAPK9"
4.76449863562323e-07,0.312025665268468,0.965,0.783,0.00975054645780293,"3","RNF167"
8.7927978231761e-07,0.311965353359802,0.905,0.718,0.0179944607451299,"3","PRMT1"
3.19385677460815e-07,0.311551435381348,0.894,0.643,0.00653622788923558,"3","NIBAN1"
4.09247639374666e-05,0.311442612409203,0.417,0.235,0.837525293980254,"3","MRPL50"
2.16734104794281e-05,0.311386052354146,0.94,0.737,0.443546345461495,"3","LMAN2"
0.0002829675222773,0.311330581071631,0.859,0.682,1,"3","MMADHC"
9.85920419904751e-06,0.3113147751953,0.678,0.444,0.201768613933507,"3","SNHG16"
0.000273467872614397,0.311269846710952,0.296,0.168,1,"3","UCK1"
1.21175304745869e-06,0.31074819913834,0.709,0.434,0.024798526116242,"3","EXOSC1"
2.2637822188587e-05,0.309538463725783,0.397,0.224,0.463283031089433,"3","TRAF2"
1.59825858192519e-06,0.309349476473353,0.945,0.843,0.0327083618790991,"3","EWSR1"
5.06686341037454e-05,0.309342586440544,0.457,0.273,1,"3","DUSP12"
5.22703495049459e-05,0.309118278167275,0.693,0.469,1,"3","BLMH"
1.06579586800493e-05,0.308780600072319,0.794,0.535,0.218115124387208,"3","FAM174C"
7.15440268241885e-05,0.308670518259133,0.332,0.185,1,"3","POLR1E"
2.44296135263333e-05,0.308660809501729,0.729,0.484,0.499952040816412,"3","ACADM"
6.65767134533368e-07,0.308659077065573,0.985,0.89,0.0136249244082254,"3","TKT"
2.22475954436696e-06,0.308578952593885,0.96,0.809,0.0455297040754699,"3","CLTA"
1.73183992264736e-05,0.308557907117522,0.819,0.527,0.354421040169782,"3","INTS11"
1.00968617100516e-05,0.308459562347917,0.789,0.529,0.206632274896207,"3","FRG1"
0.00125848869730638,0.308327750095976,0.261,0.153,1,"3","CDPF1"
3.92298704792182e-05,0.308304560861445,0.543,0.336,0.802839299357201,"3","PGM2"
8.43364602642893e-06,0.308294761923922,0.492,0.279,0.172594565930868,"3","SNAPC5"
1.79683325760571e-05,0.308233634905228,0.884,0.637,0.367721926169009,"3","EIF3B"
1.66944295498794e-07,0.308092603168623,0.985,0.826,0.00341651500738283,"3","SAP18"
0.00284446970214325,0.307904839286619,0.387,0.262,1,"3","KRT7"
3.40190555525588e-06,0.30742588662882,0.799,0.571,0.0696199971883116,"3","TCERG1"
3.09086376715229e-07,0.307378641732862,0.638,0.389,0.00632545269947715,"3","MIR4435-2HG"
1.8401739243501e-08,0.307345556799306,1,0.929,0.000376591593618247,"3","PSMB9"
3.13024470344203e-06,0.307222646864975,0.859,0.622,0.0640604578559412,"3","PSMB7"
0.000253540487983317,0.306851812935417,0.548,0.356,1,"3","RPS6KB2"
7.18887991357775e-07,0.306749919511855,0.975,0.858,0.0147120427431369,"3","CCT8"
0.000105506428318636,0.306520426424028,0.317,0.178,1,"3","TOP3A"
2.19901936753253e-05,0.305466427137243,0.744,0.483,0.450029313565532,"3","IFI6"
8.84586023737199e-05,0.305003234059912,0.739,0.492,1,"3","ITPA"
1.6299065772829e-05,0.304958498341104,0.849,0.67,0.333560381040946,"3","LSM6"
9.70508118314228e-11,0.304655237313185,0.327,0.127,1.98614486413007e-06,"3","CDCA5"
0.000169892388489856,0.304623015864118,0.799,0.556,1,"3","PNKD"
0.000515572596593517,0.304526603292891,0.814,0.637,1,"3","HLA-DRB1"
5.78021367014792e-06,0.30450789519899,0.623,0.38,0.118292072759577,"3","TRNAU1AP"
4.02253971176769e-06,0.304429760186983,0.894,0.658,0.0823212752013258,"3","HNRNPH3"
0.000104422227412027,0.304414476985282,0.281,0.153,1,"3","NEMP2"
0.000106392050400528,0.304063731832992,0.643,0.433,1,"3","PTPN18"
0.000191645152297193,0.303527884673412,0.533,0.341,1,"3","CZIB"
4.23006672933823e-05,0.303008991679871,0.518,0.326,0.865683156159069,"3","HCFC1"
9.23637094585317e-07,0.302930591570543,0.563,0.32,0.0189022331406885,"3","TTC28-AS1"
0.000309180891126193,0.302701058596704,0.573,0.36,1,"3","ISCA2"
1.59875349714511e-06,0.302056204185825,0.357,0.181,0.0327184903190747,"3","NUFIP1"
0.000287106919322211,0.30202038400944,0.578,0.394,1,"3","PRPSAP1"
1.71055996034397e-08,0.301900380965895,0.98,0.877,0.000350066095884394,"3","EIF3A"
0.000179467077689122,0.301878637249531,0.819,0.621,1,"3","NAPA"
6.03272351384909e-06,0.301037911236429,0.327,0.169,0.123459686710922,"3","CCNA2"
0.000143556202530482,0.300932399862139,0.342,0.196,1,"3","ATP13A2"
6.34785390962733e-06,0.300577397794899,0.598,0.364,0.129908830260523,"3","ENOPH1"
1.25898663472235e-05,0.300555959163126,0.613,0.389,0.257651614795928,"3","NOP14"
5.40223317377908e-05,0.300452781476559,0.739,0.497,1,"3","PWP1"
0.000985653327642666,0.300452065417876,0.628,0.433,1,"3","ORMDL2"
0.000154700355181614,0.300160935754702,0.709,0.479,1,"3","ATP1A1"
1.06269067545739e-06,0.300124443543087,0.633,0.364,0.0217479646732355,"3","ZNF639"
1.84658922441905e-06,0.300099825927815,0.93,0.733,0.0377904484777358,"3","NOL7"
6.81119961656318e-05,0.300068033577829,0.658,0.431,1,"3","HTATIP2"
0.000536111420596619,0.299605017581565,0.377,0.23,1,"3","ABRAXAS2"
0.00166756560706904,0.299164792737265,0.648,0.5,1,"3","GCHFR"
2.70524424146323e-05,0.299043793137067,0.578,0.352,0.553628234015451,"3","COQ4"
0.000101660069106169,0.298753237810222,0.764,0.536,1,"3","VPS35"
6.23360249354388e-05,0.29863083677544,0.387,0.227,1,"3","LIMA1"
5.63515853868601e-06,0.298064827068906,0.663,0.421,0.115323519494209,"3","SAMM50"
9.74432275113735e-06,0.297938731676928,0.99,0.887,0.199417565102026,"3","KRTCAP2"
0.000236951925577156,0.297798640943193,0.372,0.222,1,"3","YKT6"
0.0016788864757642,0.297651665616475,0.296,0.185,1,"3","LIMD1"
0.000223236145838523,0.297606916770436,0.573,0.376,1,"3","BMS1"
0.000531940658186514,0.29756361570985,0.251,0.142,1,"3","NKRF"
4.02864112780676e-06,0.297423761385087,0.975,0.878,0.0824461406805654,"3","NDUFB9"
3.75993040901967e-06,0.297230307153806,0.819,0.517,0.0769469758205876,"3","CCDC47"
1.23994148282236e-11,0.296998441847927,0.573,0.279,2.53754024459596e-07,"3","RRM2"
0.000717180005155305,0.296956929281524,0.407,0.255,1,"3","TCTN3"
0.00262685263473639,0.296800579921784,0.266,0.164,1,"3","ALDH3A2"
2.14543742926843e-06,0.296394343287452,0.774,0.501,0.0439063769899783,"3","AK2"
4.10903414405084e-07,0.296325149213636,0.95,0.827,0.00840913837580004,"3","CD81"
0.000959154965404663,0.296306244811005,0.392,0.249,1,"3","PCCB"
1.12497814619417e-07,0.29624628838551,0.97,0.892,0.00230226777618636,"3","COPE"
1.1209041623772e-06,0.296001838567671,0.452,0.247,0.0229393036830494,"3","ACACA"
2.87718238001222e-05,0.29587009792459,0.357,0.195,0.588815374069501,"3","DIPK2A"
0.000117188004251423,0.295744177130912,0.839,0.613,1,"3","UGP2"
4.08148796304797e-05,0.295470070383469,0.382,0.219,0.835276511637767,"3","IFT27"
3.09622212575356e-05,0.295203907128599,0.824,0.582,0.633641858035465,"3","IAH1"
6.98003914130219e-05,0.295137271356106,0.95,0.89,1,"3","CTSW"
2.59158494664291e-09,0.294908056292867,1,0.997,5.30367859330472e-05,"3","TMSB4X"
1.88635743039178e-05,0.29442738848201,0.452,0.259,0.386043048129678,"3","MID1IP1"
0.000299621736673528,0.294363811497774,0.417,0.253,1,"3","RABEPK"
2.10015275081687e-06,0.294311062752315,0.95,0.832,0.0429796260454673,"3","PRDX6"
0.000188534645163108,0.29414870676434,0.563,0.354,1,"3","RBM38"
0.000262809091085225,0.294128053045157,0.95,0.833,1,"3","TPM4"
0.00101242152432857,0.293408944910036,0.317,0.197,1,"3","CSNK1E"
1.09042134486259e-05,0.29329120586299,0.583,0.35,0.223154728226129,"3","BRAT1"
5.41695081710536e-05,0.293179588954624,0.814,0.574,1,"3","ATP6V0E2"
7.44462210333641e-05,0.293086145389949,0.864,0.703,1,"3","ADSL"
0.000191137148850329,0.292907733155378,0.578,0.376,1,"3","TSN"
4.55966155847864e-05,0.292880592415636,0.653,0.423,0.933134737942655,"3","SOD2"
0.000151270068525999,0.292385723626405,0.704,0.502,1,"3","CMC2"
2.6742468131058e-06,0.291761329681743,0.482,0.268,0.0547284610302101,"3","INF2"
6.00840265116975e-05,0.291577013179141,0.492,0.301,1,"3","NAT10"
0.000131187140957278,0.291200817304382,0.799,0.588,1,"3","PPP1R7"
4.05253219870616e-08,0.291152774501922,0.985,0.858,0.000829350714465216,"3","ANP32A"
4.6486336902074e-06,0.290955499963804,0.95,0.82,0.0951342884700945,"3","EZR"
0.000624067862602606,0.290761635470859,0.372,0.225,1,"3","SHC1"
0.000128658255698744,0.290593148266555,0.281,0.153,1,"3","HIRA"
0.000221668354723814,0.290567246921253,0.412,0.248,1,"3","CCDC43"
6.23123774801115e-12,0.290532329264213,1,0.97,1.27522280513048e-07,"3","TMA7"
0.000120175453970361,0.290123746375486,0.362,0.21,1,"3","RAB3IP"
9.88474776919546e-07,0.290115508338839,0.975,0.845,0.0202291363096585,"3","NOP10"
6.04664041861103e-05,0.29002727659083,0.417,0.244,1,"3","FHOD1"
2.95391107996146e-05,0.289877402101168,0.714,0.466,0.604517902514112,"3","ARPP19"
3.60605514984069e-05,0.28962065314943,0.477,0.282,0.737979186414898,"3","COMMD9"
1.37421768138246e-05,0.289160433627373,0.92,0.684,0.281233648494921,"3","GTF2A2"
2.94850943765024e-05,0.289064861350001,0.648,0.42,0.603412456415121,"3","NSL1"
6.53169707343082e-06,0.288889991900009,1,0.893,0.133671180607762,"3","TMBIM6"
8.12661682887406e-05,0.288438099211375,0.769,0.561,1,"3","POLR2H"
0.00012910559051682,0.288436329726107,0.613,0.393,1,"3","ZNF593"
0.000345866438023146,0.287818290086074,0.829,0.644,1,"3","POLR2G"
1.09869153057662e-05,0.287768129777957,0.367,0.197,0.224847221732506,"3","SLC25A17"
1.40059659003988e-06,0.287573059266769,0.724,0.466,0.0286632092151662,"3","RSRC1"
8.5491783167635e-05,0.287532629626823,0.472,0.285,1,"3","EHBP1L1"
0.000317970675699941,0.287382225528239,0.472,0.297,1,"3","ASL"
0.000959939559880052,0.287376728771509,0.352,0.214,1,"3","LETM1"
1.46171963422148e-12,0.287184726095772,1,0.984,2.99140923143426e-08,"3","RPSA"
0.000755384935260617,0.287130103524687,0.548,0.375,1,"3","CMAS"
0.000157852305408435,0.287070184493976,0.779,0.571,1,"3","NDUFA9"
7.14096720750845e-05,0.287034423506699,0.874,0.716,1,"3","C4orf48"
3.64213173105199e-05,0.286716204439138,0.573,0.354,0.74536225875979,"3","UCHL3"
6.03129338947461e-05,0.286698447383206,0.819,0.626,1,"3","EIF6"
8.59095461436254e-10,0.286385827607812,0.729,0.42,1.75813886182929e-05,"3","NSD2"
4.42363118580147e-07,0.286298534234672,0.985,0.886,0.00905296122174271,"3","CCDC85B"
1.35714437798917e-06,0.286198441566847,0.809,0.547,0.0277739596955484,"3","SRPK1"
0.000315108585396073,0.28588055983417,0.281,0.158,1,"3","CRAT"
0.000535324474827403,0.285387261762692,0.397,0.246,1,"3","NCLN"
0.00021746065392314,0.284826909233966,0.427,0.258,1,"3","KLF10"
0.000788044883347272,0.284569589887187,0.296,0.177,1,"3","APOO"
0.000146016228539825,0.284487931433743,0.251,0.134,1,"3","INTS2"
0.00460120711432088,0.284404172504245,0.352,0.234,1,"3","ST6GALNAC4"
0.000542369266939735,0.284277631954468,0.392,0.243,1,"3","DPAGT1"
0.00162156075053033,0.28332488059473,0.603,0.429,1,"3","C22orf39"
0.000133681954940679,0.282804144377658,0.578,0.379,1,"3","GOLT1B"
2.82289863091645e-05,0.282753677488852,0.633,0.393,0.577706204817051,"3","NIPSNAP2"
0.000792294023553852,0.282656100728876,0.302,0.179,1,"3","TYSND1"
0.000174955624800743,0.282544270222147,0.719,0.485,1,"3","BAG6"
0.00460568462562505,0.281809347146659,0.869,0.711,1,"3","PYCARD"
4.59926956843937e-05,0.28117487855594,0.955,0.805,0.941240517181117,"3","PHB2"
0.00199826810657688,0.281103706042409,0.528,0.371,1,"3","POLR2J"
1.8417495068368e-05,0.281018118135239,0.573,0.363,0.376914036574151,"3","CARS2"
3.84385178746616e-05,0.280481566396958,0.327,0.176,0.786644268304949,"3","DDX51"
1.06303553959464e-07,0.279835758567614,1,0.981,0.00217550223178042,"3","FTH1"
3.35183858546362e-05,0.279685808834803,0.548,0.334,0.685953766515129,"3","CALU"
3.61471877230457e-06,0.279644492119841,0.643,0.387,0.073975219675213,"3","ZC3H18"
0.000220740805668251,0.279284951391191,0.799,0.555,1,"3","DDB2"
0.000225163675050322,0.279201515775793,0.618,0.419,1,"3","TXNDC9"
3.29871038431406e-05,0.278120980317726,0.548,0.349,0.675081080149873,"3","ENOSF1"
2.16670792707596e-06,0.278068213711969,0.422,0.23,0.0443416777276096,"3","PPCDC"
6.8345144882187e-05,0.277969616488847,0.593,0.375,1,"3","RGCC"
8.27849645923528e-06,0.277896122627679,0.352,0.185,0.16941943003825,"3","NARS2"
5.8648433842734e-07,0.277650507147197,0.96,0.871,0.0120024019859155,"3","HNRNPL"
0.00568128370858223,0.277621489644313,0.266,0.175,1,"3","CCDC152"
8.54991979413189e-05,0.27668369401543,0.583,0.364,1,"3","GCLM"
0.000105865611451872,0.276656279318934,0.829,0.622,1,"3","REXO2"
0.000538275297400803,0.2764514274847,0.905,0.759,1,"3","ZNF706"
3.99579174965581e-05,0.276354431166612,0.92,0.751,0.817738781567061,"3","SSBP4"
0.000139784949405364,0.276270224498237,0.628,0.414,1,"3","ALDH9A1"
3.82559676470606e-06,0.276262765829741,0.99,0.863,0.0782908377897096,"3","NDUFC2"
0.00045238548075277,0.27625696676429,0.704,0.486,1,"3","NDUFA8"
4.03309840701915e-06,0.27606444843531,0.985,0.894,0.082537358899647,"3","FUS"
9.05373085560157e-05,0.27592798665876,0.276,0.147,1,"3","TIMM44"
3.2770643976221e-09,0.275886825363826,1,0.956,6.70651228973362e-05,"3","RHOA"
0.000118280375903002,0.275878693980851,0.864,0.685,1,"3","UBE2M"
0.000185782351022512,0.275832060247502,0.256,0.14,1,"3","ESCO2"
3.16596476521713e-05,0.275752527896032,0.382,0.226,0.647914689201686,"3","SNX9"
9.18149226230014e-05,0.27561911238986,0.824,0.602,1,"3","SLC3A2"
0.000145988986472112,0.275559917848123,0.598,0.378,1,"3","EPN1"
0.000447640581618947,0.275441517373626,0.442,0.278,1,"3","GEMIN7"
0.00447282333693844,0.275396438006796,0.256,0.159,1,"3","MFN2"
2.80641278216365e-06,0.275291401922542,0.899,0.752,0.057433237586979,"3","NONO"
6.26585463909812e-05,0.275225521316798,0.693,0.464,1,"3","BCL7B"
6.05982192425358e-07,0.275128635474475,1,0.983,0.012401425567985,"3","ARHGDIB"
2.26905508871056e-05,0.275124178609714,0.528,0.328,0.464362123904616,"3","ATP2A2"
2.19382376203114e-05,0.27495682995195,0.965,0.885,0.448966032899674,"3","CSTB"
4.46146878934073e-05,0.274806547573011,0.975,0.798,0.91303958773858,"3","NDUFA3"
5.30582142665992e-08,0.274673241309581,0.709,0.439,0.00108583635496595,"3","EZH2"
1.31554052003047e-05,0.274014696966907,0.955,0.791,0.269225367424235,"3","PHPT1"
2.83459358718652e-06,0.274003450252951,0.332,0.173,0.0580099577617721,"3","LINC01572"
0.00011479963044736,0.273943124853662,0.462,0.272,1,"3","GTPBP8"
1.81116651010171e-07,0.273910987607635,0.99,0.914,0.00370655226292316,"3","NDUFB8"
7.59582223184285e-05,0.272410856569668,0.739,0.483,1,"3","MPV17"
5.70585689607661e-06,0.272274028146648,0.623,0.368,0.116770361378208,"3","CDK11B"
0.000282039634558862,0.272168197431985,0.658,0.446,1,"3","RPP21"
9.27605096319173e-05,0.271832990138478,0.407,0.243,1,"3","PIK3R4"
8.71982983186026e-05,0.271692263274436,0.724,0.499,1,"3","FPGS"
1.99039536274981e-06,0.271620235886559,0.97,0.811,0.0407334410986748,"3","CCT3"
0.000101639061015346,0.271524980152574,0.492,0.307,1,"3","MRPL48"
0.000238247114962453,0.271483045882556,0.286,0.163,1,"3","ZNF43"
0.00116759815832701,0.270925521004222,0.342,0.211,1,"3","TRMT61B"
0.00159959191655634,0.270836957441239,0.327,0.204,1,"3","LPCAT1"
6.11250095781113e-05,0.270773968348493,0.688,0.453,1,"3","KPNA3"
0.000355057235414513,0.270764648243729,0.357,0.218,1,"3","SLC9B2"
0.000409882068274969,0.27022504457022,0.528,0.348,1,"3","CARD19"
6.67185218183874e-09,0.269374893485283,0.995,0.956,0.00013653945490133,"3","COX6B1"
0.00100692500447619,0.269360667869358,0.618,0.402,1,"3","TSSC4"
5.58073448999608e-05,0.268939809799623,0.296,0.16,1,"3","ALG9"
3.65907711241675e-07,0.268733522134503,0.995,0.911,0.00748830131056089,"3","RPS20"
0.000350352961782985,0.26857519481792,0.683,0.476,1,"3","KLHDC3"
2.96849722580816e-09,0.268493183078678,0.995,0.947,6.07502957261641e-05,"3","COX5B"
9.1445786277955e-05,0.26848247850234,0.432,0.247,1,"3","AC010642.2"
0.000209035229657761,0.268352490623775,0.457,0.274,1,"3","TMEM242"
0.000248169026095146,0.268256791824799,0.397,0.24,1,"3","CYSTM1"
1.29976873708415e-09,0.268202147952441,0.99,0.947,2.65997672044271e-05,"3","SUMO2"
9.3241983428749e-05,0.268184783278145,0.884,0.7,1,"3","SNRNP70"
0.00205663431179426,0.268147532808042,0.759,0.585,1,"3","DDB1"
7.54807551857084e-05,0.26802696512677,0.588,0.369,1,"3","MMD"
6.27013852625424e-05,0.267975478780623,0.91,0.694,1,"3","ESYT1"
2.75188094533974e-10,0.267969711775099,0.397,0.174,5.63172435463777e-06,"3","DIAPH3"
4.22351767981333e-05,0.26774433261741,0.392,0.22,0.864342893173797,"3","ABCB8"
0.00391373096490177,0.267721571030495,0.286,0.19,1,"3","RGS16"
0.000306237442503132,0.267281480246232,0.749,0.519,1,"3","HEBP2"
0.000285037483477746,0.267033188693851,0.879,0.703,1,"3","RBMX"
0.000104612532338066,0.266662856616294,0.829,0.597,1,"3","ATRAID"
0.00149510611623938,0.266503488991651,0.854,0.711,1,"3","VSIR"
7.00626106595603e-05,0.265920851409173,0.538,0.331,1,"3","CCDC14"
1.7264300091302e-05,0.26580990281513,0.874,0.696,0.353313901368495,"3","AUP1"
0.00029052818310471,0.265406493082586,0.392,0.243,1,"3","NUP188"
7.96695639391221e-05,0.264963198048118,0.533,0.336,1,"3","CCDC137"
3.8003489819971e-05,0.264890349383379,0.945,0.805,0.777741419165707,"3","UQCRFS1"
0.00582655571607948,0.264860637125995,0.568,0.401,1,"3","CKAP2"
0.000145616331324927,0.264779024634429,0.533,0.34,1,"3","DCAF15"
2.98800752052131e-06,0.264696343467405,0.563,0.329,0.0611495739074686,"3","SETD3"
3.00887066677635e-05,0.264567571509991,0.93,0.745,0.615765381955781,"3","RBBP4"
0.000139773613482941,0.264547466131273,0.673,0.448,1,"3","ANXA4"
0.00327543933381214,0.264403944977527,0.754,0.53,1,"3","TUBA1A"
1.42575133799117e-05,0.26427524016498,0.94,0.81,0.291780011319892,"3","DDOST"
2.31399352537132e-05,0.263690611271068,0.462,0.261,0.47355877496724,"3","MAPK3"
1.84040009407749e-05,0.263580869774493,0.965,0.815,0.376637879252958,"3","DDX46"
0.000265325132019711,0.263296880985186,0.437,0.274,1,"3","RNF8"
0.00165614941757242,0.262898441000455,0.266,0.157,1,"3","SRRD"
0.000147846869235746,0.262244656242142,0.894,0.746,1,"3","NDUFA7"
1.04318956806182e-07,0.262030662143982,0.99,0.907,0.00213488745103851,"3","TMEM258"
2.84424234000547e-05,0.261598675210019,0.935,0.777,0.582074194882118,"3","DNAJC8"
0.000281643729177272,0.261266312115689,0.563,0.356,1,"3","USB1"
7.76376640385656e-05,0.261119551903122,0.839,0.635,1,"3","RFC1"
0.000915278000301445,0.26109059808403,0.543,0.366,1,"3","ELP6"
4.11604562344792e-06,0.260973132393756,0.98,0.836,0.0842348736838616,"3","VDAC1"
6.2911553856182e-05,0.260830828693354,0.93,0.774,1,"3","IFI16"
0.000477998703120042,0.260787112548218,0.452,0.284,1,"3","SLC39A1"
0.00299296837862495,0.260423824223063,0.397,0.268,1,"3","PIGK"
0.00152974355323776,0.260145823292956,0.759,0.565,1,"3","ARL5A"
0.000291157417430465,0.260103924303055,0.834,0.712,1,"3","CAPG"
6.46346377193296e-05,0.2600925497782,0.714,0.46,1,"3","ATPAF1"
5.4474622006806e-05,0.260017459056697,0.487,0.29,1,"3","PXK"
1.0305225981444e-06,0.259869499308442,1,0.927,0.0210896449710252,"3","UQCRH"
2.32333960648035e-06,0.25981453766578,0.427,0.223,0.0475471450466203,"3","NF2"
0.0017414138213705,0.25979356047291,0.251,0.151,1,"3","KLHL18"
0.000704544114686012,0.259780842784658,0.854,0.655,1,"3","SELENOT"
0.000477290782497031,0.25967246202915,0.548,0.376,1,"3","DIS3"
0.000322160947690886,0.259239405005344,0.799,0.67,1,"3","PLP2"
0.00118161480917123,0.25846135782614,0.693,0.475,1,"3","NUBP2"
0.00139734442801287,0.258223799773855,0.613,0.42,1,"3","ARF3"
0.000143910246616086,0.258031507681016,0.558,0.342,1,"3","FLYWCH2"
0.00115343416137104,0.257973719236576,0.734,0.551,1,"3","AIMP1"
8.1653036526852e-05,0.257109368776682,0.452,0.267,1,"3","MED24"
0.000315469534746704,0.256966080513933,0.573,0.376,1,"3","PLIN2"
0.00163864376843303,0.256685731950297,0.317,0.2,1,"3","AFDN"
0.000190086791893807,0.25668340797818,0.754,0.546,1,"3","FAM120A"
0.000187867182614987,0.256558149123042,0.688,0.439,1,"3","HDAC3"
7.8388897138959e-05,0.256477784942767,0.482,0.284,1,"3","GPR137"
0.00039415765685713,0.256312250285514,0.487,0.303,1,"3","RAB35"
3.0223328400858e-05,0.256311495588545,0.965,0.806,0.618520415723558,"3","C17orf49"
0.000427684436760334,0.256270072604162,0.598,0.399,1,"3","KDM1A"
2.34707703112846e-05,0.255958802017734,0.945,0.771,0.48032931442044,"3","DNAJA1"
0.00014638169952641,0.255921867924373,0.673,0.445,1,"3","HARS"
1.98954769703441e-05,0.255779533877826,0.643,0.399,0.407160936198092,"3","DNAJC2"
1.07336141854653e-05,0.255384150537577,0.709,0.46,0.219663414305546,"3","FKBP5"
0.000426526890705325,0.255342411683954,0.583,0.39,1,"3","LFNG"
0.000177908430756935,0.255213233492615,0.965,0.805,1,"3","CIAO2B"
5.88439599980006e-05,0.255137633500962,0.291,0.155,1,"3","TUBGCP4"
0.000221377966644454,0.254803201258124,0.879,0.717,1,"3","PSMD13"
1.02484923907298e-05,0.25470099703389,0.744,0.514,0.209735396776285,"3","SMC6"
0.00142072265411874,0.254667027365525,0.462,0.309,1,"3","RNF20"
2.2825909527846e-05,0.254656335110475,0.839,0.574,0.467132238487369,"3","QARS"
0.000341752903047166,0.25437061770724,0.879,0.652,1,"3","STRAP"
0.000309577793686122,0.254018470036823,0.327,0.19,1,"3","TICAM1"
2.14475683169013e-06,0.253834327087484,0.985,0.882,0.0438924485605385,"3","SEC61G"
0.000100935262598023,0.253403610711152,0.784,0.532,1,"3","DNTTIP2"
4.06019662335666e-11,0.253196453967406,1,0.977,8.3091923896994e-07,"3","ATP5F1E"
0.00016464406718697,0.253093200153152,0.824,0.604,1,"3","COX14"
0.000112247608484051,0.253053728370676,0.95,0.809,1,"3","TBCA"
2.00027186882945e-05,0.252790120534307,0.593,0.355,0.409355637955947,"3","THUMPD3"
3.49654042666181e-05,0.25275845457193,0.94,0.763,0.715566998316339,"3","PRPF40A"
4.08955240722708e-05,0.252626269276826,0.648,0.393,0.836926900139022,"3","NPAT"
0.000212495640277144,0.252462570831476,0.568,0.36,1,"3","MGAT4B"
2.83833217817886e-07,0.252057910295455,0.477,0.262,0.00580864680264304,"3","AHI1"
0.000558230873596743,0.252021609792034,0.864,0.703,1,"3","MICOS13"
0.00204985121722445,0.251988405752731,0.281,0.172,1,"3","TTC4"
0.00832383252154978,0.25169166328607,0.276,0.186,1,"3","ATRIP"
0.00138401498527818,0.251683549771241,0.563,0.39,1,"3","AL133415.1"
0.00422416189519237,0.25155616249502,0.648,0.461,1,"3","TXNDC12"
1.12877725610971e-07,0.251470229968189,0.307,0.14,0.00231004265462853,"3","POLQ"
0.00366746430291554,0.251286121547781,0.312,0.203,1,"3","OGG1"
5.31667754426479e-05,0.251247948532652,0.417,0.243,1,"3","NIPSNAP3A"
0.000336045475335611,0.251139851712243,0.563,0.365,1,"3","GTF2H3"
1.988920229401e-06,0.250707700608267,0.99,0.895,0.0407032524946915,"3","ARF1"
0.00191448716331832,0.250702778289713,0.337,0.211,1,"3","ACOT2"
2.74676845513078e-05,0.250696901968795,0.643,0.409,0.562126164342514,"3","CGAS"
5.28370045493887e-07,0.250470647107964,0.332,0.16,0.0108130929810324,"3","SELENOI"
0.000193609271281314,0.250121023759972,0.749,0.505,1,"3","CYB561D2"
5.11917885859248e-09,0.25011883028745,0.322,0.136,0.000104763995341095,"3","MELK"
0,4.6175972706608,0.818,0.047,0,"4","MXD3"
0,4.43733495710778,1,0.133,0,"4","UBE2C"
0,4.38690222972481,0.851,0.051,0,"4","CDCA3"
0,4.05966143193131,0.893,0.075,0,"4","AURKB"
0,4.00939874468069,0.405,0.023,0,"4","NEK2"
0,4.00359833847534,0.893,0.067,0,"4","HJURP"
0,3.94471101256037,0.711,0.039,0,"4","PBK"
0,3.93023730826871,0.413,0.024,0,"4","HIST1H2BM"
0,3.91478417840732,0.992,0.194,0,"4","HIST1H2AH"
0,3.90129646704384,0.934,0.085,0,"4","SPC25"
0,3.89520820220251,0.545,0.026,0,"4","KIF20A"
0,3.83430820095684,0.884,0.083,0,"4","KIF2C"
0,3.8276370632387,0.711,0.063,0,"4","PLK1"
0,3.81754569827311,1,0.25,0,"4","TOP2A"
0,3.81702961194366,0.959,0.104,0,"4","GTSE1"
0,3.81597916492195,0.719,0.046,0,"4","KIF18B"
0,3.79064656396328,0.942,0.082,0,"4","CKAP2L"
0,3.78407159320047,0.777,0.057,0,"4","E2F8"
0,3.76886444296544,0.926,0.102,0,"4","CDCA2"
0,3.76674539050555,1,0.936,0,"4","HIST1H4C"
0,3.73103794190293,0.793,0.073,0,"4","KIF14"
0,3.72102587907396,0.917,0.097,0,"4","CDCA5"
0,3.70496948017186,0.95,0.112,0,"4","PKMYT1"
0,3.69176816109233,0.983,0.143,0,"4","CDK1"
0,3.69086988604462,0.917,0.097,0,"4","DLGAP5"
0,3.68473868987348,0.926,0.102,0,"4","ESCO2"
0,3.6790926256262,0.736,0.069,0,"4","CENPA"
0,3.65869094734532,0.959,0.116,0,"4","CDCA8"
0,3.64696446287661,0.884,0.08,0,"4","ANLN"
0,3.64549549711347,0.331,0.016,0,"4","FBXO43"
0,3.61392875150407,0.273,0.015,0,"4","PSRC1"
0,3.60320458228153,0.983,0.134,0,"4","CCNA2"
0,3.57977018879355,1,0.283,0,"4","NUSAP1"
0,3.564084326925,0.744,0.06,0,"4","SPAG5"
0,3.52460178501334,0.405,0.022,0,"4","NRGN"
0,3.52177179362098,0.579,0.038,0,"4","ESPL1"
0,3.51717440090138,0.777,0.069,0,"4","KIF4A"
0,3.50289382467976,1,0.346,0,"4","H2AFX"
0,3.49583309609741,0.959,0.141,0,"4","KIFC1"
0,3.49354982454728,0.868,0.069,0,"4","FOXM1"
0,3.48620964890417,0.983,0.153,0,"4","ASPM"
0,3.46963344069645,1,0.263,0,"4","RRM2"
0,3.45568987975305,0.793,0.081,0,"4","KIF23"
0,3.44731945422595,0.777,0.064,0,"4","SPC24"
0,3.44729777027484,0.752,0.065,0,"4","TROAP"
0,3.44651225424834,0.736,0.067,0,"4","TTK"
0,3.44162813731537,0.479,0.03,0,"4","DEPDC1"
0,3.43412936789968,0.876,0.111,0,"4","KIF15"
0,3.43373027232488,0.893,0.11,0,"4","HMMR"
0,3.43067829450416,0.388,0.03,0,"4","ARHGEF39"
0,3.41919417882489,0.736,0.068,0,"4","AURKA"
0,3.40578847740726,0.992,0.421,0,"4","HIST1H1B"
0,3.40404289406792,0.942,0.128,0,"4","BIRC5"
0,3.40215837337458,0.917,0.113,0,"4","CEP55"
0,3.39540721753313,0.975,0.122,0,"4","NCAPG"
0,3.32194617039807,0.455,0.036,0,"4","TICRR"
0,3.31791523711126,0.793,0.081,0,"4","HIST1H2AB"
0,3.29210417395785,0.843,0.105,0,"4","GGH"
0,3.28950383650604,0.959,0.171,0,"4","TK1"
0,3.28310862245262,0.851,0.089,0,"4","NEIL3"
0,3.2760397889707,0.967,0.141,0,"4","MYBL2"
0,3.26658562954695,0.934,0.117,0,"4","NCAPH"
0,3.24195525656756,0.967,0.161,0,"4","KIF11"
0,3.23503502228041,0.777,0.123,0,"4","FAM111B"
0,3.22960476975109,1,0.73,0,"4","TUBA1B"
0,3.22889647059555,0.942,0.164,0,"4","PRC1"
0,3.22234984322402,0.421,0.035,0,"4","HASPIN"
0,3.21677849365325,0.736,0.083,0,"4","SKA3"
0,3.21365322548122,0.95,0.179,0,"4","KNL1"
0,3.18004848687809,0.876,0.114,0,"4","RAD51AP1"
0,3.17700006549516,0.917,0.154,0,"4","CDKN3"
0,3.16808588510946,0.81,0.086,0,"4","MND1"
0,3.16227867001995,0.992,0.244,0,"4","TPX2"
0,3.14788938961811,0.992,0.269,0,"4","CENPF"
0,3.14598258497077,0.983,0.295,0,"4","PCLAF"
0,3.14523456594522,0.926,0.211,0,"4","HIST1H2AM"
0,3.12778597438525,0.769,0.104,0,"4","CCNF"
0,3.12529084595756,0.826,0.093,0,"4","DEPDC1B"
0,3.1190140822856,0.901,0.171,0,"4","FBXO5"
0,3.11681019051492,0.595,0.062,0,"4","TRIP13"
0,3.11357337280125,0.992,0.187,0,"4","ZWINT"
0,3.11073340314034,0.405,0.042,0,"4","TMEM237"
0,3.10020455683808,0.95,0.147,0,"4","DIAPH3"
0,3.08203168502616,0.702,0.076,0,"4","RAD54L"
0,3.08129820501161,0.736,0.085,0,"4","PLK4"
0,3.07245874952437,0.992,0.377,0,"4","TYMS"
0,3.06950182961632,0.339,0.05,0,"4","PIF1"
0,3.06427181296473,0.438,0.033,0,"4","KIF24"
0,3.05905468118323,0.471,0.051,0,"4","HIST1H2BO"
0,3.05478750828406,0.942,0.177,0,"4","HIST1H3F"
0,3.05232452727016,0.298,0.03,0,"4","SYCE2"
0,3.04906499426091,0.942,0.173,0,"4","CENPE"
0,3.0421460561849,0.868,0.105,0,"4","CCNB2"
0,3.03892908473433,0.901,0.143,0,"4","BUB1"
0,3.03841679748098,0.992,0.236,0,"4","HIST1H3B"
0,3.03623673807096,0.967,0.17,0,"4","ASF1B"
0,3.02736458074756,0.917,0.18,0,"4","CENPW"
0,3.02715416371472,1,0.391,0,"4","MKI67"
0,3.02271843072419,0.826,0.099,0,"4","BUB1B"
0,3.01245593257124,0.81,0.095,0,"4","STIL"
0,3.00080233367333,1,0.858,0,"4","TUBB"
0,2.99979341071359,0.992,0.501,0,"4","STMN1"
0,2.98867665138332,0.992,0.483,0,"4","TUBB4B"
0,2.97942416577448,0.595,0.052,0,"4","WDR62"
0,2.9744218470204,0.256,0.021,0,"4","GJC1"
0,2.97403597686097,0.496,0.038,0,"4","CDC25C"
0,2.97382620503983,0.645,0.063,0,"4","SKA1"
0,2.97317528879014,0.686,0.069,0,"4","EXO1"
0,2.96780648812651,0.661,0.062,0,"4","PRR11"
0,2.96501260774806,0.289,0.027,0,"4","SMTN"
0,2.96145768460946,0.76,0.115,0,"4","CDKN2C"
0,2.95481223224158,0.678,0.078,0,"4","CIT"
0,2.94815863342107,0.876,0.155,0,"4","SGO2"
0,2.93736841353742,0.992,0.184,0,"4","HIST1H3G"
0,2.92269843598488,0.818,0.133,0,"4","CCDC34"
0,2.92198463782042,0.777,0.122,0,"4","NUF2"
0,2.90562588299652,0.76,0.137,0,"4","HIST1H4D"
0,2.9007403712295,0.802,0.127,0,"4","INCENP"
0,2.88726249589118,0.769,0.095,0,"4","SHCBP1"
0,2.88362358864918,0.669,0.087,0,"4","POC1A"
0,2.8723079226531,0.975,0.263,0,"4","CKS1B"
0,2.83814410758349,0.983,0.334,0,"4","CKS2"
0,2.83218086882218,0.636,0.092,0,"4","HIST2H2BF"
0,2.8283390271103,0.909,0.222,0,"4","SAC3D1"
0,2.82363909745532,0.967,0.248,0,"4","NDC80"
0,2.80913883457935,0.752,0.102,0,"4","MASTL"
0,2.80023498533047,0.397,0.046,0,"4","TEDC2"
0,2.7970439382498,0.802,0.113,0,"4","MELK"
0,2.79459408563617,0.876,0.111,0,"4","POLQ"
0,2.79428008971109,0.479,0.054,0,"4","ARHGAP33"
0,2.78924125485479,0.967,0.236,0,"4","CENPM"
0,2.78459152355993,0.81,0.096,0,"4","HIST1H2AJ"
0,2.77892500207956,0.421,0.047,0,"4","FAM83D"
0,2.777356865679,0.38,0.038,0,"4","ERCC6L"
0,2.77543827923526,0.769,0.112,0,"4","C21orf58"
0,2.75552584990422,0.835,0.17,0,"4","RACGAP1"
0,2.74849625544774,0.942,0.184,0,"4","WDR34"
0,2.73512353024448,1,0.735,0,"4","HMGB2"
0,2.73483866811659,0.289,0.048,0,"4","HIST1H1A"
0,2.71505134029384,0.653,0.079,0,"4","KIF18A"
0,2.71111615080009,0.702,0.086,0,"4","CDC20"
0,2.70469455821914,0.471,0.041,0,"4","CENPI"
0,2.69858063542852,0.95,0.169,0,"4","HIST1H2BH"
0,2.69767035599051,0.744,0.117,0,"4","ECT2"
0,2.69000423434349,0.86,0.163,0,"4","CENPN"
0,2.68758910957743,0.347,0.036,0,"4","CCDC150"
0,2.67344933921333,0.95,0.224,0,"4","CDT1"
0,2.66076273612977,0.785,0.125,0,"4","SGO1"
0,2.64701486140787,0.727,0.114,0,"4","HIST1H4I"
0,2.64515521172317,1,0.468,0,"4","SMC4"
0,2.64474900316996,0.843,0.144,0,"4","TIMELESS"
0,2.64411804763934,0.612,0.103,0,"4","CCNE2"
0,2.64359510031981,0.76,0.112,0,"4","OIP5"
0,2.64327093650881,0.289,0.034,0,"4","C17orf53"
0,2.63953032904462,0.686,0.101,0,"4","DSCC1"
0,2.62870410546018,0.992,0.416,0,"4","HIST1H3D"
0,2.62701110451696,0.463,0.061,0,"4","HIST1H2BI"
0,2.62413686784729,0.785,0.13,0,"4","HIST2H2AB"
0,2.60901082951274,0.967,0.176,0,"4","HIST1H3C"
0,2.60112431231374,0.364,0.059,0,"4","SAPCD2"
0,2.59198211880465,0.331,0.039,0,"4","CDC25A"
0,2.59161948483059,0.62,0.085,0,"4","MTFR2"
0,2.58775848021536,0.595,0.072,0,"4","Z94721.1"
0,2.58355981724846,0.587,0.079,0,"4","HIST1H4A"
0,2.58026195416859,0.967,0.605,0,"4","HIST2H2AC"
0,2.57103598770159,0.769,0.134,0,"4","RAD51"
0,2.57072301203692,0.645,0.097,0,"4","RPL39L"
0,2.56322966098938,0.438,0.059,0,"4","RECQL4"
0,2.56289346816767,0.917,0.234,0,"4","UBE2T"
0,2.5587167151993,0.934,0.259,0,"4","FEN1"
0,2.55307976766914,1,0.511,0,"4","UBE2S"
0,2.54899818978449,0.322,0.045,0,"4","CRNDE"
0,2.52387418579997,1,0.332,0,"4","SMC2"
0,2.51473009268843,0.95,0.219,0,"4","NCAPG2"
0,2.5141400985932,0.826,0.162,0,"4","CENPH"
0,2.51336890649296,0.843,0.158,0,"4","TCF19"
0,2.50902519156598,0.562,0.083,0,"4","CHTF18"
0,2.48781094052942,0.983,0.28,0,"4","FANCI"
0,2.48747449666167,0.893,0.307,0,"4","KPNA2"
0,2.47890762332139,0.289,0.033,0,"4","EME1"
0,2.47851308730337,0.95,0.21,0,"4","CLSPN"
0,2.47630955600983,0.529,0.089,0,"4","IMPA2"
0,2.46347670795089,0.554,0.103,0,"4","ARHGAP11B"
0,2.45784222854346,0.669,0.087,0,"4","E2F7"
0,2.44823179115785,0.95,0.263,0,"4","KIF20B"
0,2.43243771743208,0.744,0.141,0,"4","ARHGAP11A"
0,2.43111202065256,0.909,0.252,0,"4","CDCA4"
0,2.42911479725674,0.983,0.385,0,"4","ATAD2"
0,2.42389346452135,0.612,0.092,0,"4","HIST1H2BB"
0,2.42250363997429,0.909,0.201,0,"4","CENPU"
0,2.42018732764404,0.455,0.064,0,"4","HIST1H2BL"
0,2.41903889620163,0.851,0.158,0,"4","CIP2A"
0,2.41191345263939,0.934,0.254,0,"4","PTTG1"
0,2.39895992291897,0.95,0.478,0,"4","PCNA"
0,2.38319701718402,0.917,0.18,0,"4","UHRF1"
0,2.38281325260309,0.669,0.153,0,"4","AC011603.2"
0,2.37796975531776,0.562,0.085,0,"4","C4orf46"
0,2.37409055757684,0.612,0.101,0,"4","ZGRF1"
0,2.36991283779178,0.975,0.281,0,"4","HIST1H2AL"
0,2.34494045873324,0.512,0.078,0,"4","GINS4"
0,2.33943548701076,0.603,0.101,0,"4","DNA2"
0,2.33543738134106,0.975,0.379,0,"4","DHFR"
0,2.33066484995416,0.893,0.282,0,"4","MAD2L1"
0,2.32882399338048,0.43,0.068,0,"4","ASRGL1"
0,2.32539823318821,0.512,0.078,0,"4","HIST1H2AI"
0,2.32535748249984,0.942,0.295,0,"4","DTYMK"
0,2.32385080287502,0.909,0.213,0,"4","BRCA1"
0,2.32170193494247,0.917,0.205,0,"4","HIST1H2BF"
0,2.32105879274295,0.579,0.083,0,"4","KIAA1841"
0,2.32021022195284,0.281,0.036,0,"4","TRAIP"
0,2.32019658204039,0.802,0.147,0,"4","FANCD2"
0,2.31469654076259,0.479,0.07,0,"4","GINS1"
0,2.31003974360933,0.463,0.07,0,"4","HIST1H3J"
0,2.30958925686844,0.669,0.116,0,"4","E2F2"
0,2.30909064049421,1,0.85,0,"4","H2AFZ"
0,2.3060000586822,0.769,0.157,0,"4","BRCA2"
0,2.2982383541428,1,0.758,0,"4","HIST1H1C"
0,2.2972809533718,0.777,0.133,0,"4","FANCG"
0,2.29173886604801,0.983,0.466,0,"4","KIF22"
0,2.28691137342768,0.331,0.044,0,"4","AL662797.1"
0,2.27747507551758,0.455,0.073,0,"4","SLC25A10"
0,2.27653412220231,0.719,0.146,0,"4","CDC45"
0,2.27015983352386,0.793,0.18,0,"4","NRM"
0,2.25138202779349,0.694,0.128,0,"4","ORC6"
0,2.25059242641288,0.686,0.114,0,"4","HIST1H2BJ"
0,2.25059102876822,1,0.34,0,"4","HIST1H2AG"
0,2.2502655715735,0.397,0.068,0,"4","DERL3"
0,2.24584947640829,0.719,0.145,0,"4","DSN1"
0,2.24374979003487,0.612,0.128,0,"4","CCNB1"
0,2.24349807586432,0.851,0.179,0,"4","CHEK1"
0,2.24164655666302,0.653,0.119,0,"4","MIS18A"
0,2.23834318204711,0.727,0.151,0,"4","RFC3"
0,2.2248041560442,0.983,0.442,0,"4","LMNB1"
0,2.20688419922892,0.264,0.042,0,"4","ANKRD9"
0,2.20598343863175,0.661,0.127,0,"4","SPDL1"
0,2.20542304711993,0.967,0.361,0,"4","NCAPD3"
0,2.20396736768847,0.727,0.149,0,"4","CTNNAL1"
0,2.19026570585738,0.678,0.135,0,"4","CENPS"
0,2.18903399848009,0.306,0.05,0,"4","CCDC15"
0,2.18503347333678,0.95,0.387,0,"4","MCM7"
0,2.18228297233617,0.661,0.126,0,"4","CENPQ"
0,2.18227660825816,0.876,0.245,0,"4","GMNN"
0,2.18102934986053,0.529,0.09,0,"4","RAD54B"
0,2.1739616484835,0.744,0.192,0,"4","HMGB3"
0,2.17014050313748,0.719,0.15,0,"4","HIST1H4H"
0,2.16897729423815,0.364,0.048,0,"4","HIST2H2BE"
0,2.16702913901678,0.992,0.746,0,"4","DUT"
0,2.16683257714182,0.645,0.115,0,"4","CENPJ"
0,2.1622764650962,0.264,0.046,0,"4","XRCC2"
0,2.16159043549251,0.603,0.124,0,"4","ZWILCH"
0,2.15743448124003,0.926,0.251,0,"4","LIG1"
0,2.15592002372035,0.306,0.043,0,"4","ERI2"
0,2.15012319832657,0.347,0.057,0,"4","GINS3"
0,2.14608204621458,0.256,0.036,0,"4","HIST3H2BB"
0,2.14441187665626,0.744,0.175,0,"4","DONSON"
0,2.13788332752322,0.975,0.434,0,"4","RRM1"
0,2.13093023527375,0.727,0.156,0,"4","NCAPH2"
0,2.12563481591309,0.579,0.104,0,"4","TEDC1"
0,2.12322762126738,0.967,0.377,0,"4","DNAJC9"
0,2.12253632891973,0.81,0.181,0,"4","DDX11"
0,2.1211800432283,0.893,0.228,0,"4","ATAD5"
0,2.11430371997113,0.95,0.352,0,"4","TMEM106C"
0,2.11407869057794,0.876,0.226,0,"4","LRR1"
0,2.10715988061842,0.686,0.169,0,"4","C9orf40"
0,2.10195798813454,0.479,0.09,0,"4","TAF5"
0,2.09380831740004,0.777,0.161,0,"4","TUBG1"
0,2.09048355118903,1,0.919,0,"4","HMGN2"
0,2.09018190941922,0.496,0.112,0,"4","NT5DC2"
0,2.08433003829854,0.669,0.137,0,"4","PARPBP"
0,2.07481190810926,0.628,0.14,0,"4","GEN1"
0,2.06800713591717,0.76,0.143,0,"4","CDC6"
0,2.06419614571278,0.785,0.188,0,"4","RNASEH2A"
0,2.0615229796688,0.545,0.104,0,"4","TMPO-AS1"
0,2.06140119149798,0.372,0.079,0,"4","KNSTRN"
0,2.05851357614968,0.521,0.105,0,"4","POLE2"
0,2.04791099653901,0.57,0.106,0,"4","LIN9"
0,2.03854193778211,0.488,0.087,0,"4","CENPO"
0,2.03586869884949,0.421,0.089,0,"4","LRRCC1"
0,2.03061166896859,0.653,0.144,0,"4","PIDD1"
0,2.02601919456927,1,0.907,0,"4","HIST1H1D"
0,2.01859081570629,0.488,0.098,0,"4","FANCB"
0,2.01782754995637,0.777,0.213,0,"4","HIST1H2AK"
0,2.00280170062074,0.504,0.095,0,"4","SUV39H1"
0,2.00148658030708,0.446,0.088,0,"4","ORC1"
0,2.00046257708299,0.694,0.173,0,"4","CDK2"
0,2.00018562173795,0.612,0.134,0,"4","PAQR4"
0,1.99974143824248,0.711,0.149,0,"4","SLC43A3"
0,1.99893736062593,0.579,0.171,0,"4","CCNE1"
0,1.99056985495737,0.645,0.141,0,"4","CENPL"
0,1.98725334588094,0.95,0.438,0,"4","FAM111A"
0,1.98442079628631,0.521,0.119,0,"4","SLC29A1"
0,1.98322614597385,0.273,0.049,0,"4","DCLRE1B"
0,1.98154320153922,0.702,0.127,0,"4","MCM10"
0,1.96386745905889,0.76,0.22,0,"4","ARHGAP19"
0,1.96210693074314,0.752,0.191,0,"4","HIRIP3"
0,1.95697019879991,0.702,0.154,0,"4","ZNF367"
0,1.94945871625625,0.529,0.122,0,"4","HAUS8"
0,1.94461572307142,0.876,0.267,0,"4","RFC4"
0,1.94286329846458,0.893,0.246,0,"4","BARD1"
0,1.93932646168956,0.818,0.214,0,"4","CHAF1A"
0,1.9371455120054,0.587,0.111,0,"4","FANCA"
0,1.93673844188288,0.446,0.11,0,"4","HIST1H4J"
0,1.93420470438471,0.554,0.113,0,"4","C1orf112"
0,1.9330368281383,0.479,0.098,0,"4","PHF7"
0,1.92763442861182,0.281,0.057,0,"4","FAM184A"
0,1.92177485046498,0.669,0.158,0,"4","LINC01572"
0,1.91992879026968,0.959,0.477,0,"4","USP1"
0,1.91953539877734,0.983,0.433,0,"4","EZH2"
0,1.91826139941838,0.934,0.384,0,"4","CKAP2"
0,1.9155108859319,0.554,0.108,0,"4","MCM8"
0,1.90615109903153,0.959,0.435,0,"4","TACC3"
0,1.90186364836864,0.529,0.119,0,"4","PARP2"
0,1.90064727464204,0.942,0.506,0,"4","TUBA1C"
0,1.89767196183607,0.264,0.044,0,"4","TMEM44"
0,1.8911500457632,0.372,0.061,0,"4","DDIAS"
0,1.88703752328636,0.281,0.053,0,"4","RHEBL1"
0,1.88486669044804,0.752,0.165,0,"4","KNTC1"
0,1.88256557381936,0.769,0.202,0,"4","POLD1"
0,1.87957971475248,0.81,0.213,0,"4","WDR76"
0,1.87673608362155,0.587,0.139,0,"4","HIST1H3I"
0,1.87385550616245,0.826,0.253,0,"4","BCL2L12"
0,1.87270281492431,0.694,0.164,0,"4","SASS6"
0,1.87139067965418,0.413,0.071,0,"4","EFCAB11"
0,1.86755547519208,0.512,0.112,0,"4","CHEK2"
0,1.84805315843691,0.959,0.527,0,"4","EIF4A3"
0,1.83908140214381,0.785,0.229,0,"4","MCM2"
0,1.83803096152339,0.595,0.151,0,"4","WEE1"
0,1.83331694049765,0.587,0.138,0,"4","SKP2"
0,1.82671404576382,0.413,0.086,0,"4","INAFM1"
0,1.82596535956839,0.273,0.06,0,"4","TONSL"
0,1.82451501444151,0.942,0.453,0,"4","PHF19"
0,1.8177770285407,1,0.656,0,"4","TMPO"
0,1.8125455516055,0.372,0.067,0,"4","HIST1H4B"
0,1.80326583614777,0.752,0.185,0,"4","BRIP1"
0,1.78514161195456,0.86,0.269,0,"4","TTF2"
0,1.78257745213862,0.835,0.278,0,"4","PXMP2"
0,1.77712736895524,0.835,0.229,0,"4","CENPP"
0,1.77395929066498,0.686,0.193,0,"4","WDHD1"
0,1.77256155423885,0.355,0.075,0,"4","ZNF726"
0,1.77101003752013,0.884,0.29,0,"4","ACOT7"
0,1.7702278513624,0.818,0.217,0,"4","HIST1H3H"
0,1.76555275960184,0.81,0.26,0,"4","ACYP1"
0,1.7644511619217,0.421,0.092,0,"4","AP001347.1"
0,1.76355484254924,0.992,0.482,0,"4","NUDT1"
0,1.75946239163642,0.81,0.243,0,"4","RFC2"
0,1.75920601036147,0.868,0.318,0,"4","RBBP8"
0,1.75375760317731,0.744,0.212,0,"4","HIST1H4E"
0,1.74642180033325,0.975,0.626,0,"4","YWHAH"
0,1.74637211350153,0.752,0.197,0,"4","CEP152"
0,1.74501321265277,0.959,0.418,0,"4","NSD2"
0,1.74281327605285,1,0.869,0,"4","H2AFV"
0,1.74205188282769,0.669,0.184,0,"4","HIST1H2AE"
0,1.74070568764241,0.455,0.097,0,"4","RCCD1"
0,1.73954769970395,0.868,0.282,0,"4","MCM4"
0,1.73928861509844,0.281,0.064,0,"4","FAM161A"
0,1.73171694616369,0.595,0.169,0,"4","MICB"
0,1.73021354974935,0.727,0.191,0,"4","RFWD3"
0,1.7296976789419,0.388,0.099,0,"4","SUV39H2"
0,1.72693237115366,0.769,0.179,0,"4","DTL"
0,1.7226317968651,0.595,0.152,0,"4","CHAF1B"
0,1.71944005943167,0.769,0.226,0,"4","POLD3"
0,1.71256215695488,0.777,0.259,0,"4","HIST1H2BC"
0,1.70801398284797,0.934,0.361,0,"4","YEATS4"
0,1.7070532959742,1,0.849,0,"4","DEK"
0,1.69786378906627,0.992,0.745,0,"4","TUBA4A"
0,1.69238321432361,0.529,0.134,0,"4","NDC1"
0,1.69110226898363,0.901,0.397,0,"4","NCAPD2"
0,1.68876327177797,0.636,0.179,0,"4","POLA2"
0,1.68589397971616,0.562,0.148,0,"4","CEP85"
0,1.68545158758971,1,0.938,0,"4","HIST1H1E"
0,1.67976202389896,0.884,0.506,0,"4","CDKN2D"
0,1.67928299549971,0.603,0.178,0,"4","RCC1"
0,1.67670702384616,1,0.687,0,"4","ANP32E"
0,1.67649880588711,0.554,0.137,0,"4","POLE"
0,1.66890092944717,0.81,0.263,0,"4","E2F1"
0,1.66795052024827,0.983,0.895,0,"4","CRIP1"
0,1.66677562515174,0.76,0.295,0,"4","RAD51C"
0,1.66443507859563,0.901,0.465,0,"4","MCM3"
0,1.65732766131252,0.554,0.127,0,"4","GPSM2"
0,1.65581077880287,0.545,0.144,0,"4","FIGNL1"
0,1.65064091022016,0.983,0.568,0,"4","RPA3"
6.66133814775094e-16,1.64755469376728,0.264,0.06,1.36324285193723e-11,"4","DBF4B"
0,1.64389439945608,0.694,0.194,0,"4","RMI2"
0,1.6390027446516,0.711,0.236,0,"4","LMNB2"
0,1.6369110435469,0.347,0.076,0,"4","SESTD1"
0,1.63040019809698,0.736,0.19,0,"4","RFC5"
0,1.62661131337263,0.942,0.427,0,"4","SKA2"
0,1.62527299130841,0.702,0.184,0,"4","SPATS2L"
0,1.62523731924462,0.785,0.296,0,"4","CDKN1A"
0,1.61625510026019,0.736,0.19,0,"4","GINS2"
0,1.61461243207016,0.355,0.074,0,"4","RDM1"
0,1.61454350365699,0.983,0.647,0,"4","CARHSP1"
0,1.61359716354097,0.744,0.206,0,"4","CCP110"
0,1.61231743419062,0.413,0.11,0,"4","VANGL1"
0,1.61191078547116,0.744,0.215,0,"4","BRI3BP"
0,1.60165429128116,0.926,0.373,0,"4","SNRNP25"
0,1.60006603350382,0.702,0.188,0,"4","HAUS5"
0,1.59556916810628,0.802,0.329,0,"4","ECI1"
0,1.59138543483019,0.983,0.642,0,"4","SMC3"
0,1.5886750339004,0.992,0.701,0,"4","ALYREF"
0,1.58835929312932,0.645,0.181,0,"4","COPRS"
0,1.58422796343824,0.554,0.141,0,"4","RMI1"
0,1.57435533339466,0.628,0.181,0,"4","HIST1H4F"
0,1.5682480375687,1,0.991,0,"4","HMGB1"
0,1.56469866449275,0.397,0.106,0,"4","PRADC1"
0,1.56052682418891,0.455,0.12,0,"4","MTBP"
0,1.55992376047916,0.983,0.698,0,"4","SIVA1"
0,1.55424656055887,0.405,0.088,0,"4","KHDC1"
0,1.55243803210956,0.711,0.206,0,"4","POLA1"
0,1.55184918171449,0.917,0.42,0,"4","DBF4"
0,1.54128108616086,0.686,0.242,0,"4","PHGDH"
0,1.54009275874066,0.926,0.444,0,"4","HELLS"
0,1.53589317661282,0.479,0.122,0,"4","IFT22"
0,1.53329335455216,0.851,0.305,0,"4","CEP78"
0,1.52809289440712,0.917,0.42,0,"4","CCDC167"
0,1.52763000948177,0.694,0.254,0,"4","SHMT1"
0,1.523661759732,0.355,0.082,0,"4","CNTROB"
0,1.52362337617081,0.694,0.196,0,"4","IFI27L1"
0,1.51517047432804,0.339,0.089,0,"4","SYCE1L"
0,1.51267201911858,0.777,0.231,0,"4","HLTF"
0,1.50697279248329,0.967,0.6,0,"4","DDX39A"
0,1.4809175253686,0.669,0.25,0,"4","CCDC18"
0,1.47838348380121,0.934,0.494,0,"4","ZDHHC12"
0,1.47830121691002,0.975,0.633,0,"4","RANBP1"
0,1.47768299987906,0.496,0.137,0,"4","SPATA33"
0,1.4764050136655,0.504,0.119,0,"4","NET1"
0,1.4746497152294,0.785,0.243,0,"4","PRIM1"
1.11022302462516e-15,1.47230622204438,0.413,0.132,2.27207141989538e-11,"4","DHCR24"
0,1.46992487340688,0.884,0.38,0,"4","CDCA7"
0,1.46943445434929,0.711,0.198,0,"4","SCMH1"
0,1.46354378802839,0.496,0.136,0,"4","SFR1"
0,1.46169982203136,0.38,0.11,0,"4","KLHL23"
0,1.46140441868161,0.959,0.616,0,"4","HNRNPAB"
0,1.45970098727316,0.545,0.166,0,"4","SLC1A4"
0,1.45824946998746,0.562,0.151,0,"4","EMC9"
0,1.45723116048533,0.603,0.232,0,"4","HIST1H2BN"
0,1.453963906362,0.504,0.164,0,"4","TMEM97"
2.71653810557382e-11,1.45207618016322,0.322,0.107,5.55939523305682e-07,"4","ID3"
6.66133814775094e-16,1.44917247243413,0.322,0.084,1.36324285193723e-11,"4","ATP2A1-AS1"
3.33066907387547e-15,1.44624114383865,0.322,0.087,6.81621425968615e-11,"4","GSTCD"
0,1.44302600871206,0.388,0.105,0,"4","CEP76"
0,1.4389930872914,0.678,0.226,0,"4","CEP295"
3.15303338993544e-13,1.43808748802259,0.298,0.086,6.45268283250289e-09,"4","HIST1H2AD"
0,1.43615222813718,0.983,0.659,0,"4","NASP"
0,1.43440907347038,0.802,0.375,0,"4","FABP5"
4.30766533554561e-14,1.43257792800538,0.347,0.104,8.81563710919409e-10,"4","ZNF519"
0,1.42877626986788,0.628,0.186,0,"4","UBL7-AS1"
0,1.42753314269031,0.868,0.427,0,"4","CKAP5"
0,1.41894522895822,0.934,0.463,0,"4","EBP"
0,1.40406667412744,0.388,0.098,0,"4","RFX2"
1.99840144432528e-15,1.39937694047369,0.264,0.061,4.08972855581169e-11,"4","IFT122"
0,1.39850950732924,0.934,0.488,0,"4","CBX5"
0,1.39779010121011,0.785,0.316,0,"4","TEX30"
0,1.39711297896343,0.711,0.249,0,"4","FN3KRP"
0,1.39473405045698,1,0.786,0,"4","NUCKS1"
0,1.38917834448551,0.661,0.213,0,"4","LIN54"
0,1.38386913143794,0.76,0.287,0,"4","MAGOHB"
0,1.37957229461118,0.521,0.15,0,"4","MYBL1"
0,1.37826981840183,0.636,0.206,0,"4","CBR3"
0,1.37777136742487,0.628,0.221,0,"4","KMT5A"
0,1.37057285287074,0.438,0.118,0,"4","FADS2"
0,1.36868596324182,0.504,0.129,0,"4","NEMP1"
5.38014077733351e-13,1.36748712075907,0.306,0.09,1.1010458100813e-08,"4","ADCY3"
0,1.36731037234082,0.702,0.269,0,"4","TRIOBP"
3.99680288865056e-14,1.36724616915783,0.331,0.093,8.17945711162338e-10,"4","BORA"
0,1.36374090055841,0.504,0.135,0,"4","FANCC"
0,1.36176203031176,0.554,0.173,0,"4","CDC7"
0,1.35565915650936,0.959,0.647,0,"4","MIS18BP1"
0,1.34733338569645,0.504,0.148,0,"4","CEP57L1"
6.66133814775094e-16,1.34454713689523,0.364,0.103,1.36324285193723e-11,"4","YPEL1"
0,1.34440600142401,0.438,0.128,0,"4","EPB41L2"
0,1.33676946430939,0.785,0.332,0,"4","HADH"
0,1.3352945823208,0.521,0.162,0,"4","LRRC45"
0,1.33412197601121,0.455,0.129,0,"4","FANCL"
0,1.33321334726914,0.479,0.158,0,"4","CEP97"
1.99840144432528e-14,1.33252746131828,0.306,0.084,4.08972855581169e-10,"4","NETO2"
0,1.32803202414873,0.86,0.336,0,"4","BLM"
0,1.32643269826229,0.529,0.188,0,"4","RAD1"
8.65247873349517e-11,1.32597817677673,0.264,0.081,1.77072977280979e-06,"4","B4GALT2"
2.17603712826531e-14,1.32578227213137,0.372,0.116,4.45325998299495e-10,"4","DARS2"
0,1.32507906830464,0.926,0.469,0,"4","MAD2L2"
2.04281036531029e-14,1.32495540508967,0.372,0.114,4.1806114126075e-10,"4","MSH5"
5.20472553944273e-13,1.32422895202122,0.339,0.106,1.06514708164696e-08,"4","AIG1"
0,1.3231345587567,0.512,0.154,0,"4","NUDT15"
0,1.32265680520253,0.975,0.484,0,"4","SAE1"
6.21724893790088e-15,1.32094919426763,0.397,0.122,1.27235999514141e-10,"4","ARL13B"
0,1.31950437821752,0.826,0.344,0,"4","SVIP"
0,1.31795952643974,0.645,0.21,0,"4","RANGAP1"
0,1.30928752979903,0.959,0.565,0,"4","PSMC3"
0,1.30788627437933,0.884,0.348,0,"4","MCM5"
0,1.30627425737723,0.711,0.286,0,"4","ODF2"
0,1.30194988387406,0.331,0.069,0,"4","STK3"
0,1.30179025302136,0.901,0.399,0,"4","ACAT2"
0,1.29838072489037,0.587,0.17,0,"4","MAP3K20"
0,1.29758168129214,0.909,0.407,0,"4","MZT1"
0,1.2973056608605,0.645,0.219,0,"4","ICMT"
0,1.29569348618949,0.521,0.172,0,"4","CLN6"
0,1.29325809528646,0.636,0.234,0,"4","BTBD6"
2.75983902398025e-10,1.28560461475153,0.289,0.1,5.64801056257558e-06,"4","HLA-DQA2"
2.22044604925031e-16,1.28377883021302,0.504,0.171,4.54414283979077e-12,"4","SAMD1"
0,1.28245439185796,0.992,0.63,0,"4","LSM4"
0,1.27991977814901,0.86,0.333,0,"4","PRIM2"
0,1.2730175125708,0.636,0.269,0,"4","TBC1D10B"
0,1.26705730446169,0.421,0.117,0,"4","MAST2"
0,1.26620622131654,0.537,0.177,0,"4","REEP4"
1.21769261340887e-12,1.26602462452549,0.372,0.123,2.49200793334126e-08,"4","GLA"
0,1.26306328535783,0.967,0.62,0,"4","DNMT1"
1.11022302462516e-15,1.26110931427502,0.496,0.173,2.27207141989538e-11,"4","GIHCG"
0,1.26057265016288,0.636,0.231,0,"4","MMS22L"
0,1.25896745905143,0.702,0.273,0,"4","UBR7"
0,1.25555218637425,0.529,0.167,0,"4","APOO"
1.10833786592934e-10,1.25451477275772,0.264,0.081,2.2682134426244e-06,"4","TCEAL3"
0,1.25263050609422,0.884,0.367,0,"4","VRK1"
3.99680288865056e-15,1.24935963746012,0.446,0.151,8.17945711162338e-11,"4","PDLIM7"
0,1.24922565968946,0.752,0.308,0,"4","C19orf48"
3.5527136788005e-14,1.24902678043303,0.479,0.178,7.27062854366523e-10,"4","GMPPB"
2.76378919750186e-12,1.24677832441123,0.256,0.068,5.65609459268757e-08,"4","ST3GAL4"
2.88657986402541e-14,1.24625829840723,0.413,0.136,5.907385691728e-10,"4","HIST4H4"
0,1.24594303905805,0.992,0.783,0,"4","JPT1"
0,1.24581373683194,0.992,0.784,0,"4","H2AFY"
0,1.24357562806408,0.909,0.527,0,"4","RHEB"
0,1.24335650490331,0.926,0.47,0,"4","EXOSC8"
0,1.24244089253462,0.455,0.135,0,"4","WRAP53"
0,1.23977544982038,1,0.799,0,"4","RAD21"
2.22044604925031e-16,1.23492825333789,0.372,0.104,4.54414283979077e-12,"4","C11orf80"
0,1.23491893870674,0.702,0.235,0,"4","CFAP20"
0,1.23348705302462,0.967,0.581,0,"4","SMC1A"
0,1.22912573619585,0.702,0.27,0,"4","SMPD4"
0,1.22540186608923,0.661,0.216,0,"4","SPATA5"
0,1.22369163519789,0.893,0.367,0,"4","ITGB3BP"
6.30651086908074e-12,1.22028097281223,0.322,0.102,1.29062744935737e-07,"4","HPSE"
0,1.21957092019414,0.347,0.078,0,"4","RTKN2"
0,1.21875239996699,1,0.954,0,"4","HSP90AA1"
0,1.21517815824275,0.884,0.517,0,"4","MEA1"
0,1.21288504632916,0.934,0.454,0,"4","SMS"
0,1.21146810454404,0.81,0.327,0,"4","POP7"
0,1.21112756569121,0.835,0.408,0,"4","CDK4"
0,1.20767881927141,0.488,0.151,0,"4","ZW10"
0,1.20421578007953,0.893,0.451,0,"4","SH3GLB2"
0,1.20365632643559,0.901,0.425,0,"4","DLEU2"
0,1.19953810858624,0.942,0.574,0,"4","SSRP1"
0,1.19783156823809,0.669,0.221,0,"4","THOP1"
0,1.19752749848797,0.909,0.564,0,"4","SLBP"
5.10258502117722e-13,1.1974971890197,0.488,0.193,1.04424402458392e-08,"4","AL441992.1"
0,1.19193496501289,0.455,0.135,0,"4","DPYSL2"
0,1.19045848121164,0.959,0.605,0,"4","HPRT1"
0,1.19040997569829,0.835,0.386,0,"4","COMMD4"
0,1.18546881625328,0.843,0.405,0,"4","SLC20A1"
4.34718927522226e-12,1.18412097510113,0.306,0.092,8.89652285174236e-08,"4","HYLS1"
7.06986913456831e-10,1.18343942261843,0.256,0.081,1.4468487183894e-05,"4","CABLES2"
0,1.18342337298479,1,0.904,0,"4","CALM2"
2.27984964240591e-10,1.18267422751516,0.281,0.089,4.66571229318369e-06,"4","CEP131"
0,1.17901020469415,0.777,0.296,0,"4","DPM2"
1.09894515709641e-09,1.17161543374597,0.289,0.098,2.2489912639978e-05,"4","C19orf47"
2.22044604925031e-16,1.16713843519937,0.579,0.214,4.54414283979077e-12,"4","WDR5"
0,1.16397547370265,1,0.992,0,"4","PTMA"
0,1.16362105989902,0.496,0.151,0,"4","RTTN"
0,1.16173154974213,0.603,0.23,0,"4","KIF21A"
2.22044604925031e-16,1.15776664390055,0.446,0.139,4.54414283979077e-12,"4","PARD6A"
0,1.15380864387017,0.851,0.403,0,"4","CDK5RAP2"
0,1.15132450538063,0.76,0.333,0,"4","HMGXB4"
0,1.15018623437977,0.769,0.348,0,"4","SLC25A1"
0,1.14864344649872,0.835,0.356,0,"4","CSE1L"
3.12883052799862e-12,1.14803654936958,0.413,0.148,6.40315167554917e-08,"4","NUDT8"
0,1.1447378612372,0.884,0.456,0,"4","CENPX"
0,1.14447579655856,0.727,0.264,0,"4","NUP155"
0,1.13918237056557,0.81,0.299,0,"4","CEP128"
0,1.1371759828753,0.95,0.708,0,"4","HMGA1"
0,1.13649683921829,0.884,0.454,0,"4","TMEM109"
9.07052211118753e-13,1.13601410379564,0.298,0.085,1.85628235005453e-08,"4","SLC25A29"
0,1.13373128876613,0.727,0.32,0,"4","TMEM107"
0,1.12903116706174,0.769,0.356,0,"4","MCM6"
0,1.12788893489055,0.95,0.7,0,"4","SUPT16H"
0,1.12757287486142,0.719,0.313,0,"4","ACD"
0,1.12671220926349,0.901,0.406,0,"4","TOPBP1"
2.22044604925031e-16,1.12421508995119,0.455,0.142,4.54414283979077e-12,"4","SLFN11"
1.37667655053519e-14,1.12219980875442,0.521,0.194,2.81736856067027e-10,"4","TIPIN"
4.44089209850063e-16,1.12113484205314,0.579,0.224,9.08828567958153e-12,"4","ERI1"
0,1.11836686054669,0.587,0.21,0,"4","ADI1"
0,1.11493395449668,0.901,0.578,0,"4","LSM3"
0,1.11315056809464,0.793,0.344,0,"4","BTG3"
0,1.1105716956998,0.727,0.288,0,"4","SAP30"
2.1094237467878e-14,1.11025080380207,0.612,0.254,4.31693569780123e-10,"4","EIF4EBP1"
6.66133814775094e-16,1.10877243258155,0.851,0.533,1.36324285193723e-11,"4","TUBA1A"
0,1.10855715484981,1,0.955,0,"4","ANP32B"
0,1.10011616284197,0.967,0.837,0,"4","IDH2"
5.32907051820075e-15,1.09980703413399,0.62,0.248,1.09059428154978e-10,"4","BUD13"
3.84137166520304e-14,1.09961887707904,0.554,0.216,7.86136711283802e-10,"4","RUSC1"
2.22044604925031e-16,1.09741868776528,0.57,0.206,4.54414283979077e-12,"4","SAAL1"
0,1.09623341347883,0.818,0.386,0,"4","PRPSAP1"
0,1.09612208334258,0.777,0.338,0,"4","MSH2"
0,1.09585145551639,0.694,0.267,0,"4","MGME1"
3.10862446895044e-15,1.0939835042103,0.438,0.144,6.36179997570707e-11,"4","PKP4"
3.46486328517415e-08,1.09362446021978,0.289,0.111,0.000709084271310889,"4","MYEF2"
0,1.09150315233498,0.934,0.641,0,"4","HSPB11"
0,1.09036518658458,0.992,0.812,0,"4","SRSF2"
0,1.08873990528384,0.851,0.428,0,"4","LMF2"
0,1.08202267190495,0.645,0.241,0,"4","GPN3"
0,1.0815514418729,0.777,0.381,0,"4","TRNAU1AP"
3.88578058618805e-14,1.08066929415892,0.554,0.213,7.95224996963384e-10,"4","LRRC42"
8.79496475647557e-12,1.07777322434929,0.372,0.131,1.79988953741272e-07,"4","NEDD4"
5.10702591327572e-15,1.07743556298421,0.57,0.213,1.04515285315188e-10,"4","SPINDOC"
1.93178806284777e-14,1.07583755413604,0.752,0.379,3.95340427061797e-10,"4","CASP8AP2"
0,1.07401774765991,1,0.923,0,"4","RAN"
6.3726801613484e-14,1.07202765253928,0.669,0.304,1.30416899501995e-09,"4","C1orf35"
8.88178419700125e-16,1.07150919370126,0.744,0.356,1.81765713591631e-11,"4","PGP"
1.77635683940025e-15,1.06373705538316,0.43,0.131,3.63531427183261e-11,"4","PPP2R3B"
4.37859093427306e-08,1.06337500497786,0.298,0.115,0.000896078634698982,"4","NFKBID"
0,1.06149585838916,0.942,0.529,0,"4","HDGF"
0,1.05872487837645,0.967,0.731,0,"4","ANAPC11"
1.99840144432528e-15,1.05810642525405,0.678,0.278,4.08972855581169e-11,"4","XRCC1"
4.87077045363549e-12,1.0574222647373,0.405,0.144,9.96803173336502e-08,"4","SLC19A1"
0,1.0551277716366,0.992,0.865,0,"4","ARL6IP1"
0,1.05477998584043,0.579,0.197,0,"4","NUP85"
1.11845643857578e-10,1.05407603492694,0.298,0.098,2.28892110154533e-06,"4","ERVMER61-1"
0,1.05360339975286,0.802,0.388,0,"4","NTAN1"
4.66293670342566e-15,1.05280065330836,0.636,0.258,9.54269996356061e-11,"4","KHSRP"
0,1.0521337562156,0.983,0.806,0,"4","SNRPB"
0,1.05204134988455,0.959,0.638,0,"4","FDPS"
1.82989161601199e-08,1.05031555052935,0.298,0.112,0.000374487319216854,"4","FNDC10"
2.22044604925031e-16,1.04795856173609,0.661,0.261,4.54414283979077e-12,"4","NFYB"
0,1.04671054877043,1,0.933,0,"4","UBB"
0,1.04605411038986,0.81,0.4,0,"4","HAUS1"
9.12603326241879e-14,1.04466240462662,0.521,0.201,1.867642707154e-09,"4","VKORC1L1"
0,1.04228827580833,0.777,0.342,0,"4","ACTL6A"
0,1.04151925041204,1,0.881,0,"4","SRSF3"
3.67700980774543e-10,1.03800951878981,0.273,0.087,7.52500057155103e-06,"4","ZNF273"
0,1.03729006791369,0.636,0.226,0,"4","RHNO1"
1.53757762078044e-09,1.03716603367333,0.314,0.114,3.14665260092717e-05,"4","B3GLCT"
0.00239953592664643,1.03663495329286,0.306,0.184,1,"4","CAR"
1.11022302462516e-15,1.0351677013174,0.521,0.176,2.27207141989538e-11,"4","SLC27A3"
0,1.03235427022843,0.983,0.806,0,"4","ANXA5"
0,1.03171957278422,0.802,0.351,0,"4","RBL1"
0,1.03086377967037,0.752,0.336,0,"4","DCLRE1C"
0,1.03006852577718,0.595,0.208,0,"4","ACAD9"
0,1.02728151107757,1,0.939,0,"4","COX8A"
1.55431223447522e-15,1.02531321572152,0.678,0.301,3.18089998785354e-11,"4","SEPHS1"
0,1.02195155959898,1,0.986,0,"4","HNRNPA2B1"
2.22044604925031e-16,1.01889102024019,0.711,0.307,4.54414283979077e-12,"4","DERA"
2.34009256416812e-09,1.0174923414693,0.306,0.111,4.78899943257005e-05,"4","GCA"
2.22044604925031e-16,1.01597500457688,0.579,0.205,4.54414283979077e-12,"4","RAD18"
4.44089209850063e-16,1.01562360695897,0.793,0.383,9.08828567958153e-12,"4","NUP62"
2.42000535166653e-08,1.01506985188926,0.273,0.098,0.000495254095218556,"4","SSX2IP"
4.81388262585369e-11,1.01259309245875,0.421,0.163,9.85161079380958e-07,"4","PMAIP1"
0,1.01257006006489,0.752,0.326,0,"4","PSMG1"
0,1.01256442256207,0.983,0.683,0,"4","TRIM28"
1.28785870856518e-14,1.00831716546734,0.636,0.263,2.63560284707864e-10,"4","TIFA"
5.55562040815971e-10,1.00701900227553,0.322,0.111,1.13695771652988e-05,"4","TSPAN4"
5.35984454375082e-07,1.00573149293196,0.628,0.395,0.0109689218587861,"4","HLA-DRB5"
0,1.00492729294681,0.992,0.859,0,"4","CBX3"
1.15685239165941e-13,1.00263461211505,0.438,0.149,2.36749841953099e-09,"4","PAXIP1"
4.44089209850063e-16,1.00186072166219,0.802,0.408,9.08828567958153e-12,"4","GPAA1"
1.88942195222808e-11,1.00086578830864,0.471,0.187,3.86670202523476e-07,"4","CEP44"
7.52953255300781e-13,1.00019530331442,0.488,0.181,1.54091883697305e-08,"4","TXNDC5"
0,0.999610218688546,0.95,0.684,0,"4","BANF1"
4.28046487144229e-11,0.996140198079303,0.413,0.162,8.75997135940665e-07,"4","KCNQ5"
0,0.991345480587483,0.992,0.814,0,"4","HNRNPA0"
0,0.990277693964788,1,0.844,0,"4","PSIP1"
8.94129215112116e-12,0.989687820998327,0.529,0.235,1.82983543872695e-07,"4","GMEB1"
0,0.98860425612835,0.983,0.746,0,"4","MRPL51"
1.11022302462516e-15,0.987607899830044,0.57,0.217,2.27207141989538e-11,"4","POU2F1"
1.19457044256421e-09,0.98672732853698,0.331,0.12,2.44468841070766e-05,"4","POGLUT3"
4.55191440096314e-14,0.98576452154408,0.686,0.303,9.31549282157107e-10,"4","PSMG3"
0,0.984264750986016,0.86,0.5,0,"4","CMC2"
1.49278367445049e-11,0.983257697705269,0.562,0.245,3.05498178976293e-07,"4","ILVBL"
4.32081037615717e-11,0.981314331360676,0.281,0.085,8.84253843480565e-07,"4","ATF3"
0,0.977974713544698,0.702,0.27,0,"4","SFMBT1"
0,0.976386414383114,1,0.849,0,"4","RALY"
3.89596175320861e-07,0.976327935762367,0.306,0.128,0.00797308572794142,"4","C11orf24"
2.22044604925031e-16,0.974050744102089,0.554,0.195,4.54414283979077e-12,"4","FGFR1OP"
0,0.973895957791997,0.893,0.53,0,"4","COPS3"
1.68980984760481e-09,0.973383603141938,0.364,0.141,3.45819585312324e-05,"4","FADS1"
0,0.972272103601593,0.901,0.565,0,"4","TFDP1"
0,0.970546041895519,0.893,0.508,0,"4","RNASEH2C"
1.51922918689706e-12,0.969894488092395,0.711,0.352,3.10910253098484e-08,"4","SCCPDH"
3.7404534380947e-07,0.968034386878543,0.364,0.162,0.00765483796106081,"4","ITPRIPL1"
0,0.967696232587156,0.975,0.712,0,"4","SNRPD1"
0,0.965614118187198,0.992,0.871,0,"4","SRSF7"
0,0.965609684512381,0.942,0.638,0,"4","CENPK"
2.490896378049e-12,0.964511654320093,0.802,0.47,5.09761943767728e-08,"4","CDKN2A"
3.3950153799367e-10,0.959139997424442,0.496,0.213,6.94789897504045e-06,"4","MFGE8"
0,0.954152596993404,0.835,0.387,0,"4","RUVBL2"
1.91402449445377e-13,0.954110121630313,0.686,0.296,3.91705112789964e-09,"4","SPTSSA"
2.46328513142657e-10,0.952655239851588,0.372,0.134,5.04111302146448e-06,"4","CCHCR1"
0,0.948032139393795,1,0.711,0,"4","CACYBP"
1.71410885485557e-10,0.944789089053261,0.537,0.248,3.50792377146192e-06,"4","PSAT1"
1.62092561595273e-14,0.944752080873308,0.777,0.402,3.31722427304726e-10,"4","POLD2"
2.88435941797616e-13,0.944624157211921,0.826,0.465,5.9028415488882e-09,"4","MPHOSPH9"
7.74234010236796e-09,0.944435490274598,0.322,0.122,0.00015844699019496,"4","GKAP1"
0,0.943990461355714,0.975,0.871,0,"4","SNRPG"
0,0.942633662321778,0.967,0.683,0,"4","RBBP7"
5.86197757002083e-14,0.942554531082098,0.694,0.316,1.19965370970476e-09,"4","SMCO4"
4.27087372134594e-08,0.941902975222451,0.264,0.094,0.000874034307073446,"4","RTEL1"
8.94278062268938e-07,0.941699789110644,0.273,0.112,0.0183014005443338,"4","MAP1A"
5.37596345218105e-09,0.941393685155952,0.298,0.105,0.000110019092048885,"4","KLF11"
1.00698693827894e-09,0.938273349099131,0.331,0.121,2.06079876918785e-05,"4","XRCC3"
2.44249065417534e-15,0.936727168554907,0.727,0.31,4.99855712376984e-11,"4","NEDD1"
3.64398570873448e-07,0.935301925100689,0.331,0.145,0.00745741675292511,"4","SNTA1"
0,0.934882989143829,0.959,0.591,0,"4","BAZ1B"
1.5262235919522e-11,0.934264177276507,0.727,0.39,3.12341658093018e-07,"4","CDK2AP1"
0,0.934087063285604,0.909,0.527,0,"4","RPA2"
6.66133814775094e-16,0.928791601138307,0.612,0.231,1.36324285193723e-11,"4","SAP130"
0,0.92583278394133,1,0.926,0,"4","HNRNPA3"
3.23449598216285e-07,0.925698170266615,0.314,0.133,0.00661939602749628,"4","SMIM13"
2.49015474906855e-10,0.924171710303933,0.521,0.232,5.09610169396879e-06,"4","PCBD2"
0,0.922129465278717,0.785,0.349,0,"4","HAT1"
4.25245434421129e-08,0.920245084809796,0.264,0.094,0.00087026478154284,"4","SRR"
8.88178419700125e-16,0.919687550645915,0.851,0.486,1.81765713591631e-11,"4","AKT1"
4.44089209850063e-16,0.918917672666437,0.785,0.354,9.08828567958153e-12,"4","MCMBP"
1.71862524211974e-13,0.917515656902096,0.81,0.426,3.51716655799805e-09,"4","HIST1H2AC"
1.51232426581771e-09,0.916556719881844,0.372,0.143,3.09497160999594e-05,"4","PIGQ"
1.21951337916926e-11,0.915542504156762,0.347,0.117,2.49573413046988e-07,"4","C1orf21"
2.59348098552437e-13,0.915239037246583,0.744,0.363,5.30755883687561e-09,"4","RNF168"
2.29489760528168e-11,0.914662229603524,0.612,0.274,4.69650794920895e-07,"4","FDXR"
2.22044604925031e-16,0.912945496866068,0.95,0.638,4.54414283979077e-12,"4","COX17"
1.77635683940025e-15,0.911598835433677,0.868,0.473,3.63531427183261e-11,"4","OXCT1"
2.85261148036398e-10,0.911105699907218,0.504,0.213,5.83786939456488e-06,"4","HAUS3"
0,0.91060069943014,0.959,0.598,0,"4","SUMO3"
3.23627989162745e-06,0.909367095457175,0.264,0.113,0.0662304679821557,"4","AP002495.1"
2.55351295663786e-14,0.908513993677001,0.554,0.209,5.22576426575938e-10,"4","KCTD9"
2.25579555035438e-11,0.908138960813006,0.537,0.228,4.61648559380023e-07,"4","OAS3"
4.35207425653061e-14,0.907378239516161,0.603,0.241,8.9065199659899e-10,"4","ZDHHC13"
1.07659037240637e-09,0.905666055484523,0.413,0.168,2.20324219712964e-05,"4","NQO1"
0,0.9043801099599,0.992,0.805,0,"4","SRSF10"
0,0.902933076477792,0.967,0.796,0,"4","MAZ"
3.30006111326497e-08,0.900474315771872,0.306,0.117,0.000675357506829677,"4","NAGA"
7.54951656745106e-14,0.900463010225697,0.76,0.388,1.54500856552886e-09,"4","NUP107"
7.78913833432426e-08,0.900460607654354,0.264,0.097,0.00159404716011946,"4","NUP35"
8.88178419700125e-15,0.89987346806835,0.711,0.304,1.81765713591631e-10,"4","TTF1"
6.97220059464598e-14,0.898316325667372,0.579,0.229,1.4268608516943e-09,"4","MBD3"
3.27934799315699e-08,0.897627827326815,0.339,0.135,0.000671118566799578,"4","APLP2"
0.00114495374062074,0.897476529235251,0.273,0.153,1,"4","HLA-DQA1"
1.77635683940025e-14,0.896560553055304,0.587,0.223,3.63531427183261e-10,"4","SLC16A1"
1.09555919891591e-10,0.895908254745492,0.413,0.154,2.2420619005814e-06,"4","SLC25A25"
5.31183743657238e-08,0.894984256444575,0.421,0.191,0.00108706753139454,"4","ZNRF1"
7.92033105767587e-13,0.892618597565556,0.612,0.27,1.62089575095337e-08,"4","CHAMP1"
4.44089209850063e-16,0.890764091897603,0.893,0.582,9.08828567958153e-12,"4","UBE2A"
8.88178419700125e-16,0.890305696262447,0.678,0.27,1.81765713591631e-11,"4","NUP205"
2.38817854381068e-11,0.88931396931483,0.388,0.135,4.88740738990856e-07,"4","FANCM"
4.25659507641285e-13,0.888450967259566,0.554,0.216,8.7111218238789e-09,"4","CTNNBIP1"
2.24436691453889e-10,0.887958095736043,0.405,0.155,4.59309689060383e-06,"4","DPY19L1"
4.85167461761193e-13,0.887850762516945,0.793,0.432,9.92895210494282e-09,"4","PAGR1"
0,0.886352788943415,0.983,0.813,0,"4","HNRNPR"
9.28528365307102e-11,0.885212016406503,0.562,0.259,1.90023329960098e-06,"4","CD151"
1.53432822003197e-13,0.881242349201531,0.785,0.414,3.14000270229542e-09,"4","CBX1"
0,0.880579839174546,0.926,0.61,0,"4","NUDT21"
2.68451927354363e-13,0.878518870076913,0.86,0.492,5.49386869330704e-09,"4","UQCC2"
4.66293670342566e-15,0.876404120411988,0.876,0.548,9.54269996356061e-11,"4","POLR2K"
2.42203745948188e-09,0.875397414749452,0.314,0.113,4.95669966082968e-05,"4","SRGAP2C"
0,0.875309627378507,0.983,0.71,0,"4","SUZ12"
2.74225087082414e-13,0.873919625177974,0.719,0.349,5.6120164071416e-09,"4","NUP160"
8.68194405256872e-14,0.873885457709179,0.678,0.297,1.77675985035819e-09,"4","MSH6"
1.37312383685639e-12,0.872949380377063,0.876,0.67,2.81009793212661e-08,"4","PLP2"
1.82076576038526e-14,0.87187631440931,0.736,0.364,3.72619712862843e-10,"4","POLH"
2.91766610871491e-13,0.87019039076598,0.76,0.373,5.97100369148507e-09,"4","RRP7A"
1.0369483049999e-13,0.864808259617815,0.612,0.25,2.12211470618229e-09,"4","ASH2L"
9.56917700634108e-08,0.863212986635,0.273,0.1,0.0019583320743477,"4","MAPK11"
1.01306629751718e-09,0.86268919154167,0.471,0.202,2.07324017786892e-05,"4","IFT88"
6.67248478691818e-11,0.862599544504346,0.438,0.164,1.3655240116428e-06,"4","UCK1"
2.29527508111005e-12,0.862122725274134,0.76,0.416,4.69728045349171e-08,"4","MTHFD1"
0,0.861990073057826,1,0.852,0,"4","BUB3"
3.69431152336119e-11,0.860394496818247,0.702,0.352,7.56040853255868e-07,"4","FH"
3.42148531728981e-12,0.859226006645306,0.826,0.507,7.00206970183359e-08,"4","ARL6IP6"
1.61648472385423e-13,0.859146837346216,0.727,0.335,3.30813598736768e-09,"4","PAFAH1B3"
4.00712796277958e-11,0.859109178287055,0.645,0.304,8.2005873758284e-07,"4","NUP37"
0,0.858935791021761,0.975,0.821,0,"4","BLOC1S1"
6.05293593025635e-13,0.858478488346269,0.719,0.342,1.23873333812696e-08,"4","HAUS4"
7.30526750203353e-14,0.85689055370153,0.785,0.422,1.49502299429116e-09,"4","CHRAC1"
1.29074528842921e-12,0.856493261876245,0.702,0.329,2.64151023277037e-08,"4","MCUR1"
1.11877240804859e-09,0.8558491201655,0.719,0.403,2.28956773307143e-05,"4","RIC8A"
1.71653891101187e-09,0.855612309897974,0.463,0.199,3.51289688138579e-05,"4","BBS7"
2.14226414385621e-11,0.852063289038611,0.793,0.463,4.38414357040173e-07,"4","GGCT"
6.95665747230123e-13,0.851658762276526,0.876,0.575,1.42367995170645e-08,"4","CTCF"
7.874034757549e-11,0.849870967122855,0.744,0.411,1.6114212131324e-06,"4","IKBIP"
2.22165517094197e-08,0.847255229947979,0.322,0.126,0.000454661730733275,"4","CD109"
0,0.842623721852165,1,0.879,0,"4","CALM3"
4.71511718558304e-12,0.841517820786031,0.636,0.286,9.64948732029569e-08,"4","GTF3C5"
2.43405295918819e-11,0.84107342530445,0.769,0.465,4.98128938097864e-07,"4","CDC27"
7.39630579005279e-13,0.840864939805139,0.711,0.333,1.5136539799343e-08,"4","CCDC82"
4.57653470675723e-10,0.839134231643679,0.57,0.254,9.36587827737867e-06,"4","SYNC"
8.59978754874646e-13,0.839012479872893,0.62,0.264,1.75994652185096e-08,"4","CTPS1"
1.99840144432528e-15,0.838009836608375,0.934,0.601,4.08972855581169e-11,"4","PTBP1"
2.08679889146524e-07,0.837406666428437,0.397,0.18,0.0042706339313836,"4","PHLDA3"
2.22044604925031e-16,0.835568611451405,0.529,0.176,4.54414283979077e-12,"4","PBX3"
6.62365717829516e-11,0.834863367075503,0.818,0.507,1.3555314415381e-06,"4","ATP1B3"
1.85735928859287e-08,0.834771288051409,0.405,0.169,0.000380108578410532,"4","CHST14"
8.88178419700125e-16,0.832406855212666,0.942,0.617,1.81765713591631e-11,"4","CEP57"
0,0.832209039116074,0.959,0.77,0,"4","PRKDC"
1.71183778263639e-09,0.830308173326638,0.62,0.317,3.50327602216538e-05,"4","G2E3"
1.17683640610267e-14,0.830013973376635,0.893,0.531,2.40839570508911e-10,"4","NENF"
1.64510857181277e-06,0.829619616753487,0.339,0.151,0.0336671469221483,"4","LRRC14"
0,0.829536699809535,0.95,0.675,0,"4","DAZAP1"
5.97725202666766e-10,0.829293535339815,0.636,0.321,1.22324462725754e-05,"4","CYB5A"
9.58264444994583e-06,0.828818697315215,0.273,0.122,0.196108818668141,"4","ISYNA1"
2.4713564528156e-12,0.828771963009199,0.479,0.177,5.05763098068712e-08,"4","ATRIP"
1.26565424807268e-14,0.827644230511487,0.868,0.534,2.59016141868074e-10,"4","GMPS"
2.44946418703762e-09,0.8268546314253,0.595,0.275,5.01282845877249e-05,"4","GAMT"
1.85457744716899e-08,0.825246858126874,0.438,0.194,0.000379539274563134,"4","ARL4A"
2.70672373403613e-11,0.821190113343813,0.719,0.375,5.53931012170494e-07,"4","MED30"
3.50460105380535e-10,0.819331025327183,0.545,0.241,7.17216605661264e-06,"4","AKIP1"
1.98008276441897e-11,0.819007099333909,0.851,0.487,4.05223937738342e-07,"4","GLIPR2"
3.37507799486048e-14,0.817244847954331,0.909,0.524,6.90709711648196e-10,"4","BOLA3"
4.87121454284534e-12,0.816896516023912,0.752,0.361,9.96894056193298e-08,"4","THOC6"
1.95488070175998e-11,0.816492730806565,0.38,0.13,4.00066335615179e-07,"4","SNX8"
2.91638895433266e-06,0.816430571499347,0.306,0.134,0.0596838999504179,"4","GEMIN2"
3.86019882725464e-10,0.816373205921965,0.38,0.141,7.89989689997661e-06,"4","HIST1H3A"
4.75676165123673e-10,0.816205434442245,0.636,0.318,9.73471271925597e-06,"4","GPANK1"
3.17295079099722e-11,0.81450970587783,0.529,0.211,6.49344379377581e-07,"4","CNP"
1.17947873690127e-11,0.814010495560342,0.545,0.225,2.41380323506846e-07,"4","LRRC40"
8.00259931654779e-08,0.813716259989305,0.372,0.159,0.0016377319501315,"4","MSANTD3"
1.12976072941251e-09,0.813401345937351,0.471,0.197,2.3120553327427e-05,"4","ADCK2"
1.13803855228412e-10,0.811576197400721,0.43,0.163,2.32899589724944e-06,"4","TXNDC16"
6.81188438989011e-12,0.811528882263408,0.653,0.299,1.39405214039101e-07,"4","INSIG1"
3.04766434311432e-10,0.811048540051541,0.645,0.328,6.23704507818346e-06,"4","LRRC59"
1.57231783148859e-10,0.810319425636741,0.579,0.265,3.2177484421414e-06,"4","MLH1"
2.05773620365335e-10,0.808484059166601,0.479,0.199,4.21115714077658e-06,"4","JPT2"
5.21522824925569e-11,0.808095638672754,0.587,0.27,1.06729646121018e-06,"4","SLF2"
5.26689802882174e-13,0.80764174035183,0.62,0.261,1.07787068159837e-08,"4","AHI1"
1.04920095278516e-07,0.80735916684576,0.628,0.338,0.00214718974987482,"4","SLC1A5"
2.50821141634106e-10,0.807214982900506,0.653,0.337,5.13305466354197e-06,"4","TLNRD1"
1.73194791841524e-14,0.806947503438082,0.934,0.659,3.5444314150368e-10,"4","SNRPC"
0,0.805246013756572,1,0.981,0,"4","H3F3A"
9.31825039351963e-09,0.804665068694744,0.347,0.133,0.000190697994303379,"4","FAM122C"
3.05134473244095e-09,0.804648639688924,0.554,0.261,6.24457699494041e-05,"4","UQCC3"
5.29971622142966e-11,0.803862498488019,0.653,0.303,1.08458692471558e-06,"4","GON7"
6.66133814775094e-16,0.802417484576693,0.934,0.625,1.36324285193723e-11,"4","FAF1"
7.12439862660119e-09,0.80197866857097,0.562,0.272,0.000145800817893393,"4","ATL3"
4.80928926238633e-07,0.801958375031453,0.273,0.108,0.00984221047547362,"4","BCL7A"
3.80784292985936e-12,0.801788886441866,0.554,0.221,7.79275055595718e-08,"4","FOXRED1"
8.15907919005099e-09,0.801606073925887,0.298,0.104,0.000166975555624393,"4","PROSER3"
9.9163453004536e-09,0.800955847403587,0.57,0.29,0.000202938006573783,"4","HPF1"
2.17659223977762e-11,0.799960690180912,0.777,0.404,4.4543960187049e-07,"4","NELFE"
0,0.79980596820601,0.983,0.826,0,"4","LBR"
0,0.799078601888668,0.959,0.683,0,"4","SF3A2"
9.7871780235792e-08,0.797027468474923,0.273,0.099,0.00200294598252548,"4","LLGL1"
2.25375273998907e-12,0.796690122697773,0.917,0.553,4.61230498238763e-08,"4","AKR7A2"
2.69863686952476e-09,0.796479194655705,0.529,0.253,5.52276035348243e-05,"4","PPP2R5D"
1.99969572012293e-08,0.795634959107537,0.298,0.107,0.000409237729123157,"4","KHK"
7.42299555156478e-11,0.795255033714361,0.529,0.221,1.51911603962773e-06,"4","PPM1D"
4.77577777324711e-08,0.795033076751261,0.314,0.12,0.000977362921295022,"4","ERLIN1"
2.20492513136605e-11,0.794719504633589,0.496,0.197,4.51237928134063e-07,"4","ITPRID2"
2.77822209682199e-12,0.794055754687411,0.793,0.405,5.68563152114621e-08,"4","TIMM10"
7.9246831319324e-11,0.792763501948878,0.661,0.303,1.62178640294997e-06,"4","MAPK9"
9.7630792339487e-12,0.791638775940492,0.86,0.541,1.9980141652276e-07,"4","IER3IP1"
0,0.789919118074107,1,0.978,0,"4","CFL1"
0,0.788277604653153,0.992,0.878,0,"4","GNG5"
4.29922764055846e-12,0.788215124177757,0.661,0.31,8.79836936640288e-08,"4","CEP135"
4.67191396680278e-10,0.787971118013022,0.496,0.214,9.56107193306188e-06,"4","HPGD"
4.69069227904129e-12,0.787246688644682,0.86,0.561,9.59950174905799e-08,"4","DDB2"
4.8877563330052e-08,0.787027822280468,0.364,0.15,0.00100027933354951,"4","CCDC77"
1.26770602637549e-06,0.786905221418901,0.256,0.1,0.0259436038297745,"4","SGCB"
4.29467572615749e-11,0.786785679147968,0.579,0.252,8.78905387358131e-07,"4","SLC25A40"
4.19764611514495e-07,0.786702189109803,0.388,0.178,0.00859048277464414,"4","XRCC4"
1.50065093684759e-09,0.786659362163703,0.38,0.144,3.0710821422586e-05,"4","LRRC57"
4.38920504386431e-08,0.785855528789456,0.289,0.106,0.000898250812226831,"4","KMT5C"
1.32616893022686e-07,0.78569903355159,0.347,0.144,0.00271400471570926,"4","MDM1"
2.65307997793229e-10,0.784772286858158,0.628,0.304,5.42952817483844e-06,"4","ORC3"
0,0.782713970248513,1,0.899,0,"4","TXN"
1.46549439250521e-13,0.781380067796129,0.901,0.564,2.99913427426191e-09,"4","TPGS2"
0,0.780928945054176,1,0.978,0,"4","PPIA"
5.98085687308902e-06,0.780254717845197,0.38,0.191,0.122398235907767,"4","ALCAM"
1.02383024946917e-07,0.779461517677668,0.471,0.226,0.00209526860553866,"4","PERP"
1.57651669496772e-14,0.778660244857251,0.926,0.646,3.22634141625144e-10,"4","LSM5"
1.07348033795418e-07,0.778393634983774,0.595,0.334,0.00219687751162323,"4","CXXC1"
2.9277970714503e-08,0.777265318165447,0.496,0.23,0.000599173670672304,"4","CDC23"
0,0.776901903259677,0.992,0.903,0,"4","PTGES3"
1.35456090788466e-11,0.776177401826968,0.752,0.353,2.77210889798596e-07,"4","HTRA2"
8.1605495694248e-09,0.774719735797111,0.471,0.21,0.000167005646938279,"4","CDK16"
0,0.773595532992907,1,0.839,0,"4","UQCRQ"
2.29569696585941e-11,0.773098500973006,0.901,0.569,4.69814384063127e-07,"4","SCLT1"
2.21486260443271e-08,0.772720585406769,0.57,0.309,0.000453271631997154,"4","CDCA7L"
1.02964231807334e-07,0.770716565477509,0.314,0.127,0.0021071630039371,"4","ARHGAP21"
1.63331570490755e-11,0.77055202391104,0.769,0.41,3.34258059009329e-07,"4","CGAS"
7.8159700933611e-14,0.767991013129317,0.926,0.621,1.59953827960635e-09,"4","VPS29"
0,0.767647373540612,0.992,0.923,0,"4","HNRNPF"
8.7344895760566e-09,0.766571529513369,0.43,0.177,0.000178751329173998,"4","TIMM21"
1.87666548967513e-10,0.766032143799096,0.752,0.389,3.84059592462016e-06,"4","POLE4"
1.13242748511766e-14,0.765251718978799,0.926,0.596,2.31751284829329e-10,"4","RECQL"
1.25210952717225e-12,0.765076297448804,0.686,0.307,2.56244214735801e-08,"4","TDP1"
1.44766874932145e-07,0.764915208187536,0.413,0.184,0.00296265409548635,"4","DVL2"
1.52833573618949e-06,0.763521201284729,0.496,0.266,0.0312773908411179,"4","MARCKSL1"
1.04982689208555e-12,0.763141849965043,0.818,0.427,2.14847073465307e-08,"4","GUSB"
6.81877900898797e-05,0.762335547949875,0.347,0.182,1,"4","IFI30"
2.42561526420104e-12,0.756661834080329,0.661,0.295,4.96402163818743e-08,"4","PHTF1"
1.26951116286023e-10,0.756300974532052,0.719,0.381,2.59805459479345e-06,"4","GSS"
8.58586535201766e-11,0.755887971152679,0.488,0.195,1.75709734429041e-06,"4","MBNL3"
1.20583098839333e-07,0.754939116612863,0.793,0.536,0.00246773311774695,"4","ITM2C"
2.88441800444517e-07,0.753344682747533,0.388,0.174,0.00590296144609703,"4","TELO2"
1.49462664467137e-10,0.752890694765913,0.504,0.213,3.05875342831996e-06,"4","ST3GAL3"
2.33146835171283e-14,0.752049320759557,0.942,0.647,4.7713499817803e-10,"4","XPO1"
0,0.751337409413523,0.983,0.915,0,"4","HNRNPD"
3.1596947280832e-13,0.750748173389662,0.843,0.443,6.46631526102226e-09,"4","PANK2"
1.6488366227918e-11,0.750583718202171,0.818,0.466,3.37434414854343e-07,"4","PPIH"
1.72823898081376e-07,0.749784295375191,0.298,0.114,0.00353684107423535,"4","FAAP100"
2.79248866252857e-08,0.748615836684861,0.364,0.147,0.000571482804786472,"4","ZNF100"
1.32146709130865e-08,0.748497054361046,0.62,0.323,0.000270438240236315,"4","RBM14"
9.8631991463094e-11,0.746472341113618,0.727,0.375,2.01850370529222e-06,"4","DESI2"
6.66133814775094e-16,0.745379601697813,0.95,0.646,1.36324285193723e-11,"4","STAG1"
6.72795152922845e-13,0.745268782325406,0.86,0.506,1.3768752804566e-08,"4","MTHFD2"
2.43291869361784e-06,0.744406895332154,0.264,0.106,0.049789681064889,"4","GSTZ1"
0,0.743860316160109,1,0.795,0,"4","YWHAQ"
1.18671739102183e-11,0.74382145108899,0.669,0.316,2.42861714072617e-07,"4","IPO9"
7.69743979667226e-09,0.743470806941289,0.421,0.173,0.000157528105438898,"4","RAD51D"
3.77475828372553e-15,0.743456122458751,0.95,0.68,7.7250428276443e-11,"4","PIN1"
0,0.743308165559132,0.983,0.848,0,"4","ERH"
4.08930779904892e-07,0.743040357982406,0.38,0.17,0.00836876841075362,"4","CMPK2"
3.25646176690952e-11,0.741616280800117,0.76,0.373,6.66434900598034e-07,"4","NABP2"
1.58321868948263e-08,0.740804148196265,0.76,0.482,0.000324005704802621,"4","MRPS16"
6.92812474056836e-11,0.739841812402056,0.612,0.292,1.41784072815732e-06,"4","TUBGCP3"
6.62249876064447e-05,0.739750704727769,0.322,0.164,1,"4","CENPV"
0,0.739325672715467,1,0.937,0,"4","SLC25A5"
6.30606677987089e-14,0.738068883814373,0.95,0.704,1.29053656650058e-09,"4","TOMM5"
1.07632572892147e-05,0.737005783967864,0.347,0.163,0.220270060423778,"4","ALDH3A2"
1.2679734904264e-06,0.736406525600195,0.289,0.119,0.0259490774815763,"4","NEK4"
1.13460643103025e-08,0.735402957871595,0.463,0.2,0.000232197206110341,"4","FBXO45"
9.06390518196076e-11,0.734817877431295,0.95,0.621,1.85492819548827e-06,"4","TXNDC17"
1.49561119044961e-09,0.732860461286399,0.736,0.381,3.06076830125512e-05,"4","POLR3K"
5.73474601139878e-11,0.732799275859723,0.463,0.176,1.17361577123276e-06,"4","POT1"
1.17827969603468e-11,0.732601297022752,0.876,0.562,2.41134939793497e-07,"4","HINT2"
1.37667655053519e-14,0.732211686410632,0.802,0.398,2.81736856067027e-10,"4","WWOX"
7.24087456660527e-13,0.731858124037982,0.942,0.621,1.48184498005577e-08,"4","GSTO1"
1.08169420087734e-08,0.731533059711517,0.876,0.651,0.000221368718209547,"4","CDC25B"
2.66453525910038e-15,0.72883131442004,0.942,0.756,5.45297140774892e-11,"4","NONO"
5.48598722005522e-10,0.726385617954372,0.785,0.434,1.1227072845843e-05,"4","MRPL27"
1.1139311695274e-11,0.725997500554863,0.901,0.621,2.27966013843783e-07,"4","TMEM14C"
3.91038312841374e-11,0.725833652669377,0.868,0.546,8.00259907229872e-07,"4","MRPL11"
2.16089048512558e-05,0.725642293115829,0.479,0.268,0.442226237780949,"4","TEX14"
1.45430334441699e-11,0.725561309185797,0.793,0.426,2.97623179434936e-07,"4","SEPTIN11"
5.60509416658306e-11,0.725362370491701,0.653,0.296,1.14708252119122e-06,"4","PAF1"
1.29967947515297e-09,0.723624424240911,0.711,0.363,2.65979404590055e-05,"4","RABIF"
3.93269250742456e-05,0.723615838437784,0.281,0.131,0.804825521644437,"4","CIDEB"
7.95650905160983e-08,0.723596336771289,0.587,0.294,0.00162829957741195,"4","TCOF1"
0,0.722890850191968,0.959,0.823,0,"4","CKLF"
3.2470470756607e-11,0.722835735899643,0.876,0.566,6.64508184033963e-07,"4","CYCS"
8.26683166366138e-11,0.722292047209882,0.711,0.336,1.6918070999683e-06,"4","DCAF15"
2.16195750191162e-09,0.721995736314293,0.512,0.226,4.42444602766212e-05,"4","CENPB"
1.76283073027861e-06,0.721525153879622,0.306,0.131,0.0360763308951517,"4","HILPDA"
3.78282882795844e-08,0.719897703736734,0.628,0.346,0.000774155919641695,"4","CCDC28B"
7.01638747102606e-12,0.719288136574526,0.727,0.37,1.43590369594548e-07,"4","CTDSPL2"
1.14885878588211e-12,0.719269877028892,0.926,0.71,2.35113950530774e-08,"4","PRDX3"
1.46672078926713e-08,0.719177102734766,0.57,0.275,0.000300164409523518,"4","HAUS2"
7.01437130601335e-09,0.718973236797684,0.421,0.179,0.000143549108777563,"4","TTL"
0,0.717851617861394,1,0.919,0,"4","HMGN1"
6.57904155598743e-08,0.71691810300696,0.372,0.152,0.00134640085443283,"4","NEMP2"
1.49522363579457e-06,0.716643683421525,0.256,0.101,0.030599751706536,"4","CHROMR"
7.46394033814823e-05,0.715665555269236,0.264,0.127,1,"4","DGCR8"
0,0.714435986314671,1,0.963,0,"4","CHCHD2"
2.34088304296165e-11,0.714222115741453,0.86,0.583,4.79061714742102e-07,"4","RAB8A"
1.27537980176839e-11,0.71408277180061,0.777,0.418,2.61006476431902e-07,"4","CEP192"
1.19680265697752e-10,0.714061612448287,0.529,0.223,2.4492566375045e-06,"4","RAD9A"
0,0.71327518552493,1,0.749,0,"4","TRA2B"
2.31721253296513e-08,0.713127628401536,0.446,0.197,0.000474217544871314,"4","MPP1"
8.84559092639847e-12,0.712966421696942,0.893,0.574,1.81025018308745e-07,"4","TACC1"
3.6243445777906e-06,0.712540862317842,0.314,0.139,0.0741722117844845,"4","TST"
2.13253259495616e-09,0.711534674344354,0.752,0.399,4.36422795557778e-05,"4","MPDU1"
0,0.711200681164966,1,0.927,0,"4","MZT2B"
6.94058881078874e-06,0.710958407476757,0.273,0.116,0.142039150012792,"4","C15orf41"
3.21301207861779e-10,0.710009407589989,0.595,0.267,6.57542921889132e-06,"4","BAG2"
7.34257099566094e-12,0.709058224507224,0.893,0.577,1.50265715426201e-07,"4","RTN3"
1.5933278030289e-08,0.708138915782559,0.645,0.345,0.000326074534889864,"4","PRPS1"
9.10635282735939e-08,0.707827121668292,0.529,0.251,0.0018636151061191,"4","TOR2A"
5.47240193160548e-08,0.706683000653182,0.43,0.194,0.00111992705530306,"4","LIMK2"
7.105427357601e-15,0.704578443033439,0.967,0.736,1.45412570873305e-10,"4","ILF2"
3.8205993924123e-10,0.70420166578802,0.752,0.416,7.81885665657178e-06,"4","PIGX"
1.94569915734633e-10,0.704065949220085,0.537,0.227,3.98187332550926e-06,"4","PRKD3"
2.04473072251687e-07,0.702891193106102,0.339,0.141,0.00418454142363078,"4","PDSS1"
1.18154768413703e-07,0.701719402688439,0.289,0.11,0.00241803733558643,"4","ARNTL2"
0,0.701448895957724,1,0.931,0,"4","GSTP1"
0,0.700767586675955,0.975,0.768,0,"4","AP2S1"
1.42326528340675e-09,0.700710510680161,0.628,0.303,2.91271240249191e-05,"4","MRE11"
1.72108993723441e-11,0.700696472808375,0.504,0.194,3.52221055655022e-07,"4","ING2"
2.66453525910038e-15,0.699934870970608,0.934,0.78,5.45297140774892e-11,"4","IFI16"
1.02037145399692e-08,0.698286641172909,0.694,0.37,0.000208819018060469,"4","PMVK"
2.37435680006115e-08,0.697254517951826,0.455,0.201,0.000485912119132514,"4","NCKIPSD"
7.91165986058218e-08,0.696425607679826,0.397,0.168,0.00161912119046814,"4","ZFYVE19"
1.7146748021446e-08,0.696172278489602,0.388,0.161,0.000350908198258892,"4","CDKN2B-AS1"
2.06452188677986e-10,0.69547008323345,0.81,0.45,4.22504404129498e-06,"4","ADIPOR1"
2.02697858497913e-11,0.695154677122206,0.926,0.683,4.1482116741598e-07,"4","DCTN3"
2.49490916814921e-09,0.694972046903722,0.612,0.287,5.10583161261735e-05,"4","AAAS"
5.2170188169498e-09,0.694549462303438,0.752,0.406,0.000106766290088878,"4","ANAPC15"
6.49247365869243e-07,0.694541066961551,0.372,0.167,0.0132868473425141,"4","GPR180"
2.25650830421031e-06,0.694227248578533,0.388,0.186,0.0461794424456641,"4","SLC4A2"
5.17998807958442e-06,0.692944180998897,0.256,0.106,0.106008456048695,"4","C4orf33"
3.5527136788005e-14,0.691637720741034,0.967,0.72,7.27062854366523e-10,"4","NAA38"
6.64288402063562e-09,0.689904731858843,0.446,0.187,0.000135946621482308,"4","STX11"
6.2841065684438e-11,0.689854249006451,0.884,0.534,1.28604240923202e-06,"4","ATP2A3"
0,0.689620775595323,0.992,0.887,0,"4","SF3B2"
6.22990301568649e-08,0.689277819003425,0.388,0.164,0.00127494965216024,"4","AL138724.1"
2.1788859605465e-10,0.688476455657574,0.851,0.522,4.4590901182584e-06,"4","CYB5B"
2.22044604925031e-16,0.688291994343696,0.967,0.748,4.54414283979077e-12,"4","MRPL57"
9.7271616827932e-07,0.688290774349298,0.471,0.232,0.0199066363838363,"4","BLVRA"
3.16233483843575e-10,0.687387667521315,0.744,0.394,6.47171824685877e-06,"4","PCNT"
5.50047785097263e-10,0.686198117786079,0.645,0.297,1.12567279220155e-05,"4","PMM1"
7.60048398151802e-06,0.685096006334594,0.256,0.109,0.155543904681766,"4","HSPA1B"
2.02704519836061e-12,0.684753709588637,0.909,0.616,4.14834799844499e-08,"4","MPC2"
5.75359055954294e-07,0.683530325267231,0.364,0.158,0.0117747230801046,"4","CRAT"
0,0.683342166695733,1,0.895,0,"4","PA2G4"
6.50878179353498e-07,0.682912844397746,0.355,0.155,0.0133202219404693,"4","SRD5A3"
3.96391021295628e-06,0.682572990094036,0.413,0.203,0.0811214225081502,"4","ZNF672"
5.91666138305413e-09,0.682274540729802,0.669,0.349,0.000121084475204203,"4","EED"
2.27496466109756e-10,0.680260489628791,0.95,0.765,4.65571517893615e-06,"4","NKG7"
4.42502557929103e-07,0.679720190232044,0.372,0.16,0.0090558148480191,"4","MPND"
0.000108923371432201,0.678774573172295,0.264,0.127,1,"4","ZBTB32"
1.03019726083176e-09,0.678147759267009,0.909,0.618,2.10829869429219e-05,"4","TMUB1"
0.000234924157982208,0.677159032235547,0.579,0.388,1,"4","CD70"
7.62479412941275e-10,0.676766555613748,0.769,0.427,1.56041411858432e-05,"4","POLE3"
3.83997278419201e-11,0.676179713556609,0.603,0.262,7.85850430284896e-07,"4","SPIN1"
2.62664967554116e-08,0.675468461927302,0.628,0.323,0.000537543856099498,"4","EEF1AKMT2"
1.66737505136183e-07,0.674904368182172,0.562,0.288,0.00341228304261199,"4","SLC10A3"
2.22730670351723e-07,0.674887751447547,0.388,0.171,0.00455818316874801,"4","TOE1"
2.46082132449033e-09,0.674141496009461,0.488,0.207,5.03607084056945e-05,"4","ING1"
1.26565424807268e-14,0.673936591277799,0.992,0.714,2.59016141868074e-10,"4","ILF3"
5.86503837718411e-07,0.673912038946577,0.909,0.68,0.0120028010389073,"4","NUCB2"
9.75696190508302e-10,0.67377410280108,0.835,0.523,1.99676225387524e-05,"4","PSMD14"
7.15544068441432e-10,0.673348661230134,0.678,0.336,1.46436093606539e-05,"4","ARMC1"
4.54176030117992e-10,0.673074521697814,0.686,0.35,9.29471245636471e-06,"4","EXOC6"
1.11022302462516e-15,0.673056020791173,0.992,0.803,2.27207141989538e-11,"4","RBM17"
4.78761908673242e-06,0.672681339641467,0.298,0.129,0.097978624609979,"4","SEPTIN8"
2.51372811455042e-09,0.672663144268589,0.785,0.465,5.14434458642743e-05,"4","NOP56"
4.29564046577902e-06,0.672334123252882,0.289,0.126,0.0879102821321676,"4","NNT-AS1"
2.46847402296524e-07,0.671933770741888,0.388,0.173,0.00505173208799836,"4","CAMK1"
2.25555274457889e-08,0.671086909977078,0.851,0.584,0.00046159886917807,"4","TXNRD1"
1.11760356524826e-09,0.670488967751851,0.769,0.44,2.28717569628056e-05,"4","NUP50"
7.67244769939168e-07,0.670430243393151,0.521,0.265,0.0157016642168051,"4","GBA"
8.43769498715119e-15,0.670429555015621,0.975,0.751,1.72677427912049e-10,"4","VDAC3"
9.2148511043888e-14,0.670216157700026,0.95,0.779,1.88581927851317e-09,"4","NDUFA6"
3.68594044175552e-14,0.668561670614371,0.942,0.634,7.54327711405267e-10,"4","PBRM1"
1.54602886048849e-09,0.668184163353614,0.711,0.364,3.1639480629897e-05,"4","TMEM14A"
8.06214495163715e-09,0.667119019267286,0.488,0.211,0.000164991796435254,"4","ISOC1"
0,0.66593590920552,0.983,0.881,0,"4","PRDX2"
3.51670805074367e-05,0.665634161237838,0.355,0.18,0.719694302584691,"4","DUSP14"
4.28349355985347e-10,0.664877690060824,0.537,0.225,8.76616957024012e-06,"4","PDXP"
6.01525853571871e-08,0.663298954069579,0.587,0.294,0.00123102265933484,"4","AP1B1"
5.75598577317038e-05,0.661762298580423,0.38,0.199,1,"4","THEM6"
1.87425763797933e-09,0.660713514189638,0.893,0.648,3.83566825612469e-05,"4","RAB5IF"
1.19157572697759e-10,0.659836731823728,0.893,0.512,2.43855972525964e-06,"4","SNX10"
1.71006311333599e-08,0.659732815334762,0.529,0.243,0.000349964416144211,"4","JADE1"
2.68843198814039e-08,0.659456883708599,0.777,0.448,0.000550187606372932,"4","MAPRE1"
1.11022302462516e-15,0.658591103466272,0.95,0.825,2.27207141989538e-11,"4","EZR"
8.25994628250726e-09,0.658139105394872,0.777,0.444,0.000169039800671511,"4","TMEM18"
2.76145839528397e-09,0.65489226281015,0.942,0.697,5.65132460594864e-05,"4","SNRPE"
1.10363629346466e-09,0.654249678825633,0.926,0.644,2.25859167457543e-05,"4","PSMD2"
2.36376695994522e-10,0.652569186770575,0.868,0.555,4.8374490835279e-06,"4","CISD2"
1.10370890205047e-09,0.652550210911987,0.736,0.391,2.25874026804629e-05,"4","CRYBG1"
2.78665979180914e-13,0.652422343886576,0.983,0.832,5.70289926393741e-09,"4","MT2A"
3.6917644496981e-09,0.651133632143539,0.702,0.366,7.55519594630716e-05,"4","UBAC1"
7.7715611723761e-15,0.650924176935693,0.983,0.855,1.59044999392677e-10,"4","C12orf75"
5.01124697294131e-09,0.649941390614605,0.868,0.567,0.000102555169301244,"4","ADGRE5"
1.43643482219957e-07,0.649910907905189,0.562,0.284,0.00293966386363143,"4","ARL3"
1.07300834883972e-10,0.64982672834761,0.81,0.442,2.19591158590049e-06,"4","TPRKB"
1.41984181301069e-07,0.649632323263499,0.488,0.234,0.00290570627032638,"4","MYO19"
1.35569274564151e-05,0.64961119286157,0.355,0.172,0.277442520395536,"4","SREBF1"
3.12581427408531e-08,0.649253114144926,0.793,0.48,0.00063969789119156,"4","AHCY"
9.30591044223661e-08,0.649249281541924,0.545,0.266,0.00190445457200372,"4","DPP3"
1.39989786429595e-08,0.649243295304057,0.785,0.48,0.000286489097928166,"4","LINC00342"
5.07371922253697e-12,0.648392794606196,0.835,0.425,1.03833663889219e-07,"4","NUP58"
3.69950070577829e-10,0.648383240146964,0.686,0.333,7.57102819437527e-06,"4","UBAP2"
7.32410675885475e-07,0.64674678158587,0.661,0.381,0.0149887844819963,"4","NFYC"
3.99174027165827e-11,0.646092172542546,0.826,0.469,8.16909646594866e-07,"4","ARPP19"
2.9758275332803e-06,0.645746089675752,0.364,0.168,0.0609003104685812,"4","FZR1"
7.61006813121412e-11,0.645702203208398,0.901,0.594,1.55740044305297e-06,"4","PFKL"
8.53943609158136e-07,0.64553339380098,0.388,0.175,0.0174759559614213,"4","CCDC117"
6.74865074934416e-09,0.645389022407474,0.537,0.245,0.000138111137585328,"4","RBM15"
4.26219282090301e-10,0.644794241297786,0.868,0.508,8.72257760797801e-06,"4","SLC25A11"
1.61041251445226e-08,0.644311625539938,0.595,0.296,0.000329570921082656,"4","HSDL2"
6.97216691469826e-06,0.643324720370993,0.413,0.21,0.1426853959093,"4","GOT1"
1.953176971492e-06,0.643028135197934,0.372,0.169,0.0399717667215838,"4","HEBP1"
4.02351618689067e-09,0.642917025634847,0.785,0.514,8.23412587647177e-05,"4","NFATC2IP"
9.4427625785265e-06,0.641185180678975,0.273,0.118,0.193246136169545,"4","ABHD11"
2.33786734147312e-05,0.641152789326052,0.322,0.152,0.478444551432474,"4","DHRS4L2"
2.22887470258115e-07,0.640839173010965,0.529,0.268,0.00456139207883233,"4","BRD8"
0,0.640314919695085,1,0.926,0,"4","NAP1L1"
2.03386196773181e-11,0.639095605194922,0.893,0.519,4.16229851696315e-07,"4","HEBP2"
1.64170341860892e-05,0.637446123893915,0.273,0.12,0.335974604618315,"4","CLP1"
0,0.637215018428941,0.992,0.839,0,"4","RAC1"
8.45231656665391e-07,0.637077798851831,0.455,0.214,0.0172976658536572,"4","MMAB"
2.45252929076401e-10,0.636975154357859,0.868,0.537,5.01910119354854e-06,"4","SNRNP40"
4.87590745557043e-09,0.636070978235702,0.752,0.403,9.97854460782488e-05,"4","PITHD1"
2.01594296811436e-11,0.635986389567236,0.983,0.814,4.12562728424604e-07,"4","SNRPF"
6.02810178282898e-05,0.635983331688851,0.314,0.154,1,"4","KIF1C"
1.10823255083936e-06,0.634068610097562,0.347,0.151,0.0226799791529275,"4","TCP11L1"
7.24199885171473e-07,0.633439302706067,0.347,0.149,0.0148207506500342,"4","RBM12"
2.36628505234648e-07,0.633087655150662,0.595,0.318,0.00484260235962708,"4","GABPB1"
0.000101117557518737,0.6330609153575,0.711,0.517,1,"4","GZMB"
4.87543339033891e-12,0.632611531782075,0.926,0.689,9.97757443332858e-08,"4","PSMB2"
5.34218434378175e-07,0.632463427839823,0.719,0.432,0.0109327802595494,"4","ZNF511"
8.59665253138964e-06,0.631013484770033,0.273,0.118,0.175930494054889,"4","TCAF1"
2.19505253973296e-08,0.630727786274892,0.62,0.316,0.000449217502256349,"4","LNPK"
6.58201311232176e-08,0.630685501489205,0.413,0.18,0.00134700898343665,"4","ACER3"
4.57674120823981e-10,0.628828779734699,0.909,0.687,9.36630088266277e-06,"4","NDUFB6"
2.37392551971638e-06,0.628453081615362,0.306,0.133,0.0485823857609957,"4","EAF2"
3.07092129503417e-11,0.627641759344653,0.926,0.689,6.28464043028742e-07,"4","UQCRC1"
9.86699610905362e-12,0.626462428305758,0.975,0.786,2.01928075371782e-07,"4","ANXA2"
0,0.626347325972779,1,0.888,0,"4","CSNK2B"
2.39024430026546e-07,0.626308818202041,0.479,0.232,0.00489163496049327,"4","PGRMC1"
1.52348311743822e-09,0.626094993197067,0.587,0.27,3.11780819983731e-05,"4","ALMS1"
0,0.626020963385371,1,0.991,0,"4","VIM"
1.12709175326131e-10,0.625737690752535,0.397,0.145,2.30659327304927e-06,"4","TENT4A"
7.32621481258633e-08,0.62562108111122,0.587,0.299,0.00149930986139579,"4","USP37"
7.01017022208816e-12,0.625391396913797,0.942,0.624,1.43463133595034e-07,"4","CNTRL"
5.9386207063028e-10,0.625230961772103,0.901,0.615,1.21533872754487e-05,"4","TCP1"
1.37815926515295e-06,0.625224104235316,0.488,0.246,0.028204029361355,"4","FHOD1"
9.16886788715487e-10,0.625140796604449,0.802,0.423,1.87640881310625e-05,"4","C22orf39"
3.93359840256124e-08,0.624770502755506,0.628,0.319,0.000805010913084159,"4","PATL1"
4.18584968908675e-08,0.624706627489916,0.752,0.436,0.000856634138871604,"4","BCAP29"
2.11589384235822e-06,0.624608395365836,0.413,0.197,0.0433017674838609,"4","LAPTM4B"
3.19102966273022e-10,0.624183138974971,0.884,0.527,6.53044220477739e-06,"4","ZFP91"
1.35180755478359e-12,0.623254536190193,0.967,0.786,2.76647416086462e-08,"4","PPM1G"
8.62754312436209e-12,0.623234370417665,0.992,0.751,1.7656267004007e-07,"4","NDUFS6"
5.77877989904607e-09,0.622829331769474,0.612,0.313,0.000118262730633978,"4","SLF1"
1.96442219313475e-06,0.621247379973598,0.405,0.192,0.0402019001825027,"4","POC5"
1.03022783637385e-08,0.619834922217679,0.603,0.29,0.000210836126713909,"4","CRTAP"
1.65205787068246e-05,0.619605250265802,0.355,0.173,0.338093643235164,"4","NFYA"
9.33253474499907e-12,0.61939527370491,0.967,0.705,1.90990323556406e-07,"4","RBMX"
0.00034148086055863,0.619255823316728,0.289,0.151,1,"4","SCD"
2.20731833477927e-07,0.618661698550034,0.438,0.2,0.00451727697212578,"4","CCDC138"
6.76266409094239e-07,0.616030764025394,0.636,0.365,0.0138397920621136,"4","MGAT4B"
6.81676937119846e-14,0.615572237130738,0.992,0.813,1.39505185181577e-09,"4","TAF15"
0,0.615188473019233,1,0.99,0,"4","PFN1"
7.49577129255385e-08,0.614139660791582,0.612,0.297,0.00153400959502115,"4","CSTF1"
2.61693466896418e-08,0.612825584260311,0.826,0.476,0.000535555680003519,"4","KLHDC3"
1.49823238038138e-07,0.612144263727123,0.405,0.175,0.0030661325664505,"4","OSBPL11"
4.06816690139422e-05,0.610805178410658,0.413,0.224,0.832550356370327,"4","JMJD8"
4.40871059881331e-07,0.610557059023462,0.612,0.34,0.00902242624047145,"4","TAF6"
1.90270095679068e-07,0.610156033752603,0.372,0.157,0.00389387750807213,"4","WDYHV1"
1.05123110216709e-09,0.609845908142505,0.719,0.359,2.15134445058496e-05,"4","ITPK1"
1.65090396908596e-08,0.609505155289868,0.917,0.693,0.000337857497273442,"4","HLA-DRA"
2.25981722223878e-09,0.609128109207438,0.851,0.544,4.62471594531166e-05,"4","FKBP3"
3.83554341842895e-07,0.609087009672032,0.595,0.316,0.00784943960581486,"4","TOR3A"
1.48740851635409e-07,0.608448668734954,0.628,0.334,0.00304398152871865,"4","CCDC14"
5.75495897603417e-07,0.608263765640788,0.529,0.259,0.0117775235444539,"4","CANT1"
1.14949854612689e-06,0.605420155581574,0.504,0.257,0.0235244877464869,"4","METRN"
2.5083462196207e-07,0.605017301301813,0.471,0.218,0.00513333053845377,"4","ATP23"
1.04891573204924e-08,0.60396645945584,0.901,0.624,0.000214660604563877,"4","DCK"
1.67645897164448e-11,0.603227581582607,0.975,0.692,3.43087328547043e-07,"4","PNRC2"
5.40226086087614e-10,0.603161348964333,0.826,0.508,1.1055726851783e-05,"4","ABHD3"
4.64076663764246e-08,0.601414206656129,0.38,0.154,0.000949732892393529,"4","ASB16-AS1"
6.23078606487582e-08,0.601312963445254,0.711,0.405,0.00127513036817684,"4","DENND10"
0.000150913329721725,0.601197863341117,0.339,0.176,1,"4","SMIM30"
9.30957436118263e-06,0.600166059513488,0.471,0.245,0.190520439301602,"4","SNX15"
1.44204110874568e-07,0.600140924128626,0.438,0.195,0.00295113712904804,"4","PPP2R1B"
0.000278490830661893,0.599911771587283,0.289,0.15,1,"4","AP5S1"
3.31492011929058e-06,0.599415815102642,0.438,0.218,0.0678398402412816,"4","BOLA1"
6.76660472098689e-08,0.598131328862593,0.81,0.508,0.00138478565614997,"4","MRPL18"
1.35202939954837e-08,0.597980703261233,0.793,0.465,0.000276692816617574,"4","RIF1"
5.58089574553833e-10,0.597453724522495,0.917,0.651,1.14213031432442e-05,"4","TMEM238"
2.18823256847855e-07,0.597438883605634,0.719,0.391,0.00447821795139136,"4","MRPS11"
0.000226655391369457,0.597421522929492,0.256,0.126,1,"4","KIF27"
5.93805295827643e-05,0.597109957089939,0.372,0.193,1,"4","GNA15"
1.99148113333436e-07,0.596473788401275,0.719,0.425,0.00407556613936877,"4","NSL1"
2.97746107102981e-07,0.596061112169479,0.678,0.357,0.0060933740818625,"4","TRAPPC4"
3.59842732278182e-07,0.595629410712091,0.512,0.251,0.00736418151607299,"4","TBC1D7"
1.01126911600247e-06,0.595499411824437,0.372,0.166,0.0206956224589905,"4","TCEANC2"
1.1327538906869e-10,0.593866378338885,0.959,0.75,2.31818083729074e-06,"4","RBBP4"
1.63272300131023e-05,0.593790049063921,0.314,0.146,0.334136762218139,"4","CETN3"
2.52566329184134e-07,0.593789757602623,0.669,0.363,0.0051687699267533,"4","EXOSC9"
3.88578058618805e-14,0.593405922704906,1,0.875,7.95224996963384e-10,"4","SRRM1"
2.17637463606479e-10,0.593374448885154,0.835,0.495,4.4539506927066e-06,"4","PDS5B"
5.56419577080192e-09,0.592620891511323,0.711,0.357,0.000113871266449461,"4","HACD3"
7.0740815629744e-06,0.592550459736835,0.545,0.299,0.144771079186271,"4","TMEM222"
5.65012050923741e-07,0.592536711453791,0.471,0.226,0.0115629716221544,"4","TRAF2"
1.61802837794767e-09,0.591201778237235,0.884,0.608,3.3112950754699e-05,"4","PCMT1"
8.88178419700125e-16,0.591027200308482,1,0.908,1.81765713591631e-11,"4","XRCC5"
8.8712635015753e-09,0.590771182479671,0.802,0.449,0.000181550407559739,"4","UCHL5"
9.21515290075448e-07,0.589442163551446,0.579,0.309,0.018858810411394,"4","ERAL1"
6.56347842742377e-09,0.589370433833935,0.884,0.561,0.000134321586017228,"4","PNKD"
6.38454527690513e-07,0.589148325319227,0.463,0.221,0.0130659719091863,"4","AMDHD2"
2.96778086705807e-06,0.58801091392858,0.769,0.497,0.0607356354443433,"4","ELAVL1"
2.44249065417534e-15,0.587512283170992,0.983,0.879,4.99855712376984e-11,"4","DBI"
3.60866736492937e-09,0.587385398597977,0.893,0.64,7.38513776232796e-05,"4","RFC1"
2.20812526041669e-08,0.587311682302366,0.322,0.119,0.000451892834544276,"4","SWAP70"
2.54941177058043e-08,0.586789060275888,0.851,0.541,0.000521737118849286,"4","CYB5R3"
3.79916862192076e-07,0.586559709473825,0.306,0.122,0.00777499858476083,"4","DEPDC5"
1.82459590902795e-06,0.586176786824083,0.587,0.326,0.037340355278257,"4","MRPL39"
4.20226486941289e-07,0.585190259389122,0.744,0.461,0.00859993505525347,"4","VBP1"
1.66189755290702e-08,0.583781988397895,0.959,0.687,0.000340107334202422,"4","IMPDH2"
1.71144427518755e-08,0.583666862696423,0.893,0.598,0.000350247070917131,"4","AKR1B1"
5.13685394221142e-08,0.583364569394346,0.496,0.23,0.00105125715927357,"4","CEBPG"
9.44751485354445e-06,0.583206219567233,0.413,0.208,0.193343391477787,"4","LDLR"
4.66712283184734e-05,0.581618579918811,0.446,0.251,0.955126687537557,"4","UNG"
1.2137311156124e-09,0.580334757295336,0.802,0.424,2.48390072810079e-05,"4","RCC2"
2.58623878355291e-05,0.579819824001353,0.57,0.327,0.529273767054103,"4","BRIX1"
1.3303437906842e-08,0.57980302032462,0.876,0.583,0.000272254856763521,"4","TMX1"
1.33226762955019e-15,0.579712872613877,1,0.922,2.72648570387446e-11,"4","NDUFA4"
8.9551077664396e-10,0.579579167380838,0.967,0.747,1.83266280440186e-05,"4","KPNB1"
1.37903244379345e-10,0.579448214536674,0.86,0.516,2.82218989622329e-06,"4","SMC6"
1.64955544001977e-06,0.579262347741005,0.628,0.342,0.0337581520800045,"4","CHMP1A"
2.03333808856954e-06,0.579116703469761,0.554,0.311,0.0416122639825756,"4","TRIM24"
2.24354561595419e-08,0.578917408751282,0.587,0.275,0.000459141610305025,"4","NAGK"
6.21724893790088e-15,0.578783384745105,0.992,0.88,1.27235999514141e-10,"4","TALDO1"
1.35114846111506e-06,0.577852004047025,0.554,0.284,0.0276512532567197,"4","FAM110A"
1.25965941391026e-05,0.577221584137743,0.306,0.139,0.257789299056735,"4","PEA15"
0,0.57649756864256,1,0.949,0,"4","PPDPF"
3.85887718223898e-07,0.576374129232927,0.43,0.2,0.00789719215345208,"4","LRP8"
7.53739901604433e-08,0.575959036416124,0.496,0.223,0.00154252870863347,"4","GUCD1"
3.18565505086355e-08,0.575490341677201,0.62,0.308,0.000651944306159224,"4","SEC22C"
0.000469996627571634,0.575304638243183,0.306,0.163,1,"4","SRGAP2"
6.15437532047736e-08,0.575169933700445,0.851,0.577,0.00125949290933569,"4","ENY2"
1.06936681731895e-12,0.574807960128783,0.942,0.833,2.18845919164323e-08,"4","UBE2I"
1.11292841609156e-08,0.574616123846593,0.942,0.705,0.000227760800353138,"4","ENSA"
5.37218309837328e-08,0.574208779458079,0.727,0.409,0.00109941727108209,"4","AP1S2"
1.21512513384658e-08,0.574180318720576,0.893,0.614,0.000248675358641703,"4","LAGE3"
1.8281167690759e-09,0.574171142841491,0.893,0.599,3.74124096791384e-05,"4","SMC5"
1.31186061822497e-05,0.573966497491794,0.281,0.125,0.26847227551974,"4","SVIL"
1.03228054992854e-07,0.573371150597726,0.967,0.867,0.00211256214542876,"4","RPS27L"
1.00339448372289e-06,0.572002668841126,0.314,0.13,0.0205344681093889,"4","INPP5F"
3.26627613844721e-13,0.571624401336069,0.975,0.782,6.68443411733222e-09,"4","THRAP3"
4.91472712749186e-07,0.57083508890067,0.521,0.258,0.0100579890664121,"4","C1orf174"
8.54765664559665e-06,0.570713330293884,0.446,0.227,0.174927793252135,"4","SHC1"
7.18989356718325e-07,0.56921407746689,0.835,0.551,0.0147141171852405,"4","POLR2I"
9.86766224286839e-13,0.568663168146592,1,0.903,2.01941707800302e-08,"4","CCND3"
4.78515871371599e-09,0.568662016461821,0.636,0.299,9.79282730761977e-05,"4","HAUS6"
1.74875148877263e-05,0.567546900938915,0.397,0.2,0.357881992177318,"4","ZNF714"
6.63706534176356e-09,0.566991938356105,0.777,0.425,0.000135827542219191,"4","SLC25A24"
3.11730239399566e-08,0.566965743626199,0.43,0.184,0.000637955934931211,"4","ACAP3"
0.000371530295036226,0.566799533270255,0.256,0.125,1,"4","NAT14"
3.82870620074804e-06,0.566206148305671,0.636,0.363,0.0783544723983087,"4","FGD5-AS1"
2.69924850049286e-06,0.565905406861199,0.471,0.237,0.0552401205625863,"4","PRPF4"
1.26201767924883e-07,0.563141446162756,0.818,0.513,0.00258271918058273,"4","THOC3"
2.27839969113575e-11,0.562156067561126,0.967,0.755,4.6627449679093e-07,"4","PSMG2"
1.06763307972102e-07,0.562057069701451,0.81,0.512,0.00218491109764907,"4","SDF2L1"
3.30032451500983e-06,0.561868533672489,0.579,0.32,0.0675411411996762,"4","UBL4A"
2.00086488955087e-06,0.561568065074424,0.388,0.179,0.0409476999646585,"4","TOP3A"
4.51571078308177e-08,0.560182052231326,0.843,0.472,0.000924140211757685,"4","MTA2"
4.9988580852478e-07,0.559448748340119,0.579,0.295,0.0102301630714596,"4","TCF3"
3.09957215449685e-08,0.559420946298338,0.562,0.262,0.000634327441417781,"4","MFSD14B"
4.7677403358648e-08,0.559146519544699,0.43,0.184,0.000975718059734731,"4","CD83"
1.37157658430809e-05,0.559040306717532,0.579,0.313,0.28069314797865,"4","TOR1A"
1.4652648649971e-08,0.558793497396448,0.322,0.119,0.000299866454621656,"4","DOT1L"
0.000398865705456553,0.558571033855531,0.38,0.215,1,"4","RAB3IP"
1.84719131282041e-05,0.558489073294196,0.504,0.28,0.378027702168696,"4","AARS"
4.12643698499693e-05,0.558431974889748,0.355,0.176,0.844475328979621,"4","TTLL12"
1.19716767110756e-05,0.558365446796704,0.38,0.188,0.245000363892162,"4","POLR1E"
6.11506745240575e-08,0.558071963579281,0.388,0.16,0.00125144855413484,"4","ALG9"
1.35071553741817e-06,0.557341167555279,0.38,0.171,0.0276423934732628,"4","DMTN"
2.67715969837212e-07,0.557022654284232,0.372,0.16,0.00547880732271855,"4","SPICE1"
4.95161651681286e-08,0.556916774249832,0.562,0.257,0.00101334832016575,"4","MED25"
3.30503728607212e-07,0.556149214950073,0.893,0.659,0.0067637588059466,"4","DCXR"
2.09462447386954e-10,0.556127764083393,0.992,0.916,4.28664898577402e-06,"4","H1FX"
0.000438351626307565,0.556110453627026,0.264,0.133,1,"4","GLYCTK"
3.36066544370794e-07,0.555431388311721,0.884,0.716,0.00687760183054831,"4","HMGN3"
3.87067253537765e-06,0.555352376066653,0.736,0.443,0.0792133134365036,"4","TRIM59"
1.654879905999e-06,0.555066577271785,0.62,0.342,0.0338671172762695,"4","APIP"
1.71745247179445e-06,0.554967949517506,0.653,0.366,0.0351476648352733,"4","ELP6"
3.30190106763162e-05,0.554809770377712,0.413,0.222,0.675734053490811,"4","SLC36A4"
2.3828202921905e-07,0.554570168268374,0.612,0.306,0.00487644172796786,"4","CYB561A3"
2.19579813811599e-05,0.554309893794796,0.314,0.147,0.449370088965437,"4","DUSP28"
2.44629205781166e-09,0.553875327266735,0.917,0.666,5.00633669631156e-05,"4","RABL6"
4.62997236301277e-05,0.553337057638291,0.306,0.146,0.947523844090563,"4","RFXAP"
0,0.553039293456988,1,0.999,0,"4","ACTB"
3.35169011878023e-07,0.552965490009603,0.612,0.32,0.00685923382808373,"4","PRPS2"
4.23816537420407e-12,0.552194605928999,0.967,0.919,8.67340543830863e-08,"4","HP1BP3"
4.40912561507911e-05,0.552187135585,0.281,0.13,0.90232755712594,"4","PM20D2"
6.22123512705741e-08,0.552024062219241,0.645,0.326,0.0012731757687523,"4","UBXN2A"
7.32549952564554e-06,0.551644270806738,0.777,0.486,0.149916347792336,"4","MANF"
3.29359009842989e-07,0.551053308243328,0.769,0.452,0.00674033213643677,"4","NUMA1"
1.00992218365903e-07,0.550745970490127,0.893,0.603,0.0020668057488582,"4","GLRX5"
1.01614272551842e-11,0.550674943203893,0.967,0.844,2.07953608777345e-07,"4","PSMB3"
0.000114626581277033,0.550160059221575,0.273,0.13,1,"4","PUSL1"
0.000140905231733601,0.549228610913213,0.397,0.219,1,"4","APEX2"
0.000614406994666084,0.548871347488397,0.364,0.211,1,"4","BLVRB"
6.07935916496771e-07,0.548282062154775,0.537,0.256,0.0124414085311064,"4","MRM2"
1.21624903286488e-05,0.548084200715051,0.521,0.29,0.248905364575798,"4","TNF"
0.000146994667521883,0.547027874297694,0.289,0.141,1,"4","SLC5A6"
7.14204295704235e-08,0.547017108756539,0.893,0.607,0.00146161909115872,"4","AP1M1"
1.814555618318e-05,0.546948371710696,0.331,0.154,0.371348807288779,"4","FAM20B"
6.77996547793214e-10,0.54689205912581,0.934,0.596,1.38751993505881e-05,"4","DCP2"
1.0968313137738e-06,0.546300075305691,0.785,0.482,0.0224466528363809,"4","PMF1"
6.85470646621944e-05,0.54527412893564,0.322,0.156,1,"4","OGFRL1"
2.05128078745176e-07,0.545093759375191,0.711,0.379,0.00419794613152003,"4","NXT1"
6.90102723166497e-06,0.544830751037611,0.471,0.24,0.141229522296024,"4","PCGF6"
7.43090873500662e-07,0.544609870162382,0.901,0.614,0.0152073547261911,"4","CTDSP1"
9.881059326311e-08,0.54439604008105,0.661,0.336,0.00202215879112955,"4","RBM10"
8.0892301874691e-06,0.542803301254674,0.289,0.126,0.165546095786555,"4","NFE2L1"
3.74288805726763e-07,0.542789571472989,0.793,0.486,0.00765982040919821,"4","PGD"
4.85659121141069e-07,0.542598392773208,0.587,0.31,0.00993901391415197,"4","LRRC58"
4.66641908460907e-05,0.542387820693805,0.669,0.432,0.954982665665247,"4","HSPH1"
2.02937409874426e-05,0.542149666764107,0.306,0.138,0.415311409308013,"4","EIF1AD"
1.73230222670906e-05,0.541564989673524,0.446,0.241,0.354515650696009,"4","PGAP2"
6.49689397835829e-08,0.541534434121832,0.479,0.224,0.00132958935267102,"4","LIN52"
1.28478213432537e-05,0.541471480910951,0.446,0.231,0.262930663789687,"4","ABCB10"
5.92639071150813e-09,0.541416913771454,0.942,0.7,0.000121283585911014,"4","ELOC"
3.27954949863596e-08,0.541307289342228,0.851,0.523,0.000671159804895849,"4","WBP11"
3.76639200272422e-07,0.540583101180312,0.736,0.425,0.00770792123357511,"4","CSRP1"
5.65666675100829e-06,0.539709919201239,0.579,0.323,0.115763685059385,"4","DHX8"
2.67785793539588e-13,0.539311583697635,1,0.897,5.48023626478766e-09,"4","FUS"
3.19778983657315e-05,0.538127863192569,0.306,0.142,0.654427690054695,"4","COQ2"
0,0.537945044220137,0.992,0.949,0,"4","SUMO2"
5.07368804925079e-06,0.537790683510943,0.694,0.433,0.103833025927917,"4","MRPL12"
2.80641840877394e-08,0.53769649017631,0.893,0.634,0.000574333527355586,"4","VKORC1"
2.40168214682424e-05,0.537518169426617,0.397,0.201,0.49150425134758,"4","PANK4"
1.99833343206279e-08,0.537494886088384,0.909,0.625,0.000408958936871651,"4","DHX9"
2.60181334210685e-05,0.536873918227017,0.322,0.154,0.532461100462167,"4","ATAD3A"
1.81899384443795e-10,0.536551595012353,1,0.978,3.72257090264227e-06,"4","TPI1"
1.86367374999108e-06,0.536489358895928,0.512,0.267,0.0381400832935674,"4","WBP4"
1.2851117003887e-06,0.535482560937972,1,0.909,0.0262998109484547,"4","UBALD2"
8.95553238966507e-06,0.535393061940627,0.595,0.348,0.183274970354496,"4","RPP30"
4.15504686213097e-06,0.535131931827634,0.645,0.376,0.0850330340335104,"4","CMAS"
8.60399948141577e-05,0.535095813478742,0.405,0.219,1,"4","HSD17B12"
1.86517468137026e-14,0.533498292249059,0.992,0.932,3.81707998542424e-10,"4","PSMB9"
3.93391377633279e-05,0.533360186979518,0.636,0.383,0.805075454326505,"4","DCTPP1"
2.1952926143598e-08,0.533299858084052,0.843,0.497,0.000449266633528733,"4","GMCL1"
6.48964137983654e-08,0.532531286928099,0.711,0.399,0.00132810510838355,"4","MTF2"
8.89924289815269e-09,0.531812535229694,0.521,0.235,0.000182123005910695,"4","KATNAL1"
2.81911122224088e-07,0.531563051880444,0.463,0.21,0.00576931111631596,"4","ARMCX6"
1.27054096576984e-07,0.531301889282535,0.57,0.292,0.00260016208644798,"4","ARHGAP10"
3.03141116142491e-06,0.531227438064711,0.719,0.439,0.0620378294185608,"4","USP39"
2.11140371852991e-08,0.531197975240046,0.901,0.6,0.000432098770997147,"4","SRSF1"
2.98269954779329e-06,0.530588619394157,0.57,0.299,0.0610409462455896,"4","BCKDK"
3.80989571002743e-08,0.53053387484397,0.793,0.454,0.000779695157057114,"4","KEAP1"
4.81097497195826e-06,0.529642035955344,0.306,0.131,0.0984566028011258,"4","AC139530.1"
3.7573721911599e-11,0.529612207320808,0.95,0.779,7.68946218920874e-07,"4","TECR"
3.42456507596012e-10,0.529544774094343,0.917,0.649,7.00837242795238e-06,"4","RPA1"
6.94042571922626e-05,0.529316266887393,0.281,0.13,1,"4","PIP4K2C"
1.65772853222279e-08,0.529244006088428,0.86,0.577,0.000339254144119394,"4","PSMD1"
7.26147186824733e-09,0.52779200248835,0.612,0.282,0.000148606021783682,"4","KBTBD2"
6.00297589414822e-12,0.527581670474863,0.983,0.891,1.22850901673743e-07,"4","SLC9A3R1"
4.44089209850063e-16,0.527534652065284,1,0.952,9.08828567958153e-12,"4","YBX1"
4.95597649585733e-08,0.526599473999477,0.893,0.651,0.0010142405898772,"4","SF3B4"
5.26892116003985e-06,0.526392761370084,0.587,0.323,0.107828471540216,"4","TERF1"
0.000237429330822048,0.526306868675617,0.273,0.134,1,"4","TCFL5"
8.31559784497671e-06,0.52607073468844,0.38,0.185,0.170178709897448,"4","CCNG2"
2.34863476700209e-05,0.526022155292937,0.347,0.169,0.480648105066978,"4","TMED8"
2.9737043716338e-08,0.525856693640131,0.926,0.658,0.000608568599654857,"4","GPS2"
1.6165636682608e-06,0.525841169629797,0.612,0.334,0.0330829754709572,"4","TIMM50"
3.78534678024955e-06,0.525454649436538,0.579,0.31,0.0774671218578071,"4","RBMX2"
2.83672029421922e-07,0.524981711410257,0.793,0.466,0.00580534808211963,"4","ATPAF1"
4.03087295319793e-07,0.52479579310764,0.793,0.466,0.00824918149871956,"4","ELP5"
5.11246844858704e-09,0.524227364084155,0.959,0.768,0.000104626666800334,"4","NDUFB1"
2.07159005949364e-07,0.524203443061009,0.843,0.552,0.00423950905675374,"4","CBFB"
6.91713412481754e-06,0.523573553165847,0.603,0.351,0.141559149864391,"4","GOT2"
9.5349454898308e-06,0.523539685551798,0.76,0.585,0.195132659449387,"4","PPP1R35"
0.00367644297321834,0.523362781711097,0.273,0.159,1,"4","HDAC6"
7.70494779089859e-14,0.523326852379059,0.992,0.878,1.5768175654074e-09,"4","RBX1"
1.11022302462516e-15,0.522894017345272,1,0.979,2.27207141989538e-11,"4","CALM1"
1.52279066290006e-06,0.522309523080187,0.463,0.224,0.0311639109162498,"4","GK"
4.12382263053068e-05,0.522309097266957,0.463,0.251,0.843940301338104,"4","PARVB"
1.45759279674973e-05,0.521779025411961,0.364,0.175,0.298296365854832,"4","CD59"
1.25356185654013e-07,0.52163461170324,0.909,0.657,0.00256541433940938,"4","MBD2"
2.19051962666583e-05,0.521613646247197,0.529,0.291,0.448289841597163,"4","MVB12A"
3.80126459198493e-08,0.520766897617228,0.917,0.679,0.000777928798749716,"4","ARPC5L"
1.88070573337029e-07,0.519455430894967,0.711,0.37,0.0038488642833423,"4","MMD"
1.62261260931995e-05,0.519295277008765,0.306,0.139,0.332067670497328,"4","ARSB"
6.40346430680339e-06,0.519083547160131,0.529,0.292,0.131046897038731,"4","HRAS"
2.15908155642985e-06,0.519016587730629,0.512,0.267,0.044185604052337,"4","KATNA1"
0,0.518971204274733,1,0.981,0,"4","GNAS"
2.11871992861212e-06,0.517622033817033,0.306,0.129,0.0433596033390471,"4","CEP89"
1.015857095088e-05,0.517311785361079,0.777,0.522,0.20789515450976,"4","ARL2"
3.44210140390544e-08,0.517290728485349,0.959,0.748,0.000704426052309248,"4","NDUFS7"
1.28266456804749e-05,0.516999300525139,0.364,0.177,0.262497303850918,"4","TRAF3IP2-AS1"
8.47853349306149e-07,0.516779390411265,0.868,0.581,0.0173513187935503,"4","ITGB1BP1"
8.87158415618927e-08,0.514364232963989,0.595,0.293,0.00181556969756413,"4","PI4K2B"
1.29784849534076e-10,0.513395358255204,0.983,0.806,2.65604694571486e-06,"4","ARHGDIA"
1.48668690447273e-06,0.51283364832133,0.744,0.446,0.0304250475000345,"4","AFG3L2"
3.23233018129088e-09,0.512479208476657,0.983,0.775,6.61496371601178e-05,"4","RNPS1"
3.70956814665924e-06,0.512470081905203,0.587,0.34,0.0759163121213813,"4","NUP93"
3.97199340218535e-06,0.512211915943403,0.529,0.277,0.0812868449757231,"4","TMEM242"
1.26542600842328e-08,0.511832867669887,0.942,0.775,0.000258969432623823,"4","LSM2"
7.50361156320878e-07,0.510611149439001,0.777,0.452,0.0153561410641068,"4","CAMTA1"
2.78600970404774e-06,0.510441243294852,0.421,0.206,0.057015688593337,"4","C2CD3"
9.7062212578436e-06,0.509883806472768,0.471,0.242,0.198637818041769,"4","CYSTM1"
3.72084523192484e-08,0.50980783966749,0.769,0.396,0.000761470976713419,"4","PPIF"
1.92062685089311e-07,0.509619862601411,0.876,0.618,0.00393056285035276,"4","EMD"
2.03551929529588e-05,0.508628855821544,0.645,0.404,0.416569023782303,"4","TAF1B"
2.01639953845145e-06,0.508403331491789,0.843,0.556,0.041265616554409,"4","SRPK1"
2.46680272382171e-05,0.506735796122476,0.438,0.221,0.504831177430114,"4","ABHD2"
2.6076926125107e-06,0.505122913754599,0.868,0.628,0.0533664293150315,"4","BUD31"
0.00110217746588148,0.505050474117746,0.331,0.194,1,"4","DOCK3"
3.20616446725097e-08,0.504492912295711,0.901,0.61,0.000656141558222911,"4","CIAO2A"
0.000224742115753962,0.503783281228015,0.405,0.234,1,"4","SLC27A2"
2.58692627288504e-05,0.503437847631381,0.397,0.2,0.529414461745923,"4","MANEA"
0.00112308809673722,0.503409359309615,0.76,0.593,1,"4","ITM2A"
0.000111501390916313,0.502486312742925,0.421,0.234,1,"4","MAP3K13"
2.02883276090304e-06,0.501979524693977,0.529,0.267,0.0415200624518808,"4","NIT1"
1.54680457109535e-07,0.501935051259088,0.636,0.32,0.00316553555474663,"4","CASP2"
5.21939176256758e-06,0.501781924451341,0.372,0.176,0.106814852420946,"4","PRIMPOL"
6.34781200914425e-06,0.501716555603219,0.769,0.498,0.129907972767137,"4","SLC2A4RG"
0.000871215379871559,0.50159873822931,0.256,0.133,1,"4","IPPK"
1.18466597642808e-07,0.500990920996193,0.992,0.91,0.00242441892076006,"4","PGAM1"
1.77878423412992e-06,0.500409983953982,0.405,0.194,0.0364028193514687,"4","PALM2-AKAP2"
1.50298596104381e-05,0.500164716308269,0.322,0.149,0.307586076927616,"4","PSPH"
0.00015205486665093,0.500096224720729,0.537,0.332,1,"4","PDXK"
6.19598130404686e-05,0.499383722453573,0.512,0.303,1,"4","NTMT1"
8.86231574792617e-08,0.498894543104044,0.967,0.775,0.00181367291781309,"4","PDCD5"
1.31399213643135e-06,0.498509262782697,0.909,0.651,0.0268908490720676,"4","NDUFAF3"
0,0.498436035998249,1,0.974,0,"4","TPM3"
1.0710356579402e-07,0.49806647785635,0.471,0.211,0.00219187447397462,"4","TTLL5"
8.51355341779936e-09,0.497674629556012,0.884,0.515,0.000174229870695264,"4","DHX15"
2.59748115039038e-06,0.496626315794687,0.711,0.451,0.0531574517427391,"4","NBL1"
9.72055635983793e-07,0.496438526657108,0.901,0.597,0.0198931185904083,"4","CDKN1B"
1.36835343278463e-07,0.496165546936385,0.909,0.641,0.00280033530019375,"4","SLC25A39"
1.68753899743024e-14,0.495948683407726,1,0.92,3.45354855824098e-10,"4","COX5A"
5.73666391789907e-06,0.495550199161278,0.521,0.276,0.117400827079804,"4","RNF8"
1.84297022087776e-14,0.494757428227817,0.992,0.927,3.77163855702634e-10,"4","COX6A1"
1.74294558008548e-06,0.494621030640245,0.579,0.305,0.0356693812964493,"4","PDZD11"
2.05016581489303e-09,0.494320073032174,0.983,0.873,4.1956643401786e-05,"4","HNRNPL"
4.13817790281268e-05,0.493101832306042,0.388,0.199,0.846878107810615,"4","RCE1"
1.92764967892334e-05,0.49277593048444,0.471,0.249,0.394493506791661,"4","GLE1"
5.87962760478788e-07,0.492550263224427,0.785,0.479,0.0120326578931984,"4","SRRT"
4.32884111363219e-05,0.492448158626288,0.529,0.29,0.885897333904827,"4","ELK1"
6.36815674859292e-05,0.492350987988866,0.331,0.161,1,"4","AAMDC"
6.09240258242494e-07,0.49205558940695,0.603,0.303,0.0124681018849326,"4","TMEM189"
7.11828022403882e-05,0.490962720708752,0.256,0.115,1,"4","RBMXL1"
0.00023429044262846,0.49057591852089,0.314,0.162,1,"4","PDIK1L"
5.98738323476233e-06,0.490491181060355,0.95,0.755,0.122531797899411,"4","CCT6A"
4.49287697621426e-05,0.490042306276615,0.496,0.276,0.919467273182247,"4","ACOT13"
2.69850617984346e-06,0.48882998952953,0.727,0.426,0.0552249289704965,"4","COPS8"
1.18446139274475e-06,0.488659457606014,0.835,0.55,0.0242400024025213,"4","EFHD2"
3.68728174882094e-07,0.487919904639454,0.727,0.412,0.00754602209896205,"4","PHF6"
1.59611330983189e-05,0.48701911172226,0.587,0.333,0.326644588857097,"4","EBNA1BP2"
1.46457105862918e-05,0.485891921989478,0.777,0.5,0.299724467148462,"4","CDC5L"
7.86409087922824e-05,0.485704378287933,0.678,0.443,1,"4","MRPL22"
1.00639276912062e-08,0.485394260815304,0.901,0.605,0.000205958280200536,"4","FUBP1"
6.6945911101346e-06,0.484246746737781,0.579,0.31,0.137004807068904,"4","ALDH16A1"
1.31314803475391e-09,0.483642648285143,0.992,0.78,2.68735745312387e-05,"4","DNAJC8"
3.63327880226194e-07,0.483358868169714,0.901,0.675,0.00743550506882906,"4","CYC1"
1.13784779376402e-08,0.482154872361043,0.983,0.843,0.000232860550993808,"4","ROMO1"
0.000178728499353742,0.482125867688678,0.289,0.142,1,"4","SETD1A"
2.08755182096176e-06,0.481508432779053,0.711,0.406,0.0427217480159825,"4","ALG5"
9.10382880192628e-15,0.481138738847407,0.983,0.945,1.86309856431421e-10,"4","PPP1CA"
6.1221814671164e-06,0.480026996226237,0.727,0.462,0.125290443724537,"4","TESC"
7.55655525830345e-05,0.479155346661661,0.694,0.452,1,"4","PRRC2A"
5.72297100709385e-06,0.47908380343759,0.76,0.464,0.117120601660176,"4","POP5"
8.96432123116409e-05,0.477824335162188,0.521,0.302,1,"4","SIMC1"
6.11482279624376e-05,0.477377056320391,0.694,0.445,1,"4","PRPF19"
0.000137420511457043,0.477239585888266,0.405,0.224,1,"4","C17orf75"
0.000516133688012621,0.476430056435221,0.826,0.644,1,"4","HLA-DRB1"
2.33437758456745e-07,0.47516029393078,0.95,0.705,0.00477730372681728,"4","NUTF2"
1.61216413716581e-05,0.474771150902025,0.694,0.454,0.329929390670982,"4","FAM192A"
3.75412234632222e-09,0.474375724122,0.983,0.845,7.68281138174842e-05,"4","XRCC6"
1.08899573181276e-06,0.474326799741706,0.769,0.453,0.0222862976515481,"4","NUP98"
5.07387465376041e-11,0.473199568056293,0.992,0.913,1.03836844789207e-06,"4","SFPQ"
9.49694209007035e-06,0.472515703200134,0.595,0.333,0.19435491987329,"4","SNAP29"
4.04558132400812e-05,0.472428382918084,0.562,0.324,0.827928217958261,"4","PELP1"
3.51109027341145e-06,0.472197873763699,0.488,0.243,0.0718544624453654,"4","NUP188"
4.07433826790093e-05,0.472092260855374,0.545,0.306,0.833813326525926,"4","THAP7"
2.94994058913645e-06,0.471908644715844,0.554,0.3,0.0603705341566774,"4","NDUFAF6"
1.50769441376042e-09,0.471850983244458,0.992,0.885,3.0854966177607e-05,"4","TPR"
1.32411352318229e-05,0.471554606245045,0.413,0.207,0.270979832519256,"4","ZNF787"
2.7214426268074e-08,0.470716044048015,0.967,0.792,0.000556943233576135,"4","RAD23A"
2.29020277631165e-07,0.470642946045839,0.686,0.36,0.00468689998172178,"4","LRRFIP2"
2.07072443791922e-05,0.470582435973544,0.57,0.321,0.423773756220169,"4","USP5"
2.94652207455393e-06,0.470579437804054,0.653,0.366,0.0603005742557461,"4","PIGC"
0.000197180429464039,0.470431810372575,0.306,0.152,1,"4","FBXO25"
1.17288806511517e-06,0.470216233731324,0.43,0.203,0.024003154252582,"4","PKNOX1"
1.49360439127832e-07,0.470017771064681,0.727,0.394,0.00305666138675109,"4","SREBF2"
1.50246909178531e-05,0.469137897294298,0.579,0.33,0.307480299633863,"4","HCFC1"
0.00200627879446613,0.468717506755833,0.479,0.291,1,"4","C16orf87"
2.68479170006941e-08,0.46864913114473,0.967,0.87,0.000549442621419205,"4","GNB2"
3.26625641378087e-06,0.468508557427982,0.777,0.527,0.0668439375080254,"4","STIP1"
1.0208896717101e-05,0.468315519978044,0.967,0.907,0.208925071315472,"4","CALR"
1.64757096854373e-13,0.468221714940533,1,0.95,3.37175398712475e-09,"4","SET"
3.44149250675052e-06,0.467855968187692,0.81,0.496,0.0704301441506494,"4","UPP1"
0.000166448451459189,0.467489810883507,0.273,0.131,1,"4","ZADH2"
3.9152463970904e-06,0.46731274848096,0.455,0.223,0.080125517516455,"4","MED14"
0.000338220001340872,0.467090201307935,0.298,0.155,1,"4","RCBTB1"
4.64465381888601e-06,0.466450841157194,0.835,0.553,0.0950528404035023,"4","NUP210"
2.9294823233883e-08,0.465372503670367,0.967,0.705,0.000599518557481415,"4","RB1"
6.16738858782995e-06,0.464522328859634,0.752,0.469,0.12621560744994,"4","HCFC1R1"
1.06327301683251e-05,0.464167673737449,0.826,0.583,0.217598822894773,"4","ESD"
5.71372673809911e-05,0.463984611671303,0.612,0.359,1,"4","RBM38"
2.97649292790858e-06,0.463847608497523,0.529,0.263,0.0609139277696491,"4","EDC4"
1.78959501577758e-05,0.463840984482341,0.752,0.493,0.366240619978881,"4","ACADM"
1.35632716169454e-08,0.462807825358158,0.992,0.789,0.000277572353640787,"4","RNF167"
1.67384840432661e-07,0.461998100837197,0.868,0.53,0.0034255307594544,"4","HDGFL3"
2.91345927383446e-08,0.461584827768097,0.504,0.23,0.000596239440390223,"4","SPATS2"
9.26576347892727e-06,0.461086143323782,0.636,0.363,0.189623849596247,"4","CWC25"
1.76240315672427e-05,0.461035644918096,0.702,0.401,0.360675806023621,"4","NELFB"
5.15542538259695e-06,0.460916061334548,0.793,0.508,0.105505780454846,"4","CXCR4"
1.73536894452209e-05,0.460876410531898,0.554,0.293,0.355143254496445,"4","AIFM1"
7.11203017722539e-06,0.460009378862464,0.413,0.205,0.145547697576918,"4","ITPR3"
6.43094807406541e-07,0.459967715262683,0.934,0.715,0.0131609352335749,"4","PSMC5"
0.000172188746806023,0.459056514804887,0.661,0.433,1,"4","DCPS"
5.38729759209655e-05,0.458741991781659,0.488,0.267,1,"4","QDPR"
0.00113075773446791,0.458702904860842,0.372,0.219,1,"4","RBFA"
7.50412876884266e-05,0.45829297998812,0.339,0.167,1,"4","GPATCH1"
3.85794916235582e-07,0.458002463819949,0.967,0.803,0.00789529296076119,"4","RBM8A"
1.53571116074946e-05,0.457859743013042,0.57,0.316,0.314283289047378,"4","ZCCHC8"
4.29052912043204e-06,0.457743992426493,0.446,0.221,0.0878056784496417,"4","AP3M2"
3.54343221431463e-11,0.456892655169959,1,0.894,7.2516340265949e-07,"4","KHDRBS1"
5.34084344150365e-06,0.45658210250695,0.612,0.35,0.109300361030372,"4","FAM76B"
5.63673312470314e-08,0.456369592390738,0.975,0.723,0.0011535574339705,"4","HNRNPUL1"
1.82136572490776e-09,0.456139602840389,0.983,0.884,3.72742495602374e-05,"4","POLR2L"
2.48471133224015e-07,0.455983875609182,0.967,0.745,0.00508496174142947,"4","RPN1"
0.000214875059601383,0.45547560040612,0.529,0.324,1,"4","DUSP23"
2.05427222266241e-05,0.454920019411276,0.529,0.287,0.420406810367863,"4","FAM122B"
3.89045359994178e-06,0.454536967486769,0.562,0.3,0.0796181329228085,"4","ZNF83"
6.72489304243129e-08,0.453651778916958,0.95,0.72,0.00137624936113356,"4","RNASEH2B"
6.26241425161211e-07,0.453538706377373,0.562,0.28,0.0128160307659242,"4","TMEM209"
1.49943848670731e-06,0.453234519625176,0.446,0.215,0.030686008630465,"4","PACSIN2"
1.35972228778591e-05,0.453220570038172,0.818,0.604,0.278267166195387,"4","SHMT2"
2.47388573582086e-06,0.453196076387308,0.86,0.566,0.0506280715835739,"4","GET3"
0.000624317893032744,0.452917338462079,0.554,0.358,1,"4","COMTD1"
1.44954013137077e-05,0.452503802776246,0.793,0.536,0.296648387885029,"4","WDR54"
9.61663016485481e-06,0.452248775743823,0.488,0.245,0.196804336323754,"4","TOPORS"
6.84005851885328e-05,0.452200803369269,0.554,0.318,1,"4","ZNF524"
0.00238090988259643,0.45199616063217,0.256,0.142,1,"4","CTNNA1"
5.52996010729778e-05,0.450478375946716,0.727,0.519,1,"4","MAT2A"
7.01224059085348e-06,0.450126687048855,0.835,0.572,0.143505503691816,"4","EMC6"
1.28798588763246e-05,0.449807440664784,0.645,0.364,0.263586311903983,"4","ISCA2"
1.15691185431643e-06,0.449801092481895,0.645,0.344,0.0236762010985858,"4","NCBP1"
7.51516032706512e-05,0.449710991715793,0.587,0.352,1,"4","EXOSC6"
4.55303350577196e-10,0.44958625448349,0.975,0.838,9.31778306956232e-06,"4","PSMA2"
1.6268263945074e-05,0.449537417887896,0.446,0.228,0.332930021635939,"4","AGA"
4.48634304728301e-06,0.448990471554262,0.694,0.4,0.0918130104626469,"4","AP2A1"
1.99775718257023e-06,0.448731324403791,0.926,0.66,0.0408841007412997,"4","IMMT"
9.38072947476165e-06,0.448710264391191,0.694,0.429,0.191976628700997,"4","MSH3"
0.000156204834370177,0.448518704540999,0.57,0.361,1,"4","MFAP1"
1.56660992800539e-06,0.448079986714038,0.917,0.666,0.0320606721766303,"4","HNRNPH3"
1.64865254781432e-09,0.447780187283392,1,0.955,3.37396743910201e-05,"4","JUND"
1.15078163887006e-07,0.447678128934224,0.851,0.575,0.00235507462394757,"4","ANKRD36C"
1.60505920738796e-05,0.447377574043165,0.612,0.343,0.328475366791946,"4","CHORDC1"
8.26882418536456e-07,0.447202825457221,0.926,0.789,0.0169221486953486,"4","HOPX"
1.56894930714024e-06,0.44671244405574,0.752,0.435,0.0321085475706251,"4","ASF1A"
0.000134131938011928,0.446697014888137,0.372,0.194,1,"4","METTL4"
6.89380498020142e-07,0.446549512038497,0.322,0.136,0.0141081718919822,"4","ZRANB3"
0.00101521269338511,0.446251011131698,0.256,0.131,1,"4","IRF2BP1"
2.13281314609404e-07,0.445973683763237,0.686,0.351,0.00436480210348145,"4","TNPO3"
6.88723484909559e-07,0.445871979769637,0.934,0.69,0.0140947261186741,"4","TMEM160"
2.22044604925031e-16,0.445629824053271,1,0.981,4.54414283979077e-12,"4","FTH1"
1.16782122361325e-05,0.445427988859314,0.653,0.392,0.238994613412452,"4","PCIF1"
6.9361027896786e-06,0.445024008260629,0.636,0.351,0.141947343590773,"4","ENOSF1"
7.69013038870447e-06,0.444648738886344,0.388,0.183,0.157378518404837,"4","PXMP4"
3.98258052314304e-07,0.444586699417471,0.628,0.325,0.00815035104061224,"4","C2CD5"
9.33986221696159e-12,0.444575344924384,0.992,0.937,1.91140280270119e-07,"4","PSMA7"
1.36821360308126e-06,0.444061968414034,0.603,0.316,0.028000491387058,"4","CDKN2AIP"
0.00047945400499172,0.443415464491383,0.256,0.126,1,"4","MACROD1"
8.92479051417538e-06,0.441801355032896,0.785,0.467,0.182645837872599,"4","BCL7B"
7.87899341432308e-05,0.441569610477719,0.793,0.496,1,"4","MRPL17"
6.40402930462969e-07,0.441068792724009,0.967,0.836,0.0131058459719247,"4","DYNLL1"
1.42994276108865e-06,0.441044859878146,0.901,0.707,0.0292637786056793,"4","MAGOH"
1.02087187703326e-06,0.441022008522694,0.587,0.297,0.0208921429634856,"4","POLR2D"
0.0010139069022328,0.440940563146204,0.264,0.137,1,"4","DDIT3"
7.90581069010088e-05,0.440902183188807,0.587,0.345,1,"4","TMEM203"
0.000167136760117703,0.439681456114727,0.438,0.243,1,"4","NXF1"
6.51662437882727e-05,0.439643551467091,0.331,0.162,1,"4","FBXO4"
6.06598261843061e-07,0.439228463945769,0.81,0.466,0.0124140334286182,"4","IDI1"
3.5728886427222e-06,0.439218897109411,0.562,0.296,0.0731191660733099,"4","STX2"
6.62670807116683e-10,0.438876575777607,0.826,0.427,1.35615580676429e-05,"4","PHTF2"
3.5493118073493e-06,0.438782639207515,0.876,0.645,0.0726366661374034,"4","NUDC"
5.60871793453543e-10,0.438639673386965,0.967,0.884,1.14782412530268e-05,"4","NDUFB2"
1.20602379203305e-05,0.438639160713241,0.463,0.233,0.246812769039564,"4","AGPAT2"
2.02618033462443e-09,0.438110300480374,0.983,0.891,4.14657805480889e-05,"4","ARF6"
3.14648930510586e-06,0.437304271096814,0.769,0.472,0.0643929036289914,"4","FBXL5"
1.43067536593211e-05,0.437193241228433,0.463,0.237,0.292787713638006,"4","ZBED1"
1.46788398214248e-06,0.437015971680509,0.934,0.708,0.0300402456945459,"4","SSNA1"
1.6926009427376e-06,0.43683488843776,0.835,0.571,0.034639078293125,"4","UFD1"
2.25753415961094e-10,0.435733929160556,0.992,0.912,4.62004365764379e-06,"4","ATP5MF"
5.46538398982221e-08,0.43525537476328,0.983,0.934,0.00111849083351712,"4","BAX"
9.25103500559743e-06,0.435163860617232,0.934,0.641,0.189322431389551,"4","PUF60"
0.000118196248057201,0.433994690621945,0.603,0.37,1,"4","GNL1"
0.000282131653750017,0.433822420137443,0.256,0.123,1,"4","HLA-F-AS1"
5.53712604656198e-08,0.433320585433964,0.603,0.29,0.00113317284542891,"4","STARD3NL"
1.36157954488958e-06,0.433097032145686,0.917,0.601,0.0278647253861652,"4","MESD"
8.94395544293047e-07,0.433030674144861,0.942,0.762,0.0183038048139572,"4","AURKAIP1"
1.95371474553951e-09,0.432985458120329,0.992,0.9,3.99827722674662e-05,"4","ATP5IF1"
5.23861530252745e-05,0.432836490863435,0.835,0.578,1,"4","PSMD11"
3.02136852343704e-05,0.432225481263305,0.397,0.199,0.61832306832139,"4","ATP13A2"
1.02043807848062e-07,0.432134274430988,0.975,0.837,0.0020883265276106,"4","PCBP2"
1.06994560227225e-05,0.431680075604048,0.653,0.37,0.218964367505016,"4","POLR2J"
7.0531469553714e-09,0.430934286312338,0.967,0.714,0.000144342652441676,"4","HNRNPM"
0.00198670208578022,0.430686469488348,0.306,0.175,1,"4","NR2C2AP"
9.43988748172142e-05,0.430032605812093,0.694,0.435,1,"4","MRPS26"
9.39782999198613e-07,0.429626317171051,0.545,0.269,0.0192326590785996,"4","CMSS1"
3.87145766145292e-05,0.429378702023521,0.537,0.298,0.792293810416339,"4","SIGMAR1"
1.3243600003543e-05,0.428895204702034,0.686,0.404,0.271030274072507,"4","RPL26L1"
5.76190263121834e-05,0.428870321236329,0.339,0.167,1,"4","DCAKD"
4.60854816302092e-05,0.42862662688646,0.421,0.212,0.943139381562231,"4","NKIRAS2"
0.000811787646074924,0.428347715476276,0.322,0.175,1,"4","AC092683.1"
2.97317638242589e-06,0.428137607119753,0.405,0.192,0.0608460546663459,"4","PPP4R1"
1.06498224705653e-06,0.427229023068487,0.926,0.715,0.021794861686012,"4","NDUFV1"
1.31237731224587e-05,0.427146982841995,0.562,0.298,0.268578016951118,"4","ASL"
5.35785649624643e-06,0.427115920470371,0.612,0.324,0.109648533195683,"4","SYNJ2"
9.52356593586501e-08,0.427015669634644,0.917,0.652,0.00194899776877477,"4","NIBAN1"
4.50427597886716e-06,0.426345127336278,0.661,0.357,0.0921800079075163,"4","RPS6KB2"
0.000201225797517468,0.424483721223293,0.397,0.22,1,"4","MEGF9"
2.88420398675271e-10,0.423833537072053,1,0.94,5.90252345888942e-06,"4","ARPC5"
4.49229609067459e-09,0.423640174216624,0.983,0.863,9.19348394956554e-05,"4","MORF4L1"
2.17432880547097e-05,0.423232223448185,0.57,0.317,0.444976390039634,"4","SNRNP27"
6.62189587181672e-05,0.422873284972808,0.43,0.226,1,"4","PLA2G12A"
0.00070329563756566,0.422705765802124,0.496,0.293,1,"4","TMEM70"
2.4860802665394e-06,0.422005867887687,0.901,0.618,0.0508776326547289,"4","FIBP"
0.000251772472514844,0.421681462299561,0.686,0.461,1,"4","IPO5"
0.00928475264856554,0.421492351667474,0.264,0.159,1,"4","ADO"
3.0200861944607e-07,0.421413802260124,0.446,0.204,0.00618060639696383,"4","ZNF143"
8.17136182051925e-07,0.421089278561324,0.38,0.163,0.0167226919656926,"4","SIAH1"
0.000422706961295871,0.420941046617812,0.322,0.174,1,"4","UCK2"
9.4013758646927e-06,0.420832159820101,0.868,0.672,0.192399157070936,"4","RER1"
8.56984899297863e-05,0.420813226423576,0.463,0.25,1,"4","ZNF598"
2.02596089682316e-07,0.420438755611033,0.992,0.869,0.00414612897534861,"4","ATP5PF"
0.00224643305643668,0.420182464521594,0.364,0.222,1,"4","LSR"
0.000110550218827443,0.420144352420822,0.744,0.494,1,"4","G6PD"
4.98931942567449e-05,0.419614404841073,0.57,0.315,1,"4","IKBKG"
1.24784491146723e-05,0.419324626547299,0.736,0.467,0.255371461131769,"4","PABPC4"
4.75691909251896e-05,0.419213686921903,0.545,0.301,0.973503492284006,"4","DNTTIP1"
1.57237815612277e-06,0.418920944898314,1,0.955,0.0321787189650524,"4","LDHA"
1.70437139523916e-05,0.418763270309958,0.413,0.207,0.348799606035693,"4","TUBGCP5"
3.30752694122083e-08,0.418634943920879,0.587,0.28,0.000676885388520843,"4","HS2ST1"
0.000266276968869716,0.41744333883442,0.355,0.186,1,"4","PPOX"
5.90400905875477e-06,0.41695939359467,0.967,0.72,0.120825545387416,"4","HNRNPUL2"
2.82461436462711e-07,0.416898730552794,0.926,0.62,0.00578057329720938,"4","SNRPA1"
2.48093371486569e-05,0.416176636129234,0.95,0.805,0.507723084747262,"4","SELENOW"
1.30556863089382e-05,0.41600384440616,0.86,0.538,0.26718462031242,"4","BABAM1"
0.000364051779293328,0.415260808347032,0.702,0.458,1,"4","BCL3"
0.000160586995889389,0.415087831970124,0.793,0.535,1,"4","HSBP1"
0.000475298450066663,0.415017133399335,0.612,0.376,1,"4","MARS"
2.19417795179755e-05,0.414703592248805,0.702,0.414,0.449038517835368,"4","PLAA"
6.65343107275618e-08,0.414531250164842,0.81,0.472,0.00136162466903955,"4","RSRC1"
4.65449445297139e-06,0.413988328045968,0.942,0.728,0.0952542289800595,"4","ACAA2"
1.3662025249106e-05,0.413910658489517,0.43,0.211,0.279593346722954,"4","MSRB1"
2.82912405267233e-05,0.413713364540084,0.488,0.261,0.578980237379392,"4","NUP88"
8.03823674289106e-11,0.413193599819049,0.983,0.922,1.64502514943266e-06,"4","NDUFB11"
4.59770966032558e-06,0.413014467402698,0.893,0.58,0.0940921281985629,"4","SNX5"
4.99713586665784e-06,0.41269770974999,0.917,0.712,0.102266385511153,"4","PSMA3"
7.82971484936112e-06,0.412304004230033,0.744,0.441,0.160235114392175,"4","SMARCD2"
1.26871722372357e-06,0.412052552561959,0.901,0.604,0.0259642979835029,"4","GNAI3"
4.76877459796299e-05,0.41162163321358,0.793,0.498,0.975929721473126,"4","PHF5A"
7.36761055155633e-05,0.411406238265278,0.264,0.121,1,"4","NIPA1"
0.000115551252833246,0.410673911920168,0.397,0.206,1,"4","MIS12"
0.000359817958179409,0.409419286837707,0.314,0.162,1,"4","NIFK-AS1"
3.42535583330861e-05,0.40932301296538,0.364,0.18,0.700999071286607,"4","BAP1"
3.96223842180632e-07,0.409153659441201,0.983,0.862,0.00810872093022663,"4","GPX4"
0.000223421261376755,0.408879850172608,0.364,0.191,1,"4","NAA40"
1.17520092768331e-07,0.408824000493706,0.983,0.733,0.00240504869850389,"4","YWHAE"
8.15790783126324e-06,0.408758359190083,0.636,0.351,0.166951583766802,"4","SYPL1"
0.000150945710010175,0.408202792969347,0.421,0.226,1,"4","ABCB8"
2.17659365686629e-06,0.407851690127526,0.843,0.477,0.0445439891877686,"4","PLEKHJ1"
1.91941240901272e-07,0.407313411376345,0.942,0.632,0.00392807749504454,"4","PHIP"
0.000889551735530958,0.406475460411179,0.95,0.824,1,"4","HSPD1"
6.61770490850699e-07,0.406456769719327,0.909,0.646,0.0135431330952596,"4","PTPN7"
5.66415929756925e-05,0.406232062274537,0.595,0.339,1,"4","SNHG1"
1.93128834835576e-06,0.405940646910826,0.95,0.772,0.0395238160491007,"4","PDIA6"
1.46903655928732e-06,0.405901726356991,0.702,0.416,0.030063833185815,"4","PHACTR2"
0.00590438170258856,0.404940483947453,0.256,0.15,1,"4","METTL2B"
3.81101281332619e-06,0.40464705069581,0.752,0.456,0.0779923772247204,"4","ANKRD36B"
0.000339508916866738,0.404386259773049,0.463,0.261,1,"4","AK6"
0.000144537258919941,0.404371179397896,0.273,0.129,1,"4","INO80C"
5.11296042882137e-06,0.403853208839624,0.893,0.591,0.104636735175829,"4","MTCH2"
2.71367870243733e-05,0.403509357331083,0.479,0.252,0.555354346453799,"4","OBI1"
0.000188741785513091,0.402661352147028,0.512,0.295,1,"4","ALG8"
0.000125992666809349,0.402502424360323,0.843,0.626,1,"4","PNPLA2"
5.73061626325533e-05,0.40223261001561,0.397,0.202,1,"4","HACD2"
9.00234512695164e-05,0.401980475105773,0.372,0.19,1,"4","KLHL12"
5.23673044940942e-05,0.401956372304348,0.314,0.151,1,"4","CAMK1D"
0.0085650671919002,0.401773024077569,0.256,0.154,1,"4","CCDC125"
1.43085760924144e-05,0.400876539684643,0.645,0.369,0.292825009731261,"4","GCLM"
5.41086994503281e-05,0.400594326675007,0.826,0.605,1,"4","DNAJC21"
1.3764412495787e-05,0.400293203060573,0.835,0.509,0.28168870172628,"4","KRR1"
5.40401627668885e-07,0.400001624975601,0.975,0.794,0.0110593193102437,"4","PARP1"
2.73432541533225e-05,0.399449918703643,0.628,0.35,0.559579696247745,"4","ITGB1"
5.83191480314493e-05,0.399274993590177,0.479,0.257,1,"4","SURF2"
5.00022450888871e-05,0.398849509522014,0.942,0.742,1,"4","FDFT1"
0.00036793856377848,0.398695981551763,0.264,0.132,1,"4","ZFYVE21"
4.02944831661145e-05,0.398603213017916,0.471,0.252,0.824626597994533,"4","APAF1"
5.64343709408277e-05,0.398360595362248,0.793,0.517,1,"4","CCDC124"
6.70322843452364e-05,0.398092330264644,0.884,0.607,1,"4","RALBP1"
0.000183002674943644,0.398008996873227,0.421,0.23,1,"4","OGFOD3"
1.45436462872794e-09,0.397585514560016,0.983,0.943,2.97635721269174e-05,"4","GNAI2"
7.3744127491171e-06,0.397504923606192,0.537,0.271,0.150917356910681,"4","CHERP"
0.000429482159103323,0.397469883435173,0.744,0.526,1,"4","PNP"
0.000285172490114061,0.397397066766001,0.909,0.692,1,"4","NHP2"
6.430213549935e-05,0.397267644190176,0.289,0.133,1,"4","GGCX"
0.00263602620941028,0.397264799209042,0.289,0.166,1,"4","MSRA"
1.65387183101995e-05,0.396708939384101,0.669,0.374,0.338464870218232,"4","MPC1"
0.00160763606657177,0.396106257501356,0.264,0.143,1,"4","GNGT2"
7.50364648194335e-08,0.395986889594871,0.975,0.888,0.00153562125252971,"4","COX7B"
9.40431343576797e-06,0.395924404283314,0.868,0.617,0.192459274462992,"4","RBM42"
0.00128847674804433,0.395304985977973,0.364,0.208,1,"4","MRPL49"
4.66831318046701e-08,0.395033127932876,0.967,0.79,0.000955370292382574,"4","MDH1"
5.13314907446549e-06,0.393683529019283,0.909,0.644,0.105049895808936,"4","SNRPA"
5.67945488076926e-05,0.393516213487278,0.669,0.418,1,"4","RAF1"
4.08041684485383e-05,0.3932739062494,0.488,0.257,0.835057307299336,"4","CEP164"
1.66434942043825e-05,0.392197527910764,0.926,0.713,0.340609108892688,"4","PPIG"
0.00027252452082327,0.391832595996966,0.38,0.201,1,"4","INIP"
2.57772705558601e-06,0.391709238963353,0.967,0.783,0.0527531841925677,"4","PSMB6"
2.08127717282736e-08,0.391435807230371,0.992,0.923,0.000425933373419118,"4","CD99"
0.000697576943489597,0.391034580749116,0.281,0.147,1,"4","TPMT"
5.92871724380828e-07,0.39068661093359,0.959,0.735,0.0121331198394536,"4","STAG2"
0.000875023606881076,0.390590250270334,0.471,0.281,1,"4","SLC39A3"
0.000264547329519527,0.39032299352254,0.43,0.234,1,"4","TAX1BP3"
1.18480073978411e-05,0.389814956319364,0.876,0.59,0.242469471396818,"4","USP14"
3.79820159683852e-05,0.389526257776433,0.926,0.689,0.777301956793004,"4","UBE2M"
0.000126353954555514,0.389403119382318,0.736,0.469,1,"4","U2AF2"
0.000163409464816855,0.389299434692363,0.727,0.462,1,"4","NMI"
0.000160609568695458,0.387542414314409,0.694,0.426,1,"4","GRHPR"
0.000121722511246203,0.387521435805876,0.421,0.224,1,"4","SNIP1"
1.5717636081547e-07,0.3873911891734,0.95,0.765,0.00321661422408859,"4","SRSF4"
0.00071947652616311,0.387018251452543,0.264,0.134,1,"4","MEPCE"
0.000844217834139682,0.386387464308391,0.851,0.593,1,"4","MRPL16"
1.40712899021622e-06,0.386204847522248,0.694,0.359,0.028796894784775,"4","PPIL3"
0.000259074377410684,0.386186114462365,0.777,0.481,1,"4","MCTS1"
3.66176597665913e-06,0.38613195724283,0.785,0.502,0.074938040712329,"4","NUP153"
1.17622677420215e-06,0.385960408542429,0.983,0.811,0.024071480934047,"4","POMP"
0.00040525686044135,0.385903589634761,0.479,0.276,1,"4","SGTA"
0.000103748997922537,0.38563927957364,0.562,0.315,1,"4","MED8"
0.000256473536994317,0.385144778198586,0.339,0.178,1,"4","DHDDS"
2.12382437534409e-05,0.385099614070347,0.595,0.337,0.434640658414167,"4","FBXO22"
0.000284101841685036,0.384979321879022,0.397,0.21,1,"4","BORCS8"
0.00133321481266702,0.384047416568662,0.256,0.133,1,"4","METTL18"
0.00162406157408346,0.383980276519488,0.678,0.462,1,"4","TRAPPC2L"
0.00228643182399901,0.383543952261287,0.661,0.45,1,"4","PSMB5"
9.23683212050719e-06,0.383414528376536,0.537,0.28,0.18903176934618,"4","SLC7A1"
0.000386474919258584,0.383307000882443,0.777,0.525,1,"4","SRA1"
0.000869159743101422,0.383255878833911,0.579,0.365,1,"4","C1orf122"
5.87130918550116e-06,0.38315993224692,0.479,0.24,0.120156342481281,"4","LAS1L"
0.000234153396327486,0.383143910515003,0.785,0.513,1,"4","CYB561D2"
7.59865074226873e-05,0.383089424119487,0.678,0.416,1,"4","CD320"
0.000109152982160632,0.38282491456364,0.777,0.51,1,"4","NAE1"
4.47798421674417e-05,0.382510118813342,0.669,0.405,0.916419469956694,"4","AAGAB"
0.000206578682858227,0.382073022770795,0.868,0.61,1,"4","SARNP"
1.55759183328996e-10,0.381906836465461,1,0.974,3.18761168682791e-06,"4","S100A10"
0.000279321962771473,0.381797911602878,0.587,0.346,1,"4","CZIB"
0.00341700471463979,0.381605340311746,0.306,0.176,1,"4","SLC39A4"
0.000189689269928461,0.38135525936855,0.562,0.368,1,"4","ANXA1"
0.00241897295515558,0.381185454444323,0.289,0.162,1,"4","FUZ"
0.000711793962582252,0.381072195383755,0.264,0.134,1,"4","CEP41"
0.000265950883079347,0.38018583564117,0.322,0.164,1,"4","PIAS3"
5.79012937129697e-06,0.37999953526441,0.901,0.643,0.118494997583592,"4","BRD7"
0.000153186821350237,0.379865440389715,0.661,0.412,1,"4","VPS25"
0.000126959551931982,0.379760662430227,0.793,0.575,1,"4","ABI3"
3.30986509575748e-05,0.378775009800411,0.496,0.261,0.677363891846768,"4","THEM4"
6.37336628925844e-05,0.377740593425006,0.702,0.439,1,"4","CNIH4"
2.11748887077867e-05,0.376711743143608,0.942,0.799,0.433344097404855,"4","PHPT1"
3.65063045342229e-05,0.376350261792946,0.959,0.762,0.747101522292871,"4","ZNF706"
3.39889835765383e-06,0.375950719047136,0.95,0.764,0.0695584548893857,"4","NDUFS8"
1.17973607483002e-06,0.375816520707199,0.818,0.515,0.0241432987713963,"4","DNAJC1"
0.000612459799011811,0.375526354596881,0.702,0.473,1,"4","AHSA1"
0.000423665089985148,0.375384130919227,0.785,0.551,1,"4","DCAF7"
1.83937158175773e-05,0.375101743221696,0.975,0.862,0.37642739420672,"4","P4HB"
0.00230724018121764,0.374490208157304,0.264,0.142,1,"4","LRWD1"
0.00765342413136327,0.374349040985636,0.901,0.763,1,"4","HSPE1"
7.61496077461565e-06,0.374064846724684,0.645,0.352,0.155840172252509,"4","ARPC1A"
2.76403241943335e-05,0.373492213143279,0.752,0.448,0.565659234637035,"4","ZFAND2B"
7.6669426944953e-06,0.373139987667729,0.826,0.551,0.156903982242846,"4","USP48"
0.000100727195521788,0.37306348386997,0.397,0.209,1,"4","RBBP5"
2.4242385064932e-05,0.372975857854654,0.421,0.206,0.496120410353834,"4","BOLA2"
3.35770544701575e-09,0.372521802760045,0.992,0.92,6.87154419731772e-05,"4","TRIR"
3.09538096032735e-05,0.372415576153917,0.744,0.457,0.633469713530993,"4","OXSR1"
6.64269007535356e-05,0.371455687726937,0.397,0.202,1,"4","SLC25A17"
8.26270019738118e-07,0.370932348226267,0.992,0.869,0.0169096159539406,"4","SYNE2"
0.000125329674745656,0.370900461146539,0.339,0.17,1,"4","ADNP2"
9.80850874219286e-05,0.370669897527105,0.884,0.618,1,"4","NUDT5"
0.00315084184387882,0.370397389129246,0.702,0.485,1,"4","TFAM"
2.70774018273912e-06,0.370352125052144,0.959,0.774,0.055413902839756,"4","CDK2AP2"
0.000175056725938649,0.369797562114428,0.769,0.506,1,"4","INO80E"
0.000312361352389878,0.369577517274534,0.595,0.353,1,"4","BAG5"
1.68699783984483e-05,0.369165640156301,0.62,0.335,0.345244107924244,"4","TMX2"
9.38695321694993e-07,0.368513702669619,0.959,0.859,0.019210399758488,"4","MZT2A"
4.0342522033443e-05,0.368335326628438,0.702,0.416,0.825609713414411,"4","PPP5C"
0.000505548085794061,0.368114824097914,0.628,0.407,1,"4","IMPDH1"
3.26973851096923e-05,0.367942079828108,0.975,0.812,0.669151986269854,"4","C17orf49"
4.89093588926792e-05,0.367194604071724,0.793,0.482,1,"4","DLD"
6.01263348221082e-07,0.367101194833359,0.967,0.837,0.0123048544213444,"4","TMEM14B"
0.00117782078835704,0.367029113929591,0.339,0.191,1,"4","STXBP1"
0.000873181761321451,0.366995240371497,0.57,0.344,1,"4","TRAF7"
0.000567175384485141,0.366973073761863,0.62,0.401,1,"4","DRG1"
0.000155402595907628,0.366734330235844,0.554,0.317,1,"4","MPHOSPH6"
0.000126792385480856,0.365897543598599,0.479,0.269,1,"4","PCYT2"
0.000622457849434488,0.365789324812212,0.777,0.564,1,"4","H2AFJ"
8.8918229116608e-05,0.365199673431556,0.397,0.204,1,"4","LPCAT1"
0.000287042406106774,0.364619880974321,0.521,0.305,1,"4","SLC35A4"
1.8526746210501e-05,0.364469048164827,0.901,0.627,0.379149861197903,"4","ETFA"
3.52006383288472e-05,0.363485459460292,0.744,0.444,0.720381063399859,"4","FUNDC2"
0.000143659507248151,0.361582886426062,0.397,0.204,1,"4","SLC41A3"
0.00097363551718388,0.361178190461999,0.628,0.399,1,"4","ZC3H18"
8.90227970362645e-06,0.360983914258982,0.975,0.85,0.182185154134715,"4","SOD1"
3.44314580358329e-05,0.360925899330578,0.43,0.218,0.704639788703321,"4","MXRA7"
8.36277325884094e-05,0.360783136413139,0.727,0.472,1,"4","DPY30"
0.000462660223158995,0.360687258837327,0.678,0.42,1,"4","ELOVL1"
0.000104968449450737,0.360555627515679,0.818,0.566,1,"4","POLR2H"
0.000415557871924266,0.360458203376342,0.62,0.387,1,"4","RDX"
6.91278048925437e-05,0.360365959010181,0.488,0.259,1,"4","ING5"
0.000756563896636031,0.360267140347853,0.471,0.276,1,"4","DGAT1"
0.000117819631081151,0.360036905286948,0.876,0.675,1,"4","ADRM1"
6.12844737846174e-07,0.359724728643846,1,0.963,0.012541867560022,"4","PKM"
0.000362352792170784,0.359339125707885,0.281,0.141,1,"4","NDOR1"
0.000402017077574257,0.358923779749495,0.711,0.447,1,"4","MBD4"
1.76978847565845e-05,0.358816741980744,0.579,0.31,0.362187211543502,"4","VRK3"
2.4450833000067e-05,0.358747623304993,0.959,0.805,0.500386297346371,"4","BSG"
0.000180098331821421,0.358335071519104,0.884,0.707,1,"4","HSPA9"
0.000192569091315153,0.358166068997015,0.579,0.336,1,"4","GALK1"
0.00309210570575513,0.358057171296825,0.926,0.844,1,"4","PRDX1"
0.000269201013278098,0.357868131466964,0.628,0.394,1,"4","KATNBL1"
2.09392824748189e-05,0.357853772165427,0.62,0.358,0.428522415847169,"4","DDX23"
0.000560146264986239,0.35761681606452,0.95,0.748,1,"4","PSMA4"
8.47630709466252e-05,0.357410565446726,0.711,0.447,1,"4","TARS"
2.8339951951617e-05,0.357002573890715,0.471,0.238,0.579977116689842,"4","DHRS13"
0.000141560517590067,0.356654986878773,0.579,0.338,1,"4","CPSF7"
0.000541688487357916,0.356511426590244,0.38,0.217,1,"4","GADD45A"
5.3958699765877e-05,0.356277610320305,0.793,0.523,1,"4","PSMC6"
1.94060558733611e-07,0.355953011556686,0.992,0.949,0.00397144933448335,"4","NDUFA13"
6.03853564129508e-06,0.35575428453413,0.975,0.85,0.123578631899104,"4","SRP9"
1.1157657035854e-05,0.35548388134283,0.471,0.237,0.228341451238753,"4","DCAF12"
0.000489278408677185,0.355161001464371,0.281,0.142,1,"4","WDR53"
6.92076935804309e-06,0.355067684861895,0.504,0.254,0.141633544912352,"4","ETFDH"
6.43848463259822e-05,0.354979468190658,0.669,0.4,1,"4","SIN3A"
5.11962234828189e-08,0.35449585806129,1,0.945,0.00104773071357589,"4","HNRNPU"
3.72914906134891e-05,0.354362171594584,0.314,0.148,0.763170355405055,"4","HACE1"
0.00470465735732306,0.354296375301354,0.38,0.232,1,"4","DDX55"
0.00012726696115628,0.353732801783004,0.901,0.739,1,"4","MRPL41"
6.21790197108396e-09,0.353631742896317,0.992,0.944,0.000127249363838233,"4","HNRNPDL"
0.00192761813549569,0.353531942379252,0.322,0.183,1,"4","MRM3"
8.23677996919514e-08,0.35261684725993,1,0.995,0.00168565702069579,"4","GAPDH"
6.235632659779e-06,0.351766189740895,0.727,0.408,0.127612222382377,"4","TM7SF3"
1.04561899525457e-05,0.351730684553878,0.628,0.337,0.213985927378848,"4","C7orf50"
4.52230919378849e-10,0.351623289831909,1,0.958,9.25490576508814e-06,"4","RHOA"
2.39033140361222e-05,0.350833633815567,0.802,0.507,0.489181321749241,"4","RNF115"
9.09284717687253e-05,0.350510604486616,0.421,0.225,1,"4","MOV10"
3.79146625573146e-05,0.35013919069338,0.893,0.58,0.775923569235443,"4","SMARCB1"
7.36610971994178e-05,0.350107250656063,0.512,0.285,1,"4","IMMP1L"
2.27068859404156e-05,0.349971729452353,0.934,0.768,0.464696420770605,"4","DIAPH1"
0.000285906933773727,0.349913316183802,0.628,0.4,1,"4","MIR4435-2HG"
5.12481838810253e-06,0.349760998025665,0.967,0.725,0.104879408312518,"4","PET100"
0.00208897675945319,0.349465245375636,0.653,0.424,1,"4","RTCB"
0.000224656742464413,0.348896761233234,0.86,0.62,1,"4","CTBP1"
0.00185620529183939,0.348885396726996,0.43,0.261,1,"4","GLRX2"
1.97701148201279e-05,0.34828007177327,0.942,0.741,0.404595399793918,"4","REX1BD"
0.000885904391858539,0.347339508982556,0.917,0.775,1,"4","NDUFAB1"
0.000411987041133433,0.346888317914566,0.752,0.514,1,"4","AK2"
2.35642527712798e-08,0.346592543051755,0.975,0.911,0.000482242432964242,"4","TMEM258"
2.06760529564143e-06,0.34648202472553,0.959,0.815,0.0423135423753018,"4","CLTA"
0.00130488607830337,0.346447089708113,0.438,0.265,1,"4","CSTF2T"
9.94768489803732e-10,0.3456989595181,1,0.991,2.03579371438334e-05,"4","CORO1A"
0.000384831436319732,0.345514416354131,0.587,0.35,1,"4","COASY"
0.000222399523925443,0.34524601117654,0.62,0.39,1,"4","DUSP6"
0.00072966727330348,0.34463184617168,0.752,0.5,1,"4","GCHFR"
0.000198925335019418,0.344389395361603,0.43,0.231,1,"4","AGFG2"
0.000107480669769178,0.344344048695541,0.645,0.379,1,"4","PHACTR4"
7.99777573678995e-06,0.344184202631431,0.959,0.824,0.163674480453406,"4","PPP4C"
0.000133263378238269,0.344171518132629,0.876,0.625,1,"4","NAPA"
2.43645799340442e-05,0.343403419975107,0.95,0.745,0.498621128350214,"4","NDUFB7"
0.000475596619629037,0.342631225956205,0.62,0.378,1,"4","MAP2K3"
0.000129995984315068,0.342365824886079,0.43,0.225,1,"4","TMEM39B"
5.71729144371869e-05,0.342042599252642,0.562,0.318,1,"4","ABHD12"
0.00163108921373123,0.341510833318895,0.455,0.265,1,"4","RPUSD1"
0.00261642502348525,0.34066373132298,0.645,0.437,1,"4","MRPL47"
0.000340284725494078,0.340592501618778,0.446,0.248,1,"4","NIPSNAP3A"
0.000175948114597091,0.340421480256421,0.893,0.691,1,"4","RAB11B"
2.65197898192682e-05,0.340413268813763,0.95,0.749,0.542727498651323,"4","RAB11A"
0.000123305545806529,0.340369453544259,0.669,0.403,1,"4","AHCYL1"
2.84003892219165e-05,0.34005541189299,0.76,0.449,0.58121396542652,"4","RPP21"
0.00203839749241186,0.340044503056092,0.752,0.516,1,"4","SUPT4H1"
0.00333435407058436,0.338924424552012,0.372,0.22,1,"4","ZNF76"
2.75729780441214e-05,0.338659125423279,1,0.912,0.564280995672944,"4","LRRFIP1"
0.00065961689539451,0.338507534752309,0.769,0.513,1,"4","ARIH2"
2.51599376250855e-05,0.338196852798866,0.686,0.398,0.514898123497375,"4","TP53I13"
0.000108285022654808,0.338135386835442,0.496,0.267,1,"4","MAPK3"
0.000182262918023923,0.337860003993048,0.636,0.374,1,"4","ASCC2"
0.000144536042384846,0.337504765167653,0.769,0.47,1,"4","PIN4"
0.0089728976009984,0.337102177772921,0.826,0.693,1,"4","ATP5MC1"
3.9127123763194e-10,0.336967534670114,1,0.993,8.00736587813766e-06,"4","H3F3B"
0.000300358216272612,0.336685726770808,0.289,0.143,1,"4","TMCO3"
0.000984819740048382,0.336485242599607,0.405,0.234,1,"4","EIF2AK3"
4.53118367567118e-05,0.335238126817916,0.529,0.287,0.927306739226107,"4","UTP11"
0.00135100274862543,0.334740080846934,0.736,0.53,1,"4","MDM2"
2.42371825058818e-05,0.334545599371097,0.636,0.35,0.496013939982871,"4","ATG16L2"
4.91071339148164e-09,0.334442561321321,0.992,0.953,0.000100497749556672,"4","COX6C"
0.00121126335324151,0.334387322592901,0.653,0.446,1,"4","RNF5"
2.84304358211251e-05,0.334300522692617,0.438,0.218,0.581828869079326,"4","MUTYH"
1.59758978743874e-05,0.33414552434382,0.62,0.333,0.326946749999337,"4","ZNF410"
8.2974358470711e-06,0.333882938380467,0.975,0.804,0.16980702461031,"4","PSMD8"
1.49638546931286e-05,0.33387227229517,0.587,0.333,0.306235286294876,"4","ATP13A3"
0.00170020786339098,0.333332541628346,0.421,0.249,1,"4","LEPROT"
0.002648664480706,0.333096670350701,0.471,0.295,1,"4","NFU1"
1.7993008674777e-05,0.332825637174394,0.463,0.231,0.368226922529312,"4","SAP30L"
0.00201624518698251,0.332666853784393,0.661,0.429,1,"4","HDGFL2"
1.50597844519318e-05,0.332588006692137,0.967,0.843,0.308198488808784,"4","VDAC1"
7.23015652170922e-06,0.332415598635732,0.694,0.413,0.147965153216779,"4","SCAPER"
0.00143555957577735,0.331642255554235,0.702,0.47,1,"4","TMEM208"
0.000380956402787458,0.33103504985253,0.678,0.417,1,"4","RANGRF"
3.30778124713049e-06,0.330595877471928,0.992,0.904,0.0676937432225255,"4","SELENOH"
0.000583147951106033,0.329981889093486,0.876,0.635,1,"4","PHB"
0.000764274745555182,0.329709722898026,0.802,0.556,1,"4","MRPL13"
8.53788948151912e-05,0.329467676425175,0.942,0.732,1,"4","UBE2L3"
0.00127653913238679,0.328801500684168,0.727,0.476,1,"4","TSEN15"
0.000661766103470685,0.328488263866706,0.793,0.531,1,"4","MCRS1"
0.000109603881659703,0.328451908706128,0.851,0.662,1,"4","GGNBP2"
0.000373212062890538,0.328422024163712,0.298,0.153,1,"4","ARL5B"
4.07259756891598e-05,0.32820662769863,0.702,0.421,0.833457092478656,"4","CPT1A"
0.000718046377294668,0.327870138058503,0.364,0.194,1,"4","SIRT6"
3.14766348861184e-05,0.327856646577928,0.397,0.196,0.644169332944413,"4","C12orf4"
0.00245641277659803,0.327775752452857,0.785,0.557,1,"4","MRPL28"
0.000231512182363058,0.327350385359186,0.537,0.312,1,"4","GAR1"
7.30572571328025e-08,0.327089914930699,0.992,0.979,0.0014951167672228,"4","MT-ND1"
0.000163741840300435,0.326778709156712,0.595,0.342,1,"4","PGM2"
0.00122692536239177,0.324737261831228,0.702,0.483,1,"4","ECHS1"
0.00238953396844077,0.324645746045122,0.397,0.237,1,"4","KAT5"
0.00051075591962424,0.324418025522382,0.835,0.594,1,"4","PPP1R7"
6.62658981482878e-05,0.32432927445369,0.455,0.23,1,"4","BBIP1"
0.00040795682829331,0.324168420881336,0.355,0.191,1,"4","VAC14"
0.000196925023562056,0.324051130776397,0.628,0.385,1,"4","SLCO3A1"
0.00110814165537287,0.323725985685915,0.289,0.152,1,"4","NLRX1"
0.00213613462354445,0.32361693237712,0.455,0.275,1,"4","CDK5"
0.00256430952134656,0.323472468844391,0.554,0.346,1,"4","RAMAC"
1.53790738439685e-05,0.323368469597885,0.942,0.755,0.314732746216816,"4","LUC7L2"
0.000371210845214742,0.322953573179278,0.628,0.372,1,"4","AMD1"
0.0021845075992919,0.322796562695646,0.545,0.337,1,"4","HEXB"
0.00020910560239118,0.322213726155682,0.645,0.386,1,"4","NCBP3"
0.000298344027692909,0.322123719481425,0.702,0.437,1,"4","VPS26A"
6.33760574439979e-05,0.322104963808921,0.967,0.847,1,"4","ATP5MPL"
0.00395058217372002,0.321229149626055,0.388,0.237,1,"4","NTHL1"
0.00393669587947443,0.320749207433709,0.281,0.159,1,"4","ERF"
0.000720117412184473,0.320701343060811,0.264,0.133,1,"4","LINC01609"
6.33996379271196e-05,0.320676234721146,0.959,0.798,1,"4","NDUFB3"
0.00147931175885208,0.32066991140502,0.397,0.227,1,"4","RPS6KA4"
6.97873711463792e-05,0.320504182028207,0.504,0.276,1,"4","TBC1D31"
5.34929044204713e-05,0.320359539791881,0.529,0.29,1,"4","EHBP1L1"
0.000927245072376071,0.320251290942513,0.397,0.224,1,"4","USF2"
1.92358324859754e-05,0.320244499839002,0.983,0.847,0.393661311825486,"4","PSMA6"
0.000169323151635314,0.319900731157027,0.413,0.214,1,"4","CYTH2"
0.002052682856865,0.319824091900357,0.967,0.891,1,"4","PIM1"
0.000157807113149833,0.319615780474649,0.942,0.691,1,"4","PSMD7"
0.000918560286413017,0.319548650137336,0.793,0.54,1,"4","FRG1"
2.97003116969119e-05,0.319375466425269,0.455,0.227,0.607816878877302,"4","HSPA13"
0.00113673027088823,0.319251059909054,0.388,0.226,1,"4","DIS3L"
0.000358290240392023,0.318994734242641,0.669,0.422,1,"4","SF3B3"
0.000716178918312771,0.318946567617737,0.802,0.567,1,"4","MLEC"
0.00051488080683959,0.318346249758578,0.645,0.402,1,"4","EXOC5"
6.39923009475574e-05,0.31803366121844,0.851,0.575,1,"4","MAPK1"
4.48017609144813e-06,0.318031232246974,0.975,0.836,0.091686803711486,"4","TPM4"
0.000126365116927207,0.317928071529277,0.686,0.405,1,"4","OSGEP"
0.000711126740214674,0.317652112782974,0.736,0.482,1,"4","NUBP2"
0.000934149307028953,0.317270109051666,0.397,0.227,1,"4","LRRC28"
0.000257480047312741,0.317073599663734,0.347,0.181,1,"4","PKD2"
0.00231592124005653,0.316887353292176,0.479,0.302,1,"4","BSCL2"
0.000371398552906799,0.316315672415139,0.298,0.15,1,"4","DHCR7"
0.000256784008263677,0.316026522780469,0.331,0.167,1,"4","ANKMY2"
0.00172320391938419,0.315945966472488,0.917,0.71,1,"4","YY1"
0.000135976495787338,0.315926995136524,0.488,0.265,1,"4","TMEM60"
0.000321961906381452,0.315685312829065,0.405,0.216,1,"4","MED31"
2.73128701531178e-05,0.315454555492462,0.62,0.338,0.558957887683555,"4","CALU"
1.57997177785418e-07,0.315122281978641,1,0.985,0.00323341224337859,"4","COTL1"
0.000318462133218622,0.315114063705551,0.479,0.267,1,"4","TMEM154"
0.000655486644016712,0.31497437707966,0.802,0.54,1,"4","COA3"
0.000889242789360534,0.314220520427491,0.702,0.434,1,"4","TIMM23"
0.000737939287200229,0.31394436770933,0.521,0.304,1,"4","SLC35B1"
0.00207532953891398,0.313699288554925,0.57,0.382,1,"4","CDK11B"
9.49962916980684e-05,0.313675393810478,0.281,0.131,1,"4","STARD9"
0.00119070305706481,0.313280598383573,0.636,0.411,1,"4","PBDC1"
0.00028776600231839,0.312852339566434,0.661,0.436,1,"4","SPECC1L"
6.18193766790398e-05,0.312311875639588,0.769,0.449,1,"4","RANBP9"
0.00233702542971037,0.312209867323244,0.57,0.368,1,"4","TRIAP1"
8.96779751791144e-06,0.311680329054488,0.736,0.418,0.183525976204058,"4","ANKLE2"
0.000607494936332165,0.311344307013886,0.785,0.547,1,"4","NME1"
0.000693586483337949,0.310945593783838,0.785,0.554,1,"4","APPL1"
0.00218042221574044,0.310841372484818,0.636,0.399,1,"4","TMEM223"
0.000365785980730449,0.310534836536854,0.587,0.35,1,"4","ZDHHC6"
0.000262981042038923,0.310411200240933,0.579,0.338,1,"4","NR2C2"
6.38525092671038e-05,0.310234525622001,0.992,0.863,1,"4","ANP32A"
0.000121595836534816,0.310072253587293,0.95,0.775,1,"4","SPCS3"
0.000117338039985926,0.30983328095525,0.983,0.919,1,"4","SUB1"
0.00191130375607651,0.309551685114249,0.496,0.307,1,"4","RFX5"
0.000982956094238041,0.308953514038182,0.488,0.296,1,"4","IMPA1"
0.00096066283192231,0.308861747838068,0.504,0.3,1,"4","GFER"
0.00575313151328039,0.308802381249724,0.537,0.351,1,"4","SQLE"
9.51314642190226e-05,0.308768580157656,0.835,0.527,1,"4","ATG3"
0.000439841745494496,0.308206036427581,0.826,0.541,1,"4","KDELR2"
0.00324592795396583,0.308174755768013,0.289,0.161,1,"4","MFN2"
7.58129610978209e-06,0.307859804710948,0.893,0.609,0.15515122488669,"4","ANKRD36"
7.70743436806498e-05,0.307037588968887,0.595,0.325,1,"4","ROCK2"
0.000172793023614393,0.306716135927725,0.967,0.866,1,"4","SEM1"
0.00016798654560124,0.306633256724374,0.736,0.449,1,"4","NBN"
0.00156914426929022,0.3052976414147,0.306,0.166,1,"4","PRKCD"
9.87287234277545e-06,0.305058305507843,0.934,0.754,0.2020483324949,"4","SPCS2"
0.00318959875333902,0.304985418345558,0.339,0.201,1,"4","CSNK1E"
0.00200391046724513,0.30454990723767,0.686,0.447,1,"4","SDF2"
0.00856003434036734,0.304327980965198,0.562,0.386,1,"4","AGPAT3"
0.000210505711317088,0.303668002241292,0.893,0.606,1,"4","ABCF1"
0.000719742049299477,0.303071572521304,0.331,0.174,1,"4","TADA1"
4.72175470891401e-05,0.302923133690765,0.595,0.325,0.966307101179251,"4","HNRNPLL"
0.000433618274800152,0.302843307520443,0.579,0.352,1,"4","UBE2E3"
0.00235046066520583,0.302503827795791,0.843,0.652,1,"4","PPP6R1"
0.00168811584849782,0.302119798871221,0.562,0.353,1,"4","CARD19"
0.003119554691009,0.30205830327925,0.314,0.179,1,"4","STARD4"
0.00160669152246617,0.301423021578453,0.446,0.261,1,"4","TAF8"
0.000815564735844765,0.301026309649251,0.818,0.558,1,"4","CHCHD1"
8.46860731273935e-06,0.300879169460584,1,0.884,0.173310048655211,"4","PABPN1"
0.00042953288243508,0.300621390101531,0.736,0.459,1,"4","KPNA3"
0.00330753646214044,0.300483100165419,0.769,0.535,1,"4","MGST3"
0.00184673734729235,0.300371207170366,0.281,0.155,1,"4","TWSG1"
0.00433339208791028,0.30035635674097,0.736,0.53,1,"4","PSMD3"
0.000156361649283232,0.300280551914618,0.653,0.389,1,"4","SART1"
0.000446312235584889,0.30023584634516,0.893,0.695,1,"4","MICOS10"
6.52914403915794e-05,0.30006703033824,0.347,0.172,1,"4","PRKY"
0.00149834949069638,0.299696333901838,0.909,0.687,1,"4","ACP1"
8.20403923305069e-05,0.299531369114944,0.545,0.311,1,"4","SRBD1"
0.00191733874762678,0.299399729562393,0.661,0.452,1,"4","DNAJB11"
0.00257096711006644,0.298780692322838,0.686,0.473,1,"4","CRELD2"
0.000761736355134657,0.297735428662872,0.388,0.217,1,"4","CASP6"
0.000319520294728148,0.297655909668249,0.893,0.628,1,"4","LAMTOR2"
0.00045427098577755,0.297384624841559,0.645,0.418,1,"4","TTC7A"
0.000764947483415268,0.296981561451397,0.727,0.467,1,"4","VMA21"
0.00014270456131471,0.296879451160568,0.43,0.23,1,"4","GPATCH11"
0.00032408025713071,0.296546611645517,0.752,0.5,1,"4","CHCHD3"
0.00154908666827502,0.296052243252202,0.322,0.183,1,"4","SP1"
0.00251862816039083,0.295943360353804,0.455,0.274,1,"4","MED24"
0.00178558517575467,0.295912791823848,0.694,0.451,1,"4","CHCHD7"
2.19926625444344e-06,0.295670024898795,1,0.947,0.0450079838971851,"4","TAGLN2"
0.00146553660699067,0.294861497402738,0.364,0.204,1,"4","OGG1"
0.000282472701806924,0.294647867256839,0.727,0.457,1,"4","MRPL37"
7.10263085041962e-05,0.29386184084611,0.347,0.169,1,"4","ABHD5"
0.00197536737267456,0.293052832934904,0.298,0.163,1,"4","CHD1L"
1.15483619151924e-05,0.292886127780744,1,0.949,0.236337226594412,"4","PSMB8"
0.000273608593305719,0.292835081979018,0.95,0.795,1,"4","NDUFA2"
0.0033303063233574,0.292568805854096,0.884,0.619,1,"4","UGP2"
0.00140228405442544,0.292279253404207,0.38,0.215,1,"4","ZFAND2A"
0.00666698112800557,0.291999103077801,0.256,0.147,1,"4","CAD"
0.00105370737324018,0.291689723801535,0.975,0.85,1,"4","TRMT112"
4.28981984086363e-05,0.291579278247487,0.628,0.335,0.877911630432742,"4","EXOSC3"
6.54379062137167e-06,0.291491056906632,0.983,0.872,0.133918675066371,"4","WDR1"
0.000215698991826718,0.291134379759401,0.736,0.47,1,"4","STK39"
0.000731817071127905,0.290785973226975,0.545,0.333,1,"4","GCH1"
0.000791956266740224,0.290323357916297,0.711,0.45,1,"4","PFDN6"
0.00147915036239721,0.290313736596886,0.256,0.134,1,"4","UAP1"
0.000761411340834517,0.290240743769726,0.917,0.681,1,"4","DNAJC15"
0.00510041035722031,0.289820890034125,0.868,0.636,1,"4","PDAP1"
7.77901731852104e-06,0.289440116045694,0.992,0.873,0.159197589423533,"4","NDUFS5"
0.00226183788729828,0.289045846868678,0.405,0.237,1,"4","NQO2"
2.40731691514284e-05,0.28902659861679,0.967,0.888,0.492657406683983,"4","CSTB"
0.00180004349341245,0.288914232163559,0.554,0.345,1,"4","MOCS2"
0.00258370250384443,0.288350223881662,0.455,0.275,1,"4","GCDH"
0.00079208870447034,0.287589719075299,0.983,0.905,1,"4","NDUFA12"
0.000284821857619466,0.287064361535685,0.496,0.28,1,"4","MLST8"
0.00122947146830965,0.286829750430607,0.421,0.247,1,"4","LARP1B"
9.37971749908062e-05,0.286572912646628,0.76,0.472,1,"4","EIF4EBP2"
0.00130893598698467,0.286483739172581,0.331,0.18,1,"4","RFT1"
6.18046884715007e-06,0.28579460445607,1,0.932,0.126483294956926,"4","UBL5"
0.00211676927448057,0.285449363656605,0.595,0.374,1,"4","ENOPH1"
0.000514961742844378,0.284750287399743,0.545,0.335,1,"4","ATP2A2"
2.1179246455727e-05,0.28469865793342,0.967,0.932,0.433433278716453,"4","ATP5MC3"
3.11804592572074e-05,0.284470905116434,0.975,0.864,0.638108098698749,"4","SRSF9"
0.000586975696645231,0.28351254910909,0.264,0.132,1,"4","MAPK13"
0.000885367219737976,0.282972749756457,0.512,0.312,1,"4","PTPA"
0.000680376897655988,0.28291450546366,0.446,0.246,1,"4","INTS14"
0.000208807021211621,0.282829450748207,0.901,0.762,1,"4","SUMO1"
0.00105054464381404,0.282651875676874,0.479,0.291,1,"4","MAN1A1"
3.38015481202714e-05,0.282525443794998,0.975,0.816,0.691748682281353,"4","TXNL4A"
0.000254273260692717,0.281605816084127,0.331,0.168,1,"4","OPA3"
0.00047195217790108,0.281053056782403,0.636,0.387,1,"4","HAGH"
6.51587325939396e-05,0.280994317770988,0.355,0.171,1,"4","CC2D1A"
0.00117733243511497,0.280956912295154,0.298,0.162,1,"4","ELOVL6"
0.00740441138775227,0.280952818403367,0.38,0.234,1,"4","TM2D2"
0.00079156641227307,0.280943128787556,0.504,0.297,1,"4","TMEM11"
0.000751301748711741,0.28081626714878,0.628,0.375,1,"4","NSMCE4A"
0.00253942571482813,0.280756844717433,0.306,0.173,1,"4","HDAC5"
0.0013598682076319,0.280664612365639,0.835,0.602,1,"4","NDUFS3"
0.000422846178385283,0.280287188946934,0.636,0.383,1,"4","EHMT2"
0.00245593436482339,0.279968561035804,0.471,0.284,1,"4","TBL3"
0.000498172056447643,0.279863803669607,0.421,0.23,1,"4","ACADS"
0.000583802045578174,0.279253589340589,0.769,0.493,1,"4","CTSB"
0.00867441668284807,0.27922351659061,0.777,0.534,1,"4","PLEKHO1"
0.000961701774960133,0.278977406158804,0.372,0.21,1,"4","NOM1"
3.28900959865042e-05,0.278700842295672,0.992,0.879,0.673095814363808,"4","KIF2A"
5.54145786546556e-06,0.278607494965669,1,0.963,0.113405935216753,"4","YWHAB"
0.00287655366362105,0.278414604345798,0.62,0.42,1,"4","MIR181A1HG"
0.000679259329585236,0.278312399177542,0.463,0.267,1,"4","GTF2A1"
0.000158414490005976,0.278246760175258,0.934,0.731,1,"4","UBA2"
0.00385935516255498,0.277935589603783,0.62,0.428,1,"4","APMAP"
7.97641792482651e-06,0.277914157280291,1,0.959,0.163237392831574,"4","NCL"
0.000938569770439601,0.277600274705645,0.934,0.746,1,"4","LMAN2"
0.000704780830847795,0.277412613624031,0.926,0.72,1,"4","CCT5"
5.77823960152823e-05,0.277378644094892,0.579,0.322,1,"4","TRIM26"
0.00116021311318182,0.277281822131051,0.653,0.418,1,"4","AZIN1"
0.00247260268321003,0.277240877109955,0.322,0.184,1,"4","TBCCD1"
0.000329796847726493,0.277131410861533,0.347,0.185,1,"4","CTSH"
0.00675760923804924,0.276160065486413,0.339,0.204,1,"4","REXO1"
0.00012101492622052,0.276152782383722,0.752,0.448,1,"4","STT3A"
0.000114130764123921,0.276102934950045,0.793,0.523,1,"4","N4BP2"
0.00010151125346769,0.27579706944364,0.62,0.363,1,"4","TCHP"
0.00773770999464962,0.275544377699436,0.331,0.196,1,"4","FUNDC1"
0.0026607595350594,0.27517752750523,0.678,0.448,1,"4","CNOT9"
0.000618595659510612,0.275167068756773,0.372,0.201,1,"4","DLAT"
0.0021038535292317,0.274904742376507,0.645,0.414,1,"4","BLOC1S6"
0.00257235199023831,0.274777133812668,0.264,0.142,1,"4","MANBAL"
8.85495149776094e-05,0.27431834554063,0.793,0.51,1,"4","PPP3R1"
0.0011548210943606,0.274083441138998,0.843,0.569,1,"4","TEX264"
0.000970525950960255,0.274077868218567,0.628,0.404,1,"4","CDS2"
0.000496848387245841,0.273885681352924,0.843,0.578,1,"4","KXD1"
1.83736466008444e-05,0.273776872426308,0.967,0.846,0.376016677686281,"4","EWSR1"
0.00266317559474483,0.273053634802066,0.512,0.319,1,"4","PCBD1"
0.00160906555260554,0.273009169884588,0.752,0.487,1,"4","PSMC2"
1.32604022065053e-05,0.272642935240875,0.587,0.333,0.27137413115613,"4","TFDP2"
0.00790735069540394,0.27152270214062,0.81,0.616,1,"4","SLIRP"
0.00433521626004918,0.27127014132282,0.587,0.388,1,"4","RAE1"
0.0025251238697257,0.270801998993309,0.826,0.601,1,"4","MED4"
0.00234271139893449,0.270548354309628,0.264,0.142,1,"4","SLC43A1"
0.00262815650004855,0.270489777667046,0.446,0.265,1,"4","NUDCD3"
0.000680506100566358,0.270470496569664,0.471,0.272,1,"4","NVL"
0.00182662474505979,0.270452223123034,0.463,0.267,1,"4","KBTBD4"
0.00235102360527084,0.270281959638809,0.496,0.298,1,"4","EID2"
0.00386615812521973,0.270110172117212,0.777,0.536,1,"4","MTFP1"
0.000557095060060409,0.269935951605277,0.355,0.187,1,"4","PDRG1"
0.000249862436148218,0.269805234202669,0.76,0.474,1,"4","PSMD12"
0.000701338337815605,0.269614787446868,0.339,0.18,1,"4","SNRNP48"
0.001736613617487,0.269570877569944,0.446,0.256,1,"4","KHDC4"
0.00108291566632457,0.269211896863858,0.364,0.202,1,"4","AFDN"
0.000849906645034482,0.26900385479025,0.95,0.743,1,"4","SF3B6"
0.00829405535349625,0.26882201783735,0.306,0.183,1,"4","MROH1"
0.00725677706887229,0.268701668625365,0.57,0.373,1,"4","BCAT2"
4.76959892223849e-05,0.268628064795461,0.992,0.918,0.976098419436108,"4","PSME2"
0.000181852306437857,0.268567850953028,0.967,0.798,1,"4","MYO1G"
0.00310338911571373,0.268152293537818,0.603,0.4,1,"4","HLA-DMA"
0.00362291183380581,0.268092442164836,0.314,0.18,1,"4","TTI1"
0.000686116525884239,0.267541257995799,0.876,0.61,1,"4","CLTB"
0.00181338004830423,0.266717327338748,0.851,0.68,1,"4","KIF5B"
0.000782346166485759,0.266465618470242,0.835,0.618,1,"4","SOCS1"
4.49304487231128e-05,0.266463546237712,1,0.982,0.919501633118504,"4","ENO1"
0.000251903946502319,0.266452637101995,0.909,0.723,1,"4","LSM8"
0.00379935068700044,0.266416744590888,0.455,0.281,1,"4","DUSP12"
4.61658445027879e-06,0.266354335065201,0.488,0.244,0.0944784007749555,"4","HERC5"
0.00347930781065453,0.266340682653037,0.372,0.22,1,"4","MDC1"
0.00106027140726717,0.266004822681808,0.628,0.391,1,"4","CMC1"
0.000264486342937742,0.26596529992167,0.314,0.16,1,"4","PPP1R12C"
7.65147417292056e-06,0.265877699206969,0.992,0.915,0.156587418948819,"4","UBE2D2"
0.00141979782050794,0.265855491188343,0.686,0.43,1,"4","SOD2"
0.000228414189096471,0.264577012804757,0.455,0.24,1,"4","MRPL50"
0.000576654841128788,0.264003137347443,0.314,0.162,1,"4","ZNF738"
0.00022809188922035,0.263432168621715,0.694,0.409,1,"4","NUP214"
0.00108228762575302,0.263381780435116,0.521,0.311,1,"4","EFL1"
0.00475614612168784,0.263258832940686,0.364,0.22,1,"4","TMEM175"
0.000513986774364872,0.263063740494947,0.364,0.192,1,"4","WDR83"
0.000263546920951319,0.262694799639402,0.868,0.64,1,"4","RAB27A"
0.000609231560373402,0.262393449193409,0.281,0.142,1,"4","FSD1L"
0.00726086213471788,0.262159343295676,0.628,0.442,1,"4","PTPN18"
0.000751606844368702,0.262108748125902,0.504,0.29,1,"4","FAHD2A"
7.12379571545796e-05,0.261882329463319,0.983,0.894,1,"4","ARL6IP4"
0.000343212913552771,0.261466498683688,0.554,0.308,1,"4","TM9SF1"
0.000597221052240027,0.261414172508508,0.479,0.285,1,"4","FAM98B"
0.000120192932447249,0.26117448610066,0.95,0.822,1,"4","DDX46"
0.000219379432242262,0.260916922069061,0.496,0.272,1,"4","MED17"
0.000547651236609159,0.260585405107735,0.661,0.411,1,"4","NAA50"
0.00177139000996318,0.260126642628889,0.876,0.615,1,"4","CHD4"
0.00409990163353968,0.259419916331526,0.653,0.427,1,"4","POLDIP2"
0.00223546418219756,0.259103563278873,0.545,0.341,1,"4","ZCCHC17"
0.00563315100970541,0.258986224449103,0.661,0.453,1,"4","KIAA1143"
0.000899177962697006,0.258857030626114,0.512,0.308,1,"4","PDE4A"
0.00189607188674157,0.258466319533542,0.355,0.2,1,"4","ACAD8"
0.00272114466805284,0.258357881465364,0.512,0.325,1,"4","PDCL3"
0.000119559898846822,0.25761273439656,0.388,0.198,1,"4","SAMD4B"
0.000712713259341413,0.257376941096864,0.719,0.464,1,"4","ILKAP"
0.00803390234732748,0.256944261127592,0.785,0.561,1,"4","PFDN2"
0.000779628355230599,0.256181970827568,0.463,0.26,1,"4","CHTF8"
0.00256443164681985,0.256097339331588,0.917,0.719,1,"4","POLR2E"
0.0061177468387652,0.256081168260058,0.256,0.145,1,"4","CNNM3"
0.000759821431488117,0.255939168085005,0.372,0.203,1,"4","SMG9"
0.00236622994892954,0.255555608630266,0.421,0.249,1,"4","MBOAT7"
0.00195043205630085,0.255539789691396,0.595,0.359,1,"4","MTX1"
0.000695507791048655,0.255239406880023,0.868,0.559,1,"4","POLR2F"
0.00631419182954218,0.255029205547213,0.256,0.145,1,"4","NUDT14"
0.00566697575967368,0.254580377802154,0.306,0.184,1,"4","MCU"
0.000424096583716782,0.254564079544559,0.835,0.583,1,"4","EIF2AK1"
0.00550302440725026,0.254282882119627,0.694,0.466,1,"4","TXNDC12"
0.00474206038405089,0.253998985333569,0.322,0.189,1,"4","ANKH"
0.000153990312904639,0.253154206487428,0.264,0.123,1,"4","GMEB2"
0.000210794368737499,0.253007219635745,0.554,0.31,1,"4","SNTB2"
0.000437053126328024,0.252336600939417,0.545,0.309,1,"4","DDX41"
0.00669780508298312,0.252103377472359,0.496,0.325,1,"4","GLUL"
0.000286187417969375,0.251801299246358,0.372,0.193,1,"4","NUP43"
0.000120090700401532,0.251673078810728,1,0.984,1,"4","UBC"
0.000614653488065109,0.251658426924902,0.702,0.443,1,"4","RNF4"
0.00665627175045902,0.251419520159923,0.298,0.176,1,"4","HLA-DMB"
0.000119962819671526,0.251361558243946,0.926,0.673,1,"4","OIP5-AS1"
0.000435915323526048,0.250935029173324,0.686,0.416,1,"4","SNAPIN"
0.00532808337707324,0.250235096114929,0.587,0.373,1,"4","PRKRA"
0.00673019018824594,0.250216229951138,0.702,0.501,1,"4","NAXE"
0,3.76543870375905,0.712,0.356,0,"5","LINC02694"
1.48769885299771e-14,3.47571374090893,0.317,0.098,3.04457570265981e-10,"5","SETBP1"
6.42276216655802e-08,3.45445011845917,0.26,0.109,0.0013144182773861,"5","LINC02649"
2.04702921280386e-11,3.03541266485865,0.452,0.239,4.18924528400311e-07,"5","DEC1"
3.5527136788005e-15,3.01986027892568,0.413,0.162,7.27062854366523e-11,"5","TSPOAP1"
1.16748400975641e-05,2.92460612661942,0.346,0.217,0.23892560259665,"5","FHIT"
5.89336512923921e-09,2.92168632761941,0.327,0.151,0.000120607717369881,"5","DNAJC5"
2.38504833660613e-08,2.91571666147894,0.269,0.11,0.000488100142086445,"5","NOTCH1"
1.11557663995399e-06,2.86132557198125,0.26,0.12,0.0228302759366583,"5","KIAA0556"
2.63548722845286e-08,2.79313061441601,0.26,0.104,0.000539352461302878,"5","AC016831.7"
0,2.78285143916044,0.933,0.719,0,"5","CHST11"
0,2.76907268887795,0.731,0.492,0,"5","OSBPL3"
0,2.75906308247733,0.981,0.834,0,"5","NEAT1"
0,2.70415140514455,0.644,0.367,0,"5","SFMBT2"
1.10647047080192e-11,2.70078049236313,0.394,0.177,2.26439181849614e-07,"5","KSR1"
6.83553214031463e-11,2.68472414926684,0.548,0.378,1.39889165251539e-06,"5","BTBD9"
6.66133814775094e-16,2.68035285231469,0.615,0.374,1.36324285193723e-11,"5","GRAMD1B"
1.70828462486838e-10,2.67744212234286,0.49,0.31,3.49600448479315e-06,"5","RUNX1"
4.2720184612044e-07,2.67164954258291,0.308,0.156,0.0087426857808548,"5","RAP1GAP2"
0.000599149824325629,2.66276790099741,0.327,0.234,1,"5","HIF1A-AS3"
2.08152364280512e-05,2.66209426298758,0.26,0.139,0.425983813500067,"5","TTLL3"
2.26645369139078e-11,2.65736897817941,0.577,0.389,4.63829747943123e-07,"5","MEAK7"
0,2.65415907260873,0.567,0.298,0,"5","CLEC16A"
3.64130947616559e-12,2.64179078415369,0.5,0.292,7.45193984297288e-08,"5","RFX3"
6.24618813560573e-07,2.63507751860297,0.288,0.142,0.0127828240195171,"5","LINC01473"
2.68414179771526e-11,2.62408434002353,0.471,0.255,5.49309618902427e-07,"5","CENPP"
4.44089209850063e-16,2.61405681471902,0.635,0.433,9.08828567958153e-12,"5","XYLT1"
2.07167616395054e-13,2.60143046432476,0.644,0.5,4.23968526952478e-09,"5","NCALD"
6.24604521033412e-05,2.59973352788479,0.327,0.207,1,"5","TMTC2"
1.16406401184932e-06,2.59457275093307,0.433,0.306,0.0238225700024963,"5","SLC9A9"
7.02800018181904e-09,2.58885049499699,0.269,0.104,0.000143828023720927,"5","AC013652.1"
3.7939402730558e-09,2.57748854223615,0.481,0.31,7.76429876880869e-05,"5","MIAT"
1.10418813983326e-05,2.56430871718979,0.288,0.165,0.225972102816877,"5","BRD1"
4.76432227003443e-11,2.56267301715387,0.577,0.422,9.75018552562545e-07,"5","XKR6"
1.75422705472883e-07,2.5621974532795,0.452,0.323,0.00359002566750255,"5","CEP128"
1.3273636524147e-05,2.55185559836227,0.25,0.125,0.271644971466669,"5","CIITA"
0,2.53992265783911,0.692,0.438,0,"5","CMIP"
2.95097279945367e-13,2.5391457557586,0.615,0.425,6.03916583408193e-09,"5","ARL15"
7.32789384727539e-11,2.52976634085136,0.385,0.171,1.49965347584491e-06,"5","PRKY"
0,2.52923173091584,0.913,0.677,0,"5","ATXN1"
0.000376681123748224,2.52444469685768,0.25,0.151,1,"5","LINC00886"
1.48559387014302e-10,2.5188661304508,0.538,0.369,3.04026785524769e-06,"5","MGAT5"
3.05555890456333e-06,2.51874569192203,0.288,0.15,0.0625320129818885,"5","ZNF831"
0,2.51818273147733,0.788,0.533,0,"5","PPP1R16B"
7.86704035249386e-12,2.51272008045201,0.452,0.23,1.60998980813787e-07,"5","PIEZO1"
0,2.49524868986291,0.74,0.47,0,"5","NCOA2"
0.00115361678796089,2.4933953787127,0.26,0.172,1,"5","CRK"
1.82707182716513e-11,2.48583228584696,0.567,0.401,3.73910249429343e-07,"5","ZNF609"
6.55080127920371e-08,2.47065300740644,0.5,0.381,0.00134062148178904,"5","RERE"
1.25368604386722e-08,2.46945672538084,0.394,0.218,0.000256566848877426,"5","SLC39A11"
0,2.46348399862175,0.731,0.658,0,"5","SMYD3"
0,2.46116137508139,0.808,0.649,0,"5","PTPRJ"
1.01674224595172e-12,2.46003769525706,0.481,0.249,2.08076300634019e-08,"5","BICDL1"
2.96543755533563e-05,2.45482715296811,0.337,0.213,0.606876795699436,"5","BRIP1"
0,2.4478604313087,0.75,0.528,0,"5","ADAM19"
2.00850724014767e-05,2.43572757145858,0.308,0.182,0.411041006696221,"5","LINC01572"
2.00191175214748e-06,2.43172519196556,0.385,0.236,0.0409691240076981,"5","GAB2"
3.17795301185697e-09,2.42998009768444,0.548,0.422,6.50368083876529e-05,"5","BABAM2"
0,2.42361151227153,0.769,0.68,0,"5","MAML2"
0,2.42061657779719,0.683,0.499,0,"5","MSI2"
8.22324809779396e-06,2.41912979366843,0.346,0.223,0.168288772321353,"5","PACSIN2"
6.29992458200945e-09,2.41085351354506,0.462,0.29,0.000128927956570823,"5","ATG16L1"
1.85425008680795e-11,2.40673307273244,0.51,0.31,3.79472280265247e-07,"5","FBXL20"
6.66133814775094e-16,2.40637063608091,0.663,0.461,1.36324285193723e-11,"5","RAD51B"
4.76398920312704e-11,2.40547528345904,0.433,0.226,9.74950390419949e-07,"5","POLA1"
3.55883276181856e-08,2.39065414717395,0.365,0.198,0.000728315124706169,"5","SLC10A7"
2.87063950388244e-09,2.38839740948852,0.404,0.224,5.87476374469542e-05,"5","CHSY1"
1.80371307823002e-06,2.38390441332006,0.519,0.42,0.0369129881459773,"5","ANK3"
3.90875998235174e-09,2.38012527669796,0.423,0.243,7.99927730388283e-05,"5","TCF20"
0.000424855305316996,2.3733425640629,0.26,0.16,1,"5","MYO1E"
0,2.36974147284631,0.952,0.882,0,"5","CELF2"
2.24536498416583e-06,2.3676879573889,0.404,0.274,0.0459513944009537,"5","ARID3B"
3.4349750333007e-07,2.360622088276,0.404,0.258,0.00702967640564989,"5","FNDC3B"
3.46150998975503e-08,2.35873456119675,0.288,0.123,0.000708398019403367,"5","DOT1L"
0,2.35490371089164,0.808,0.594,0,"5","ZFAND3"
2.45491963248856e-05,2.35385103855218,0.279,0.156,0.502399302788784,"5","POLE"
1.87683447432363e-05,2.35343024177353,0.462,0.38,0.384094175170331,"5","APOLD1"
2.81370137078518e-06,2.35121472043359,0.298,0.159,0.0575823985531188,"5","SLC26A3"
5.95708929851391e-06,2.35006829459872,0.337,0.204,0.121911832494087,"5","RAPGEF2"
2.62270447581869e-08,2.3361409066759,0.452,0.287,0.000536736470976296,"5","DGKH"
1.31773625344778e-08,2.32776345822624,0.5,0.364,0.000269674724268087,"5","PDSS2"
4.57485133553703e-07,2.32760028829756,0.471,0.347,0.00936243325817654,"5","SGMS1"
4.19455705724658e-08,2.3182308898025,0.5,0.382,0.000858416101765513,"5","METTL15"
1.57031439185218e-06,2.31726776041436,0.288,0.145,0.0321364840292548,"5","RAD54L2"
2.22963258966757e-08,2.31341328528149,0.433,0.266,0.000456294309475469,"5","ARMH3"
2.33026711529138e-05,2.31292176717931,0.279,0.15,0.476889165144382,"5","POLQ"
0.000166342955541632,2.30918666916556,0.288,0.183,1,"5","SIPA1L3"
6.93070845159127e-09,2.30908176490829,0.49,0.331,0.000141836948461815,"5","ZNF407"
2.13328706699656e-07,2.30772758307831,0.327,0.165,0.00436577198260846,"5","ATP11A"
1.99840144432528e-13,2.30662623081323,0.519,0.292,4.08972855581169e-09,"5","NRF1"
3.21637735556379e-07,2.30275262518341,0.452,0.333,0.0065823162581613,"5","CDK19"
9.17909426036978e-05,2.29920906218018,0.279,0.166,1,"5","RTTN"
0,2.29714952610071,0.702,0.506,0,"5","CDKAL1"
5.52358159211508e-12,2.29654525176338,0.644,0.53,1.13040097282635e-07,"5","SMAD3"
4.25177343776895e-07,2.29329630318455,0.423,0.286,0.00870125434039415,"5","DENND1A"
4.00204918293845e-06,2.28425458125796,0.327,0.186,0.0819019365288354,"5","C1RL-AS1"
8.98704222151991e-10,2.28399601787121,0.538,0.402,1.83919819063405e-05,"5","RASGEF1B"
1.05671027483822e-12,2.28361174288971,0.615,0.475,2.16255757745643e-08,"5","DYRK1A"
2.99760216648792e-13,2.28176944367262,0.644,0.494,6.13459283371753e-09,"5","HIVEP3"
1.69655427484372e-07,2.27915961196935,0.346,0.184,0.00347199832346767,"5","MICAL3"
1.30564448141968e-11,2.2790423925017,0.577,0.411,2.67200143122537e-07,"5","MAST4"
3.26394996035262e-05,2.27693939021512,0.317,0.187,0.667967359386163,"5","BRCA2"
0.000102095118450274,2.27661813977895,0.327,0.214,1,"5","SLC2A13"
8.31995248058437e-05,2.27648900712419,0.269,0.155,1,"5","KIAA1958"
3.78627111885521e-08,2.27507056886526,0.375,0.209,0.000774860384473719,"5","ITPR3"
3.64969610089361e-10,2.26718432708972,0.481,0.289,7.46910307047877e-06,"5","UBASH3B"
0.00234396263834658,2.2663561955732,0.288,0.206,1,"5","EXT1"
5.7814864007355e-11,2.26430104721209,0.567,0.403,1.18318119191052e-06,"5","MCTP2"
0,2.26317195256033,0.817,0.659,0,"5","EXOC4"
0.000350462989450184,2.26310283140133,0.279,0.174,1,"5","SSH1"
0,2.25197383760398,0.712,0.555,0,"5","KANSL1"
5.2303592568137e-09,2.2508352193375,0.471,0.31,0.000107039302190692,"5","ABR"
0.00010990343670314,2.24862558061079,0.385,0.291,1,"5","USP32"
5.80899106594757e-10,2.24674844395451,0.587,0.449,1.18881002164617e-05,"5","TRERF1"
0.000111976948520276,2.24157263960277,0.298,0.186,1,"5","NLK"
0.00399424435727469,2.23485825813545,0.337,0.274,1,"5","ARHGEF18"
7.6940172173412e-06,2.23472154254503,0.423,0.312,0.157458062352888,"5","AC008014.1"
1.9259190908727e-08,2.23453510416171,0.413,0.241,0.000394139341947097,"5","PRDM1"
2.22044604925031e-16,2.23307711673865,0.721,0.553,4.54414283979077e-12,"5","GPRIN3"
9.75037828254699e-11,2.2272000149004,0.577,0.427,1.99541491552324e-06,"5","AKT3"
6.81767456507387e-05,2.2230818886432,0.308,0.193,1,"5","ACAP3"
8.30178254052072e-06,2.21876752611029,0.423,0.313,0.169895979691757,"5","SUGP2"
0.00537371867334624,2.2131375804103,0.25,0.178,1,"5","KLF7"
0,2.21023429658767,0.779,0.64,0,"5","TBC1D22A"
0.00156233954596674,2.20873435082756,0.269,0.186,1,"5","BMPR1A"
3.5318095461534e-06,2.20813991202204,0.49,0.402,0.0722784823620293,"5","PHF21A"
0,2.20777717855723,0.731,0.614,0,"5","SMG6"
0,2.20291745287562,0.721,0.546,0,"5","SIK3"
7.38856155964029e-05,2.20286688089241,0.346,0.238,1,"5","EIF2AK3"
0.00140244569591075,2.19521902609815,0.308,0.224,1,"5","HLCS"
0,2.19389452382716,0.885,0.713,0,"5","PRKCA"
0.00107402109953103,2.19179253359054,0.25,0.157,1,"5","TBC1D22B"
0.00109096936539754,2.18808583823236,0.327,0.245,1,"5","PPCDC"
0.000426229613663898,2.18706489454944,0.26,0.16,1,"5","DISC1"
0.000100888292207557,2.18662791152243,0.375,0.27,1,"5","PAM"
4.27915480827323e-10,2.17712751331025,0.644,0.571,8.75729031513117e-06,"5","TCF12"
1.21133991726197e-10,2.17547273754136,0.625,0.465,2.47900714067661e-06,"5","ATP8B4"
0.000183441241957016,2.17524526879522,0.25,0.141,1,"5","ZRANB3"
0.000537551404340864,2.17458637683113,0.298,0.199,1,"5","TRAK1"
2.60111487904169e-10,2.16837340986666,0.548,0.392,5.32318159995882e-06,"5","PGAP1"
9.15374434355964e-05,2.16618023641419,0.337,0.23,1,"5","RFX3-AS1"
1.28725697434717e-07,2.16474125937692,0.356,0.192,0.00263437139800149,"5","KNTC1"
0,2.16026892373877,0.885,0.868,0,"5","RABGAP1L"
4.55660620568565e-07,2.158380891324,0.423,0.273,0.00932509459993569,"5","ZDHHC14"
0,2.1580040486581,0.692,0.552,0,"5","FBXW7"
0.000627522913038137,2.15771605756284,0.298,0.203,1,"5","ZSWIM6"
0.000929983474682317,2.15625524499712,0.269,0.179,1,"5","AC092683.1"
0,2.15453804678574,0.769,0.586,0,"5","INPP5D"
0,2.15239645599791,0.76,0.609,0,"5","PPP3CA"
0.000614306218497562,2.14553415029377,0.394,0.32,1,"5","TFCP2"
4.24275341126545e-05,2.14408074673403,0.288,0.166,0.868279485615475,"5","SPICE1"
0.000919832007380217,2.14287568855091,0.26,0.165,1,"5","RREB1"
8.74360767069149e-05,2.13302045299763,0.404,0.312,1,"5","HMBOX1"
6.73776853634678e-05,2.13211577566371,0.298,0.184,1,"5","CDYL2"
0.00101963711780462,2.13193878563195,0.269,0.175,1,"5","ITGA2"
0.000658110883965612,2.13125180400669,0.269,0.171,1,"5","LINC01004"
2.22044604925031e-16,2.13025442562791,0.731,0.589,4.54414283979077e-12,"5","PICALM"
6.25045902191701e-06,2.12910173280981,0.587,0.599,0.127915643883532,"5","ZBTB20"
0.00015048498211212,2.12668423296898,0.317,0.207,1,"5","MICAL2"
0,2.1265338088341,0.798,0.635,0,"5","ARID1B"
6.35044261221296e-06,2.12575635332986,0.51,0.425,0.129961808058938,"5","PDE4B"
2.22044604925031e-16,2.1254368376634,0.74,0.641,4.54414283979077e-12,"5","VPS13B"
6.88338275267597e-15,2.12412057089594,0.683,0.524,1.40868428033514e-10,"5","MED13L"
2.23931984066894e-12,2.12332133009399,0.654,0.533,4.58276805392899e-08,"5","NSMCE2"
1.4570533002356e-07,2.12289567235434,0.5,0.364,0.00298185957893216,"5","YEATS2"
0,2.11988631318127,0.817,0.688,0,"5","ZEB1"
0,2.11591191680178,0.904,0.847,0,"5","FUT8"
3.13749026759069e-13,2.11550684714706,0.596,0.403,6.42087383262435e-09,"5","UBE3C"
1.02073681662596e-06,2.1112986868544,0.481,0.363,0.0208893789522502,"5","ARNTL"
0.000452519966851472,2.10293819758145,0.337,0.25,1,"5","HEG1"
0.00253027510161052,2.10226826348633,0.288,0.204,1,"5","HIP1"
0.000375254811366021,2.10213885504592,0.317,0.218,1,"5","RFWD3"
9.99200722162641e-15,2.1020294330654,0.663,0.455,2.04486427790584e-10,"5","KAT2B"
0.000222597825685789,2.10061124849365,0.327,0.223,1,"5","SLC7A5"
0,2.09930699731347,0.76,0.615,0,"5","SLFN12L"
2.18070006496873e-12,2.0987014209269,0.615,0.445,4.46280268295851e-08,"5","DLEU2"
4.42646452825102e-09,2.09628738781154,0.644,0.597,9.05875965706571e-05,"5","PIK3R5"
1.03478261292977e-07,2.09576409113109,0.462,0.325,0.00211768261736078,"5","TLK2"
0.00244564949720605,2.09530879028033,0.269,0.185,1,"5","TVP23C"
0.009956823758557,2.09481052600915,0.337,0.277,1,"5","RUNX2"
0,2.09440193882902,0.731,0.542,0,"5","RAPGEF1"
0.00113660277021466,2.08879631677911,0.25,0.16,1,"5","MVB12B"
4.36089799360495e-06,2.08698242623446,0.356,0.217,0.0892457774391253,"5","KIF3B"
2.67086960925589e-06,2.08393732320635,0.346,0.207,0.0546593465534218,"5","LRP8"
0,2.0833356893172,0.875,0.778,0,"5","FOXN3"
8.19795500597298e-05,2.08141326333373,0.375,0.266,1,"5","CEMIP2"
8.50341154157164e-07,2.08127798289467,0.471,0.324,0.0174022317198264,"5","SLF1"
5.29980062280444e-07,2.08119258916145,0.481,0.358,0.0108460419745693,"5","STXBP5"
7.68738295242599e-09,2.08075889414661,0.548,0.421,0.000157322292121398,"5","TBL1X"
2.35367281220533e-14,2.07840634412487,0.692,0.57,4.81679141017821e-10,"5","VTI1A"
2.86400373306073e-06,2.07628254414709,0.529,0.447,0.0586118363970878,"5","BCAS3"
1.6793353460054e-05,2.07324532606042,0.413,0.305,0.343675978560004,"5","TMEM135"
6.96450855852682e-06,2.07113190022112,0.298,0.161,0.142528667650251,"5","PPP1R9B"
0.00108480510181885,2.07049608081634,0.308,0.221,1,"5","FYCO1"
1.39364577655954e-08,2.06859380367911,0.529,0.406,0.000285209608172909,"5","PLEC"
1.36766211911166e-07,2.06803021105168,0.558,0.484,0.00279892052676201,"5","MEF2A"
0.00666541219260419,2.06751555127906,0.327,0.267,1,"5","IFT80"
8.49982574515629e-05,2.06724369300936,0.298,0.186,1,"5","MCU"
0.00154155583290949,2.06690106018999,0.269,0.184,1,"5","AC139887.2"
0,2.06648039707184,0.76,0.6,0,"5","CARD11"
0.00343421944207556,2.06595377949537,0.279,0.199,1,"5","SLX4IP"
0.00070546692899609,2.06591003550208,0.298,0.203,1,"5","ABCA5"
4.45643522084538e-13,2.0639786265261,0.625,0.498,9.12009467946007e-09,"5","ABCB1"
3.84442122625117e-06,2.06180063320545,0.375,0.242,0.0786760803952302,"5","NBEAL2"
5.4605007560049e-06,2.06041173289961,0.404,0.28,0.11174914797164,"5","SFI1"
3.17523785042795e-14,2.05895318189464,0.644,0.466,6.4981242609008e-10,"5","MAP3K5"
0,2.05747681075327,0.673,0.441,0,"5","RALGAPA1"
0.00130111308655922,2.05102941558885,0.279,0.191,1,"5","AOPEP"
0.0010664578508075,2.05063849182567,0.327,0.243,1,"5","DUSP16"
0.000176004463666724,2.04821328514667,0.423,0.349,1,"5","KLHL2"
1.94011466907451e-05,2.04724448071697,0.481,0.406,0.397044467026099,"5","ITPR1"
1.00908807754152e-07,2.04608534257263,0.577,0.492,0.00206509875068872,"5","FTX"
2.1650115922256e-08,2.0450186006043,0.567,0.45,0.000443069622348968,"5","DGKD"
3.21663702629316e-06,2.04325097252472,0.481,0.372,0.0658284767430894,"5","MED13"
9.05084898119579e-05,2.04139778290221,0.346,0.235,1,"5","FAM222B"
0,2.03966415023309,0.702,0.564,0,"5","RPTOR"
2.64677169070637e-13,2.03943750451461,0.635,0.461,5.41661826503059e-09,"5","TRAPPC9"
0.000153833941215042,2.03878102033789,0.346,0.249,1,"5","PCCA"
8.65973959207622e-15,2.03806634707975,0.721,0.599,1.7722157075184e-10,"5","NLRC3"
8.80029382699377e-12,2.03713838583891,0.567,0.39,1.80098013169427e-07,"5","SLCO3A1"
3.06068797262249e-06,2.03708565707701,0.462,0.354,0.0626369793597192,"5","ZMYND8"
6.79900580280446e-13,2.03672317468326,0.673,0.575,1.39141653754393e-08,"5","RRAS2"
2.22044604925031e-16,2.03641193026084,0.769,0.676,4.54414283979077e-12,"5","CEP85L"
1.11860350981985e-07,2.03314406377404,0.519,0.401,0.00228922208284632,"5","DIP2B"
0.000306839324998975,2.0323732300884,0.346,0.255,1,"5","SUSD1"
0.00678656925417487,2.02619891733823,0.298,0.232,1,"5","MAVS"
0.00155285027554308,2.02570995762535,0.308,0.226,1,"5","KLHL6"
0.000524627565576585,2.02555061040179,0.356,0.271,1,"5","CCDC18"
8.9148849531373e-06,2.02528445374439,0.385,0.267,0.182443120565955,"5","SNX29"
1.87216242508725e-10,2.02464820956034,0.635,0.547,3.83138040294106e-06,"5","SPIDR"
2.47175047318748e-07,2.02433335900043,0.471,0.342,0.00505843734337819,"5","TFDP2"
1.59075337569092e-06,2.02326834956418,0.442,0.315,0.0325547678335147,"5","DIS3L2"
4.02415956783919e-05,2.02160747256034,0.423,0.331,0.823544255558291,"5","ULK4"
0,2.019243626101,0.769,0.676,0,"5","KMT2C"
5.6471154488591e-05,2.01825833767183,0.413,0.33,1,"5","ATG7"
0,2.01075905880005,0.894,0.838,0,"5","BCL2"
0.00789408611441722,2.01021024243724,0.308,0.245,1,"5","EEF2K"
0,2.00642591744868,0.75,0.594,0,"5","ANKRD17"
1.14208577706165e-07,2.0060478443587,0.51,0.376,0.00233727854275667,"5","ARHGAP26"
0.000397619563834439,2.00485357657414,0.317,0.222,1,"5","FEZ2"
7.94830355570486e-05,2.00472257634157,0.346,0.233,1,"5","SMG5"
0.0004497860608208,2.0042032318019,0.404,0.339,1,"5","PBX4"
5.21381102958074e-07,2.00152205549747,0.433,0.292,0.010670064272037,"5","SUSD6"
0,2.00126721229484,0.885,0.808,0,"5","UTRN"
0.000165896855263803,2.00076828008031,0.279,0.166,1,"5","SRGAP2"
1.0025009689052e-07,1.99911375198875,0.442,0.286,0.00205161823286448,"5","KIF13B"
1.33226762955019e-15,1.9963094095113,0.712,0.574,2.72648570387446e-11,"5","SIPA1L1"
0.00085943414909595,1.99488920612365,0.481,0.457,1,"5","ARID5B"
4.66293670342566e-13,1.99274844588431,0.673,0.573,9.54269996356061e-09,"5","FAM172A"
1.62775526391101e-09,1.98805682353874,0.615,0.517,3.33120114759389e-05,"5","DENND1B"
0.000302843981218048,1.9848884543783,0.26,0.151,1,"5","TGFBR3"
0.0019378925520559,1.9816581713886,0.375,0.311,1,"5","PEAK1"
0.00311345128590612,1.97682143753554,0.413,0.398,1,"5","FAM214A"
2.54883093731006e-05,1.97535652587281,0.442,0.362,0.521618251320505,"5","TMEM65"
1.7532664209341e-10,1.97478469885228,0.635,0.559,3.58805973044163e-06,"5","EIF4G3"
0.00109439572172731,1.97378598851352,0.365,0.288,1,"5","WDR37"
0.0021024764047719,1.97306076406872,0.317,0.23,1,"5","ARHGAP18"
1.01636311233833e-06,1.97229088227765,0.548,0.52,0.0207998710940038,"5","ITCH"
0.00345489352800121,1.97097725138178,0.413,0.388,1,"5","RNF169"
0,1.96859249734977,0.798,0.691,0,"5","MYO9B"
7.28180604703255e-09,1.96224383504746,0.558,0.412,0.000149022160752521,"5","RELL1"
0.000105226224706989,1.96162120888941,0.337,0.213,1,"5","CENPE"
0,1.95881306524271,0.933,0.856,0,"5","MACF1"
5.66015012637422e-10,1.95368962837078,0.567,0.424,1.15834972336248e-05,"5","ATP10A"
5.58763944225049e-06,1.95336058546602,0.519,0.427,0.114351041185656,"5","MIR181A1HG"
1.02590602235608e-07,1.95334793149146,0.433,0.28,0.00209951667475172,"5","CDYL"
1.63202784619898e-13,1.95218382982887,0.673,0.524,3.33994498724621e-09,"5","PCNX1"
6.26808605019846e-10,1.95154270064081,0.635,0.543,1.28276381017312e-05,"5","ST6GAL1"
4.88498130835069e-15,1.9513625995123,0.74,0.662,9.99711424753968e-11,"5","ARHGAP25"
2.3132907789325e-07,1.95133306637967,0.49,0.35,0.00473414957908536,"5","STRN3"
0.00285257601415401,1.95124467014171,0.269,0.183,1,"5","ZNF367"
7.41595762576708e-09,1.95122766873053,0.567,0.476,0.000151767572811323,"5","ATP8A1"
3.84098841621494e-08,1.9493479264224,0.548,0.43,0.000786058279378388,"5","RIN3"
2.33129515692099e-10,1.94863896651321,0.654,0.576,4.7709955386388e-06,"5","DOCK11"
2.53797401053024e-05,1.94743133934272,0.587,0.585,0.519396381255014,"5","BBX"
6.68473459572994e-05,1.94654805113296,0.471,0.411,1,"5","SREBF2"
0.000635121957578644,1.94447462749378,0.5,0.485,1,"5","IMMP2L"
0,1.94303915362844,0.971,0.967,0,"5","MT-ATP8"
0.00196132156577788,1.94111504433887,0.365,0.309,1,"5","PRH1"
0,1.9391291330197,0.798,0.748,0,"5","NFATC3"
1.59289081924641e-08,1.93848425408481,0.471,0.311,0.000325985106158777,"5","GALNT10"
0,1.93323496663826,0.981,0.964,0,"5","RNF213"
1.53218138843059e-07,1.93204085964756,0.5,0.377,0.0031356092114232,"5","UHRF2"
4.88498130835069e-15,1.93115366489825,0.692,0.59,9.99711424753968e-11,"5","STIM1"
1.18957067041237e-06,1.9306103277068,0.529,0.458,0.0243445637699891,"5","FBXL17"
5.35051585925927e-07,1.93001247557712,0.548,0.475,0.0109498307059741,"5","RNF38"
0.000687093834876862,1.92589158569359,0.452,0.402,1,"5","AGO3"
6.977529012131e-06,1.92243291978882,0.375,0.242,0.142795131233261,"5","FRS2"
5.73683377975698e-05,1.92205737874246,0.558,0.557,1,"5","RNF19A"
2.30547289254979e-05,1.92179639091134,0.404,0.3,0.471815027460314,"5","GTDC1"
0,1.91990172281717,0.971,0.975,0,"5","MT-ND3"
7.66814478581068e-09,1.91969959957718,0.548,0.408,0.000156928583041616,"5","MAPK14"
0.00140324209795128,1.91821628530607,0.385,0.326,1,"5","CRACR2A"
0.00850017516691781,1.91510496701009,0.452,0.463,1,"5","CAMKMT"
0.00474653017388849,1.91442845420453,0.356,0.289,1,"5","CCDC7"
0.000144955044900419,1.90884024018125,0.471,0.42,1,"5","WWOX"
0.000109440307232811,1.90850074713039,0.394,0.304,1,"5","IQSEC1"
0.000615985277079067,1.90834103950465,0.25,0.152,1,"5","FANCC"
1.00607789066398e-05,1.90807312908475,0.404,0.279,0.205893840324384,"5","HDAC4"
0.000836345881329192,1.90746004467206,0.337,0.256,1,"5","TRMT11"
2.30926389122033e-14,1.90511540047651,0.673,0.53,4.7259085533824e-10,"5","CDK17"
1.1752280379973e-06,1.90479949858267,0.5,0.409,0.0240510417976147,"5","MIR4435-2HG"
0,1.90439553324194,0.769,0.648,0,"5","TNIK"
9.38582545018107e-13,1.90369373296434,0.721,0.68,1.92080917837956e-08,"5","PVT1"
5.93767879308871e-09,1.9029284413666,0.558,0.43,0.00012151459650056,"5","FNIP1"
1.3560685907521e-10,1.90285110181208,0.644,0.542,2.77519437097418e-06,"5","KLF12"
0.000653569136469745,1.9025951952977,0.308,0.215,1,"5","POLR3A"
0.00310190907035057,1.90084923606535,0.346,0.283,1,"5","IGSF9B"
1.08306426338522e-06,1.90081470360049,0.423,0.287,0.0221649101501786,"5","AKAP10"
7.27984339476961e-11,1.90079705642281,0.644,0.542,1.4898199507396e-06,"5","ERC1"
0.000203610153714617,1.90073481525553,0.25,0.138,1,"5","GALNT3"
0.000420725945567524,1.90042184946577,0.413,0.343,1,"5","FTO"
0.00174920670961654,1.89856490270801,0.375,0.312,1,"5","WDR44"
0.00164837280677532,1.89692115126371,0.346,0.274,1,"5","EYA3"
0,1.89610641351677,0.74,0.605,0,"5","KDM4C"
3.50373805524384e-08,1.89165937636994,0.577,0.49,0.000717039993005653,"5","WDR70"
0.00369567167331697,1.8905086258435,0.337,0.274,1,"5","COX10-AS1"
1.55899622731326e-05,1.88824053787373,0.346,0.207,0.319048577919658,"5","DTL"
0.000315545996040889,1.88775232282062,0.337,0.242,1,"5","SPATS2"
1.6161306435114e-05,1.88752570697772,0.471,0.387,0.330741136194609,"5","RABGEF1"
0.000648621056518417,1.88649885219606,0.49,0.492,1,"5","ETV6"
1.40804479187295e-10,1.88608621054593,0.663,0.593,2.881563666568e-06,"5","ARID2"
0.00367505495972265,1.8860824851941,0.346,0.278,1,"5","ZNF236"
4.02823367995353e-08,1.88538566818016,0.577,0.479,0.00082437802260249,"5","NEDD9"
0.00599012679315258,1.8836014938559,0.26,0.182,1,"5","ST3GAL2"
0,1.88351863119857,0.846,0.798,0,"5","PRKCQ"
1.13529186052119e-11,1.88329329107155,0.673,0.566,2.32337479255662e-07,"5","FOXO1"
3.88147958219065e-10,1.88257894522005,0.673,0.649,7.94344796495317e-06,"5","TBC1D5"
2.22044604925031e-16,1.88151465463804,0.808,0.786,4.54414283979077e-12,"5","CBLB"
2.0461741190303e-09,1.88072773268934,0.577,0.491,4.1874953345955e-05,"5","BRAF"
3.40838468559923e-13,1.88011327355634,0.721,0.659,6.97525925907883e-09,"5","HERC1"
0.00929305616039722,1.87993054698089,0.308,0.249,1,"5","MIGA1"
8.45567566254424e-05,1.87613047864318,0.385,0.287,1,"5","BICD1"
6.80251410756227e-11,1.87336076037639,0.74,0.705,1.39213451211262e-06,"5","CDC14A"
7.23943623492929e-07,1.87111800578861,0.606,0.627,0.0148155062547828,"5","ITPR2"
0.00265886541416904,1.8705884544321,0.26,0.174,1,"5","KMT2D"
0.00179807692697054,1.86997962418804,0.308,0.222,1,"5","TTLL5"
0.000845554885227751,1.86823629872291,0.404,0.34,1,"5","RFFL"
3.99680288865056e-15,1.86822632631207,0.74,0.68,8.17945711162338e-11,"5","CAMK2D"
1.94499438910256e-06,1.86798057858011,0.51,0.414,0.0398043101729839,"5","YES1"
0.000948150191683483,1.86562690775433,0.394,0.33,1,"5","EDRF1"
0.00217007749770071,1.86312722637285,0.346,0.281,1,"5","MTOR"
4.40978944915571e-07,1.86214552905448,0.5,0.38,0.00902463410769716,"5","CSNK1G1"
2.49753662195928e-09,1.86146166592429,0.538,0.392,5.11120869683968e-05,"5","LCOR"
0.00179336764693927,1.86100072776818,0.442,0.412,1,"5","RALGAPA2"
0,1.8590617679243,0.933,0.84,0,"5","ANKRD11"
0.000839324429591226,1.85900658224252,0.375,0.307,1,"5","FAM193A"
1.59963120527351e-08,1.8581714315199,0.577,0.467,0.000327364526159224,"5","HELLS"
1.80049940068372e-07,1.8573149315452,0.519,0.427,0.00368472202349923,"5","TTC7A"
0.0027882483132815,1.85593573881776,0.346,0.282,1,"5","WDR20"
5.25167093041734e-05,1.85579726953937,0.519,0.47,1,"5","GMDS-DT"
0.00444695137654816,1.85504218120306,0.365,0.319,1,"5","HECA"
0.000507012189357114,1.85414161738997,0.433,0.375,1,"5","SEC24B"
4.29430853712276e-05,1.8534307929614,0.462,0.37,0.878830242122173,"5","INPP4B"
0,1.85239200329524,0.837,0.771,0,"5","LRBA"
0,1.85181303138792,1,0.997,0,"5","MT-ATP6"
4.15875182557812e-06,1.85152641892235,0.433,0.313,0.0851088561104563,"5","IKBKB"
1.70710085400927e-07,1.8513741941794,0.567,0.506,0.00349358189772997,"5","KDM6A"
0.00426201584341479,1.8508489301269,0.327,0.261,1,"5","FAM168A"
6.55628278778408e-07,1.84931864089963,0.49,0.367,0.0134174327252001,"5","VPS13D"
1.44505823973518e-07,1.84852737866279,0.615,0.543,0.00295731168761804,"5","SAMD3"
5.73289207697059e-05,1.84785447618157,0.433,0.352,1,"5","KDM4B"
5.32907051820075e-15,1.84643472479685,0.75,0.672,1.09059428154978e-10,"5","PREX1"
0,1.84613779807991,0.875,0.704,0,"5","MYO1F"
1.05870867628255e-12,1.84308951424328,0.644,0.497,2.16664730601224e-08,"5","HDAC7"
2.79472282871396e-07,1.84128873516857,0.529,0.42,0.00571940026896312,"5","FBXO11"
5.7518388596467e-06,1.83856733128021,0.423,0.306,0.11771138226267,"5","PTBP2"
0.00296411088886428,1.83849906137122,0.375,0.322,1,"5","SRBD1"
5.55111512312578e-15,1.83451652268896,0.692,0.55,1.13603570994769e-10,"5","UBR5"
3.9250631984844e-05,1.83335769175831,0.519,0.488,0.803264183569833,"5","STAU2"
1.9970098463773e-08,1.83031327664606,0.587,0.496,0.000408688065061114,"5","SEL1L3"
5.28416436962331e-06,1.8300156008947,0.51,0.421,0.108140423824341,"5","GNAQ"
1.3283075483983e-07,1.82900412964703,0.673,0.638,0.00271838139779712,"5","LINC01934"
0.000222673630489778,1.8282174618594,0.365,0.273,1,"5","SYNE3"
0.000306049403397068,1.82781012533966,0.519,0.492,1,"5","KIAA1109"
0,1.82524914872512,0.981,0.98,0,"5","ARHGAP15"
0,1.82363727049207,0.808,0.718,0,"5","SEMA4D"
1.36402000805447e-12,1.82332393237567,0.663,0.527,2.79146694648347e-08,"5","ERBIN"
0.000791402888858261,1.82312156861735,0.327,0.241,1,"5","LMTK2"
0.00747092161761365,1.82220847772744,0.346,0.3,1,"5","NR2C1"
0.00288449062817331,1.82140113615545,0.413,0.384,1,"5","BICRAL"
5.1767334581232e-06,1.82075267828371,0.5,0.419,0.105941850220491,"5","MYO5A"
0.000157087758526187,1.81989472333668,0.269,0.157,1,"5","APOBR"
3.68380637105759e-09,1.81988509,0.596,0.502,7.53890973836935e-05,"5","PCNX2"
0.000713520661540734,1.81949197044377,0.327,0.238,1,"5","SPATA5"
0.000125602000096814,1.81848940420948,0.471,0.397,1,"5","PSME4"
1.63719377344052e-06,1.81701933379943,0.587,0.523,0.0335051705734601,"5","ST8SIA4"
1.99840144432528e-15,1.81675795434503,0.779,0.781,4.08972855581169e-11,"5","SSH2"
3.99676269857707e-09,1.81662242949572,0.635,0.559,8.17937486263798e-05,"5","PAN3"
0.000391147925381086,1.81655978302452,0.404,0.347,1,"5","FBXW11"
0,1.8146380070452,0.962,0.981,0,"5","MT-ND1"
0.00321205344582798,1.81425287932207,0.25,0.165,1,"5","GEN1"
0.000552423411247283,1.81412367195444,0.529,0.559,1,"5","ASAP1"
0,1.81265741698502,0.779,0.7,0,"5","AP3B1"
2.44249065417534e-15,1.81248140911707,0.798,0.727,4.99855712376984e-11,"5","RPS6KA5"
2.22044604925031e-16,1.81181180790734,0.769,0.748,4.54414283979077e-12,"5","BIRC6"
0.00971289340307258,1.81137468794273,0.452,0.461,1,"5","SATB1-AS1"
1.74655498597076e-06,1.81008276554506,0.51,0.423,0.0357432477878916,"5","GBF1"
1.63335249769858e-08,1.8097225908124,0.587,0.494,0.000334265588654015,"5","LINC00342"
4.81558361897783e-06,1.80628025038667,0.423,0.312,0.0985509187623812,"5","CBFA2T2"
2.40343300816903e-10,1.80623081491486,0.673,0.646,4.91862565121792e-06,"5","PLCL2"
0,1.8045469282351,0.933,0.956,0,"5","THEMIS"
0,1.80348437593559,0.981,0.997,0,"5","MT-CO2"
0.00814495105636914,1.80308283595379,0.346,0.296,1,"5","HS2ST1"
0.000509982457601144,1.80207141008517,0.337,0.242,1,"5","BRI3BP"
6.71154212827929e-06,1.80147015245154,0.375,0.244,0.137351709655236,"5","KIF21B"
2.60991971239299e-05,1.8010648838933,0.5,0.439,0.534120069141226,"5","RFX7"
0.00211113163234122,1.80018785274568,0.385,0.332,1,"5","EPC2"
4.51971793324901e-12,1.79862385496414,0.673,0.556,9.2496027503941e-08,"5","JARID2"
0.00401183259640558,1.79817129238184,0.51,0.546,1,"5","CASK"
0.000191069857558013,1.79676634601296,0.337,0.222,1,"5","FBXW4"
5.18406584326669e-09,1.79386408311962,0.587,0.419,0.000106091907482453,"5","MKI67"
0.00127931535845471,1.79329359789653,0.346,0.271,1,"5","LONP1"
6.57260647463076e-07,1.79326478549324,0.567,0.493,0.0134508391503319,"5","RC3H1"
0.00146971354712733,1.79304628907192,0.375,0.307,1,"5","CEP95"
0.000339965580650636,1.79221883547628,0.365,0.277,1,"5","EXOC6B"
0,1.79170300459782,0.971,0.992,0,"5","MT-CYB"
0.000760605420808469,1.79142938571773,0.404,0.342,1,"5","C18orf25"
0,1.79126925783108,0.904,0.8,0,"5","STK10"
0,1.79103278900084,0.865,0.848,0,"5","PAG1"
0,1.78993588759241,0.885,0.829,0,"5","RUNX3"
0.00143111280977415,1.78759337853265,0.385,0.313,1,"5","CCDC6"
8.88178419700125e-16,1.78612562528931,0.817,0.756,1.81765713591631e-11,"5","ZNF292"
1.56114337901414e-07,1.78509658434117,0.538,0.445,0.00319487992515244,"5","MARCH6"
4.70113453809873e-06,1.78453667306006,0.49,0.394,0.0962087183221905,"5","THADA"
2.48213545273046e-08,1.78441996693272,0.625,0.565,0.000507969020401289,"5","HERC4"
1.10025793120805e-06,1.78380072381953,0.519,0.43,0.0225167785621727,"5","TNRC6A"
4.20435797288121e-09,1.78266493716564,0.644,0.601,8.6042185915014e-05,"5","ZCCHC7"
0.000106376640062189,1.78165808183289,0.481,0.44,1,"5","TBCK"
0.00947428058286359,1.78094147284847,0.25,0.185,1,"5","LLGL2"
0.000393858987847828,1.78090551705018,0.519,0.504,1,"5","COG5"
0.000528117740611345,1.78025175356405,0.413,0.353,1,"5","VPS54"
2.52272180145674e-06,1.77921926482755,0.577,0.57,0.0516275016668122,"5","SENP7"
9.84601810882779e-06,1.77725924216528,0.471,0.373,0.201498760597161,"5","SCFD2"
0.00962422842849131,1.77359442512702,0.26,0.196,1,"5","TTBK2"
8.00846500226271e-08,1.77219136673772,0.635,0.582,0.00163893236271306,"5","LYST"
0.000276410829774365,1.7719730042084,0.423,0.35,1,"5","UBAP2"
0,1.77168955508796,0.779,0.674,0,"5","FRYL"
2.34578851898704e-08,1.76967607320298,0.615,0.549,0.000480065620410697,"5","LPP"
0,1.7691643582862,0.981,0.993,0,"5","MT-CO3"
8.51624903930315e-09,1.76837475079954,0.644,0.589,0.000174285036589339,"5","ANKRD36C"
0.00568100841220032,1.76464759798184,0.385,0.332,1,"5","LINC01588"
1.25415233753756e-11,1.76315411920257,0.663,0.568,2.56662275877062e-07,"5","SETD5"
1.57789337151826e-11,1.76244916484857,0.712,0.646,3.22915878481211e-07,"5","ST3GAL1"
0.0024623750281676,1.76171087436503,0.327,0.249,1,"5","CEP295"
0.00146006713574498,1.75979507264758,0.356,0.281,1,"5","INTS7"
5.39954049250113e-07,1.75931122172266,0.615,0.592,0.0110501596179036,"5","TRAF3"
1.90947258005281e-11,1.75892574945724,0.692,0.623,3.90773563507807e-07,"5","GSK3B"
0.00159843540563531,1.75798237085781,0.404,0.352,1,"5","RPS10"
2.05425172947749e-05,1.75786681896729,0.433,0.333,0.420402616437567,"5","NF1"
0.00069798940172694,1.75678736813484,0.269,0.167,1,"5","ZNF700"
0,1.7565624170762,0.827,0.757,0,"5","CAB39"
0,1.75612303630579,0.837,0.805,0,"5","DOCK2"
1.34345584923423e-06,1.75569529065061,0.625,0.653,0.0274938239545786,"5","KDM2A"
2.41239598481879e-05,1.75447703736836,0.49,0.449,0.493696838293166,"5","NSD2"
0,1.75342396847168,0.981,0.993,0,"5","MT-ND4L"
6.66133814775094e-16,1.75330303426084,0.769,0.716,1.36324285193723e-11,"5","ELMO1"
0.00955434059052362,1.75328743118087,0.308,0.247,1,"5","MINDY3"
0.00334208405174086,1.75310815759775,0.346,0.286,1,"5","INF2"
0,1.75193933832599,0.952,0.968,0,"5","MT-ND2"
0.0094643964181147,1.75183527056859,0.269,0.192,1,"5","DIAPH3"
3.23009875935476e-06,1.7507584790327,0.635,0.622,0.0661039711101952,"5","ARAP2"
9.73910936474809e-06,1.7468668529212,0.394,0.271,0.19931087314957,"5","MAU2"
0.00216243766377766,1.74659638265166,0.308,0.229,1,"5","SLC6A6"
0.00423605200761501,1.74524966596038,0.365,0.312,1,"5","UBE4B"
0.000714469848784427,1.74519452476827,0.442,0.409,1,"5","S100PBP"
0.00729496830611787,1.74422831621264,0.404,0.384,1,"5","GPATCH2L"
3.08642000845794e-14,1.7437572385202,0.702,0.662,6.31635854730916e-10,"5","STAG1"
2.93029313613857e-06,1.74370136206933,0.51,0.437,0.0599684490310759,"5","DIAPH2"
0.00214048051661053,1.74354006373845,0.385,0.325,1,"5","COX10"
1.67891012203825e-09,1.74208910979102,0.663,0.576,3.43588956475127e-05,"5","IL2RA"
7.23865412055602e-13,1.74135952332875,0.702,0.627,1.48139056577179e-08,"5","COP1"
0.00353670525825733,1.74105026312333,0.298,0.227,1,"5","CEP152"
0.00258570233585265,1.73858725287825,0.298,0.22,1,"5","AHCYL2"
0,1.7383369221812,0.904,0.84,0,"5","AKAP13"
0,1.73639399588218,0.981,0.989,0,"5","MT-ND4"
3.6319884710867e-05,1.73488305644196,0.49,0.415,0.743286440607893,"5","RRBP1"
2.37857277267661e-05,1.73487711938973,0.5,0.423,0.486774917928269,"5","ANO6"
5.37125899313651e-12,1.7330155280007,0.702,0.641,1.09922815294539e-07,"5","FAF1"
1.12366126348018e-05,1.73054036944577,0.5,0.419,0.229957277571219,"5","CBL"
3.93995813752213e-09,1.72802075881324,0.606,0.52,8.06312432843903e-05,"5","GPHN"
5.90869408068073e-07,1.72800189476586,0.519,0.438,0.0120921424361131,"5","HECTD4"
3.75796933349548e-07,1.7270475775418,0.481,0.351,0.0076906842409985,"5","TMEM181"
0,1.72703947914419,0.942,0.938,0,"5","PRKCH"
3.70414809935937e-12,1.72328826735436,0.683,0.607,7.58053908533896e-08,"5","CCDC88C"
5.2790509741385e-09,1.72296612964989,0.606,0.539,0.000108035778185744,"5","MON2"
2.34502126383873e-07,1.72131974765882,0.548,0.448,0.00479908601644596,"5","TBC1D2B"
0.00229844932197576,1.7210554468872,0.337,0.267,1,"5","AC005670.3"
8.15889926730762e-08,1.72048251684718,0.577,0.499,0.0016697187350545,"5","RNGTT"
0.000609318767611944,1.71939639347691,0.462,0.427,1,"5","ZMYM2"
5.84627400959103e-05,1.7191979820162,0.481,0.421,1,"5","AMBRA1"
6.45118869435635e-09,1.71826717041473,0.731,0.743,0.000132023576630003,"5","RORA"
4.28014456077541e-06,1.71572914772982,0.529,0.462,0.0875931584362688,"5","CLASP1"
1.24578794733488e-05,1.71512648659003,0.538,0.487,0.254950503422082,"5","CRTC3"
0.000117439872964642,1.71508170261285,0.471,0.407,1,"5","CHFR"
0.00549070452487954,1.71481437145624,0.298,0.227,1,"5","ZNF592"
1.13465202611351e-06,1.7143466948032,0.538,0.459,0.0232206537144131,"5","SPAG9"
0.00133846044114794,1.71346734399553,0.51,0.537,1,"5","TLE4"
1.03982269461511e-08,1.71321799651059,0.615,0.56,0.000212799714452983,"5","KAT6A"
1.20442672502108e-07,1.71319568816257,0.615,0.617,0.00246485929275564,"5","GPATCH8"
2.12496686913255e-13,1.71298388262762,0.75,0.708,4.34874469767976e-09,"5","AKNA"
0.00109098291489351,1.71050971738151,0.481,0.449,1,"5","SLAMF1"
1.5090532488049e-05,1.71024350113498,0.462,0.355,0.308827747367924,"5","CLSTN3"
0.000257435519516624,1.70970764509077,0.404,0.333,1,"5","VPS53"
0.00643881486232467,1.70864014878026,0.327,0.253,1,"5","ARHGEF12"
0.00331619852879039,1.70680474839999,0.404,0.37,1,"5","DCAF6"
0.000124284235103467,1.70633769382587,0.423,0.307,1,"5","CENPF"
0.000534988487369548,1.70585730904293,0.423,0.362,1,"5","CHD6"
0,1.70385354694117,0.962,0.986,0,"5","MT-ND5"
0.00174449627997397,1.70374816930384,0.356,0.285,1,"5","ALMS1"
3.34031175122096e-05,1.703201776924,0.519,0.464,0.683594799887369,"5","NEK7"
0.00126605968515991,1.70246658607883,0.452,0.422,1,"5","TRRAP"
5.07536304765743e-05,1.70167053054878,0.442,0.362,1,"5","WWP2"
0.000638639766057825,1.69974512248917,0.26,0.156,1,"5","MCM10"
0.000253972968726979,1.69879397541633,0.385,0.283,1,"5","TRIM37"
0.00140925634685507,1.69743846520681,0.481,0.469,1,"5","FOXJ3"
0.00185134396179287,1.69570520377437,0.317,0.242,1,"5","PPP1R12B"
0.00672302360272492,1.6946866396992,0.404,0.383,1,"5","ZZEF1"
6.71223007382427e-05,1.69421796557028,0.365,0.244,1,"5","CHAF1A"
0.00649252816792045,1.69362639256449,0.49,0.502,1,"5","DOCK9"
0.000417969571431476,1.69099932746385,0.471,0.433,1,"5","HDAC8"
5.37900474917308e-06,1.69092057927338,0.567,0.531,0.110081332191827,"5","FNDC3A"
0.000948212346111532,1.68942400234516,0.471,0.465,1,"5","TAF3"
0.000233532453528973,1.68931071664476,0.356,0.249,1,"5","CLSPN"
0.000116944725504942,1.68485635782655,0.442,0.371,1,"5","R3HCC1L"
0.00181219928062992,1.68429177793623,0.481,0.502,1,"5","HIVEP2"
2.10446222468352e-05,1.6798574812178,0.587,0.568,0.430678194281483,"5","HELZ"
0.000718221407085995,1.67936327514718,0.365,0.279,1,"5","NCOA5"
0.000758694201596022,1.67840309497619,0.481,0.479,1,"5","FCHSD2"
1.63855987997952e-05,1.67780884935999,0.5,0.434,0.335331279437808,"5","ATP9B"
0.00284655862503747,1.67437835161131,0.288,0.209,1,"5","INTS1"
1.46317469251755e-09,1.67349314531898,0.683,0.66,2.99438700823718e-05,"5","TBL1XR1"
0.000580506418350168,1.67327245093106,0.317,0.214,1,"5","DDX11"
5.50319532610644e-07,1.67261633790737,0.567,0.516,0.0112622892348768,"5","NUP153"
4.65605332067298e-12,1.67191161560492,0.673,0.613,9.52861312075726e-08,"5","UPF2"
9.55183856454767e-07,1.67088077051736,0.529,0.419,0.0195478376223468,"5","EP300"
0.000144928069794492,1.66917624450189,0.404,0.312,1,"5","USP37"
0,1.66817424999181,0.798,0.717,0,"5","JMJD1C"
0.00129250151836424,1.66814251087656,0.375,0.305,1,"5","ARHGAP10"
2.40594263511973e-06,1.66695428822777,0.538,0.446,0.0492376160277253,"5","PHTF2"
0.00661170401240541,1.66643478799514,0.365,0.313,1,"5","ZNF83"
4.10898732166043e-05,1.66547283506409,0.423,0.312,0.840904255377807,"5","ANKFY1"
0.00378717407186602,1.66392253060296,0.269,0.182,1,"5","FANCD2"
2.22044604925031e-16,1.66365706359816,0.875,0.88,4.54414283979077e-12,"5","DPYD"
0,1.66172524069836,0.827,0.758,0,"5","BCL11B"
0.000324453764160459,1.66127634333952,0.385,0.306,1,"5","ILRUN"
0.00219724621652428,1.65997355287147,0.346,0.27,1,"5","NSUN6"
0.00313740466228407,1.65952323905695,0.442,0.417,1,"5","YAF2"
0.0039055496412479,1.65884603715289,0.308,0.237,1,"5","DOP1B"
0.00144163711979273,1.65798508647548,0.423,0.386,1,"5","VGLL4"
9.61223545203893e-09,1.6563901577129,0.567,0.445,0.000196714398525977,"5","PI4KA"
0.00163564634093549,1.65539367993631,0.413,0.362,1,"5","PRIM2"
0.00256306103701109,1.65436652342429,0.385,0.324,1,"5","LCORL"
2.65082372274961e-07,1.6535042704613,0.673,0.668,0.00542491074860707,"5","MBD5"
3.79100381886488e-06,1.65137259696801,0.519,0.416,0.0775828931530698,"5","ATAD2"
7.77110474754483e-05,1.65037175974253,0.577,0.588,1,"5","GLCCI1"
0.00205132083461379,1.65006247594036,0.51,0.537,1,"5","IVNS1ABP"
4.87512981057758e-05,1.64970192380262,0.433,0.344,0.997695315734702,"5","TAOK1"
0.0043326451528285,1.64945797930133,0.51,0.539,1,"5","ANKIB1"
1.55096422393974e-06,1.64862740703729,0.51,0.419,0.0317404828429269,"5","XPO6"
0.00163034728525746,1.64859060229455,0.423,0.378,1,"5","ATF2"
0.0014651620048407,1.64744078329964,0.279,0.183,1,"5","ITGA1"
3.99680288865056e-15,1.6466276427469,0.817,0.773,8.17945711162338e-11,"5","PDE7A"
0,1.64443565860258,0.942,0.962,0,"5","SKAP1"
0,1.64387984495769,0.971,0.946,0,"5","DOCK10"
0.000404245472153564,1.64222375457575,0.519,0.518,1,"5","ABCC1"
0.0019603429202466,1.64219479140934,0.279,0.19,1,"5","TADA2A"
0.000225748056288833,1.63808622877002,0.404,0.318,1,"5","USP36"
3.70572257546442e-07,1.63787652058433,0.558,0.461,0.00758376125068794,"5","EZH2"
0.000573584464248933,1.63768062677073,0.356,0.263,1,"5","ATAD5"
8.88178419700125e-16,1.63736430736255,0.769,0.7,1.81765713591631e-11,"5","INPP4A"
7.70636081646181e-05,1.6335283266741,0.385,0.277,1,"5","AHI1"
0.00407052447996792,1.63238955401339,0.298,0.217,1,"5","LUZP1"
0.00475490741838103,1.63211117201618,0.356,0.3,1,"5","EMSY"
0.00407888318684391,1.63165607429173,0.413,0.379,1,"5","NCOA1"
1.07053056197515e-06,1.6280743149686,0.529,0.452,0.0219084079508214,"5","KLC1"
0.000460322211643271,1.62743770385944,0.442,0.378,1,"5","MRTFA"
6.63559422720006e-06,1.62564682491604,0.529,0.487,0.135797435859649,"5","ARIH1"
0.00126776608480239,1.6247756152772,0.462,0.424,1,"5","MFSD6"
0.00287629188560445,1.62428099733686,0.288,0.211,1,"5","LARS2"
1.77513139743013e-08,1.62331180233333,0.663,0.655,0.000363280640484076,"5","NFATC2"
8.8343398828572e-05,1.62058534000914,0.433,0.35,1,"5","ANKRD28"
2.04432692996193e-10,1.61881423947225,0.75,0.718,4.18371506216708e-06,"5","PACS1"
0.000120516306484797,1.61857639402244,0.548,0.53,1,"5","AFF4"
0.00457598463107867,1.61786078719643,0.375,0.325,1,"5","HMGXB3"
6.04241610080436e-08,1.61601259946943,0.663,0.624,0.00123658045502961,"5","ANKRD36"
0.000136706478915949,1.61326807564339,0.471,0.424,1,"5","LRCH3"
0.000498485690935357,1.612729191582,0.538,0.551,1,"5","NFAT5"
0.00426027763135073,1.60913075649689,0.298,0.229,1,"5","SEC31B"
2.02344678124078e-07,1.60755982587762,0.596,0.54,0.00414098383780925,"5","DENND4C"
0.000360872927964717,1.60745576169486,0.5,0.446,1,"5","PFKFB3"
0.000530738956387111,1.60656217104973,0.471,0.436,1,"5","RASSF3"
1.19816079280355e-08,1.60514060986526,0.615,0.578,0.000245203606247246,"5","DLG1"
2.1627144519698e-13,1.60274639144843,0.731,0.66,4.42599512595621e-09,"5","CDK13"
0.00555687423552231,1.60270711612897,0.375,0.34,1,"5","AUH"
0.000121987083034236,1.60133941278596,0.529,0.531,1,"5","NFATC2IP"
2.57591681318559e-09,1.60030811357063,0.654,0.598,5.2716137581843e-05,"5","NCOA3"
0.00562778736957248,1.59859239437623,0.413,0.377,1,"5","RBL1"
0.00474430206601317,1.59824553382269,0.269,0.193,1,"5","ZNF808"
2.40592481004498e-06,1.59750271647512,0.519,0.466,0.0492372512375705,"5","LARP4B"
2.4671809772947e-07,1.59572292172713,0.663,0.64,0.00504908587003361,"5","PUM2"
0.0014148277484618,1.590888581862,0.346,0.274,1,"5","SCAI"
0.000389565014553561,1.58976221186907,0.558,0.555,1,"5","SYTL2"
3.88865930567306e-07,1.58963761545964,0.587,0.504,0.00795814126905992,"5","GATAD2B"
1.93178806284777e-14,1.58939133126954,0.788,0.744,3.95340427061797e-10,"5","USP34"
0.000443536604866068,1.58744223613329,0.452,0.383,1,"5","DTNB"
0.00602067246783777,1.586227282946,0.288,0.22,1,"5","AREL1"
7.85023157590103e-11,1.58436425306547,0.683,0.667,1.60654989200815e-06,"5","NIBAN1"
4.14326351005911e-11,1.58110934503225,0.683,0.641,8.47918877333598e-07,"5","CNTRL"
1.60357395599942e-05,1.58000057781842,0.644,0.679,0.32817141009528,"5","SLC38A2"
0.00862784797000704,1.57878779947929,0.394,0.359,1,"5","RASA1"
0.00034085088914515,1.57654153724228,0.481,0.427,1,"5","SCAPER"
8.47174994822453e-07,1.57431373460381,0.5,0.36,0.0173374362690415,"5","E2F3"
3.36315238769203e-07,1.57390085126053,0.558,0.454,0.00688269136141173,"5","AGO2"
0.000143354514312133,1.57386479815986,0.481,0.437,1,"5","CEP192"
0.00883042911858567,1.57319270517072,0.423,0.408,1,"5","KIDINS220"
0.000517814408582451,1.57161368169887,0.452,0.406,1,"5","ATXN2"
1.40073693510878e-06,1.57077572075292,0.558,0.476,0.0286660813770012,"5","PPP6R2"
0.000190260083871907,1.57019337314699,0.413,0.331,1,"5","MFSD14C"
7.21076442622426e-06,1.56929311702987,0.481,0.372,0.147568293982679,"5","CLASP2"
1.14163734843409e-05,1.56766236037924,0.692,0.746,0.233636083357036,"5","TGFBR2"
0,1.56540217498712,0.788,0.713,0,"5","ASH1L"
6.16474833787795e-05,1.5653569059333,0.51,0.459,1,"5","CDK11A"
0.00440506516926842,1.56266946925235,0.394,0.353,1,"5","MED27"
0.00992906911720715,1.56066583193966,0.481,0.496,1,"5","LDLRAD4"
0.00904875991518983,1.55910748300584,0.394,0.367,1,"5","BLM"
2.98433356249461e-06,1.55866749100848,0.558,0.518,0.0610743863564522,"5","ARID1A"
0.0045967488361156,1.55787922507805,0.404,0.377,1,"5","SCAF8"
1.58898121154216e-05,1.55656975079008,0.51,0.436,0.325185004942103,"5","CREBBP"
0.00392097616568221,1.55626671893777,0.337,0.265,1,"5","FOXK2"
0.000922784928300002,1.55545931638914,0.5,0.493,1,"5","GPCPD1"
0.000120311190930922,1.55476142582548,0.519,0.485,1,"5","TUT7"
0.00125408227074586,1.55452261970133,0.375,0.299,1,"5","PNPLA6"
0.00523519980381981,1.553733974017,0.51,0.528,1,"5","DIP2A"
3.97048340070594e-05,1.55313022121586,0.538,0.484,0.81255942795447,"5","DENND4A"
6.47559955213595e-07,1.55183899990354,0.635,0.62,0.0132523144834462,"5","ZNF148"
0.00116784612139331,1.54815141279387,0.462,0.432,1,"5","PHACTR2"
5.95372150025142e-07,1.54633701332443,0.625,0.589,0.0121842910502645,"5","SLC4A7"
0.00303362464967449,1.54606278823874,0.375,0.322,1,"5","DENND6A"
1.73020038518601e-06,1.54542845294001,0.606,0.564,0.0354085508828317,"5","ATP2B4"
3.35322880573585e-11,1.54495624707971,0.731,0.688,6.86238275093842e-07,"5","RSF1"
3.0155044017377e-08,1.54414194244748,0.702,0.696,0.00061712297581562,"5","P2RY8"
2.43975164448962e-06,1.54412325460893,0.606,0.568,0.04992951740448,"5","TMEM131"
0.00677099692459082,1.54410063046847,0.394,0.355,1,"5","KIAA0319L"
0.000389834743526496,1.5427985939866,0.529,0.53,1,"5","UBR1"
0.00454123236391379,1.54274708278523,0.269,0.192,1,"5","LIMD1"
3.67367227682713e-06,1.54032161260169,0.577,0.552,0.0751817031452673,"5","CLIP1"
2.05420300769532e-08,1.54002055202093,0.625,0.563,0.000420392645524847,"5","PPP6R3"
0.00596755475005661,1.53841516235923,0.423,0.39,1,"5","WDR26"
0.000193295260184634,1.53821474804227,0.346,0.234,1,"5","SMURF1"
6.89957125010743e-06,1.5374730040949,0.577,0.576,0.141199725633449,"5","GMDS"
0.000758559707186635,1.53611154691569,0.5,0.491,1,"5","TRIM33"
0.00171893970041093,1.5357001609648,0.452,0.419,1,"5","RPRD2"
0,1.53502037104686,0.99,0.99,0,"5","MBNL1"
0,1.53434422056056,0.904,0.883,0,"5","PRKCB"
3.78977275405923e-06,1.53369970108121,0.644,0.646,0.0775576994118221,"5","PDE4D"
0.00377750879638739,1.53346888572912,0.423,0.392,1,"5","FARS2"
9.73960651018402e-07,1.52966656305643,0.615,0.605,0.0199321047230916,"5","ZNF644"
3.1541549704972e-05,1.52836671537501,0.577,0.572,0.645497814712253,"5","MNAT1"
0.000196177036735801,1.52814734153884,0.49,0.461,1,"5","FAM126A"
0.00130547165237282,1.52761698578224,0.462,0.441,1,"5","AFF1"
2.58035572822113e-05,1.52710788682697,0.587,0.606,0.528069799780454,"5","PPP3CC"
3.73179065427109e-09,1.52699010724185,0.673,0.661,7.6371095739658e-05,"5","PTPN7"
0,1.52465032688146,0.923,0.948,0,"5","ANKRD44"
1.48148160405981e-12,1.52285509095893,0.75,0.772,3.0318521027084e-08,"5","MLLT3"
0.000660040930863026,1.5227889273545,0.423,0.366,1,"5","ENOSF1"
0,1.52185061394911,0.846,0.899,0,"5","FLNA"
7.643473668284e-05,1.52125177313682,0.462,0.375,1,"5","MAN2A1"
0,1.52080406723974,0.894,0.922,0,"5","CDC42SE2"
6.02954693484925e-06,1.520139216392,0.519,0.429,0.12339467802169,"5","WDR7"
9.1338953721376e-05,1.51874140447752,0.548,0.558,1,"5","RBM26"
3.1479371490617e-05,1.51852838796488,0.558,0.552,0.644225337555476,"5","PRDM2"
0.00917020131503432,1.51818055854639,0.317,0.261,1,"5","XPO7"
1.79850759349787e-05,1.51755934361903,0.529,0.489,0.368064579009338,"5","NUFIP2"
4.88498130835069e-15,1.51720568814182,0.798,0.707,9.99711424753968e-11,"5","AAK1"
0.00881336873244698,1.51356842155558,0.423,0.407,1,"5","BCL2L1"
4.66293670342566e-15,1.51334680137046,0.808,0.774,9.54269996356061e-11,"5","ADK"
0.00917454491072589,1.513173726588,0.404,0.378,1,"5","INO80"
0.00202748134707154,1.51240440102345,0.385,0.322,1,"5","UBR3"
2.54215896089427e-05,1.51215533901107,0.577,0.564,0.520252831347012,"5","RNF157"
1.48401291255595e-11,1.51178427388409,0.779,0.809,3.03703242554576e-07,"5","CYTH1"
0.00115289675133479,1.51045278342984,0.442,0.411,1,"5","NOTCH2"
1.00737351793612e-08,1.50976206123817,0.644,0.614,0.000206158990445626,"5","RBM6"
0.00199713568074156,1.50917364175486,0.394,0.34,1,"5","NCOA6"
0.00269696572952416,1.50891108179367,0.394,0.359,1,"5","MYSM1"
0.000558474586672242,1.50772114783042,0.442,0.389,1,"5","CTDSPL2"
0,1.50746355409356,1,0.997,0,"5","MT-CO1"
1.33226762955019e-15,1.5066919625733,0.798,0.785,2.72648570387446e-11,"5","GLG1"
0,1.50504045929358,0.865,0.871,0,"5","MT-ND6"
0.00275444085328491,1.5014098783243,0.5,0.516,1,"5","KCMF1"
3.4132776527418e-06,1.50024814604987,0.567,0.53,0.0698527271633609,"5","CNOT6L"
0,1.4992683783872,0.837,0.821,0,"5","ITGAL"
0.000466223117980169,1.49852548444374,0.51,0.483,1,"5","TET2"
1.14105083159899e-08,1.49575417288645,0.635,0.616,0.000233516052686733,"5","SMC5"
2.73256765437324e-07,1.49490151206197,0.615,0.597,0.00559219970467484,"5","PTK2B"
0.00100081742629921,1.49469306299679,0.567,0.622,1,"5","IKZF3"
0.00975373352053688,1.49375029092543,0.49,0.534,1,"5","SLC39A10"
4.44089209850063e-16,1.49252108597444,0.865,0.889,9.08828567958153e-12,"5","ANKRD12"
0.00659010421632522,1.48786481520954,0.356,0.312,1,"5","RBM5"
0.000689605206336763,1.48776631461171,0.567,0.601,1,"5","TTC14"
7.57478446722359e-05,1.48735230371958,0.558,0.532,1,"5","DNAJC1"
9.16831511155181e-07,1.48701789600521,0.596,0.554,0.0187629568757908,"5","SPATA13"
0.00103109800669277,1.48662138025774,0.462,0.432,1,"5","BTAF1"
0.000620714880578577,1.48556264219829,0.462,0.412,1,"5","CCDC88B"
2.14936352960216e-06,1.4850386926567,0.596,0.557,0.0439867246333081,"5","PHC3"
2.5325622532435e-07,1.48411828285978,0.577,0.524,0.00518288865126282,"5","CHD8"
0.00242250485292073,1.48409974323734,0.423,0.396,1,"5","DPP8"
9.58388955547562e-05,1.48371675872318,0.49,0.439,1,"5","ABHD18"
0.000216834501932217,1.48245036429311,0.548,0.526,1,"5","PIBF1"
4.08872405219807e-05,1.48169384612449,0.5,0.427,0.836757377282334,"5","CDK5RAP2"
2.20897669933606e-07,1.47772907831119,0.567,0.469,0.00452067081519125,"5","INO80D"
7.82150961775585e-06,1.47667653342597,0.567,0.574,0.160067194327373,"5","ATF7IP"
0,1.47619442112048,0.856,0.835,0,"5","IQGAP2"
1.91253962689153e-06,1.46965205024179,0.577,0.544,0.0391401234643352,"5","MKLN1"
0.000193681475869178,1.46931131750036,0.567,0.592,1,"5","CCDC91"
0,1.46895118534378,0.952,0.968,0,"5","PDE3B"
3.60489416095788e-12,1.46617266532186,0.712,0.585,7.37741590040031e-08,"5","CYTOR"
0.00637258484746472,1.4607038578698,0.452,0.465,1,"5","AGFG1"
0.0026732497884554,1.46058006663842,0.404,0.364,1,"5","SYMPK"
0.00337747029382318,1.45867471956773,0.413,0.369,1,"5","NUP160"
0.00161268121475899,1.45781340985476,0.452,0.409,1,"5","SHLD2"
0.00390043657492134,1.45733655483686,0.394,0.344,1,"5","BRD9"
1.49857903863904e-12,1.45451201512744,0.769,0.747,3.06684200257479e-08,"5","ASCC3"
0.00177676398995552,1.44995603778715,0.462,0.448,1,"5","SP4"
0.00366309365971795,1.44931484931814,0.615,0.679,1,"5","RASA3"
4.1194428468394e-07,1.44605535290993,0.606,0.603,0.00843043978605684,"5","IGF2R"
0.000599808806759361,1.44569381061084,0.529,0.533,1,"5","TSPAN5"
0.00213279090467178,1.44390570654055,0.452,0.424,1,"5","UNC13D"
0.000426974805858737,1.44271348914415,0.462,0.412,1,"5","PCNT"
0.000118464250346229,1.4422785084731,0.567,0.581,1,"5","MOB3A"
0.00322503319425826,1.44040769640865,0.394,0.334,1,"5","IPO9"
0.000209261529341198,1.43579168981008,0.538,0.534,1,"5","TGFBR1"
0,1.43490394605112,0.904,0.897,0,"5","FNBP1"
0.00349865213875322,1.43480490404992,0.375,0.314,1,"5","EEFSEC"
0.00099478582770951,1.43280630611902,0.423,0.378,1,"5","MCMBP"
1.31750775911321e-05,1.43220501668225,0.558,0.527,0.269627962902519,"5","N4BP1"
0.00145600812205826,1.43138064688307,0.529,0.526,1,"5","MAP3K1"
2.87410317767467e-10,1.43104408309255,0.75,0.732,5.88185215311121e-06,"5","CHD2"
0,1.43088289851963,0.962,0.954,0,"5","DOCK8"
1.53263673607906e-05,1.42742022708566,0.587,0.551,0.31365410803858,"5","TFRC"
1.45732786347441e-05,1.42555598422743,0.721,0.809,0.298242147260038,"5","TANK"
2.3028245976775e-10,1.4243318671738,0.769,0.751,4.712730539147e-06,"5","TNRC6B"
2.58743793479788e-06,1.42422638179126,0.644,0.614,0.0529519173356385,"5","STX16"
0.000857350478963737,1.42363417643449,0.404,0.319,1,"5","ITGAX"
4.73092598651803e-07,1.42337369612012,0.692,0.739,0.00968184003140915,"5","SRPK2"
9.26707198001253e-06,1.42333662012266,0.615,0.624,0.189650628070956,"5","IL4R"
7.86481990644461e-13,1.4232355307075,0.808,0.789,1.60953539385389e-08,"5","RASA2"
0.00253381621085125,1.41988187210429,0.548,0.622,1,"5","KDM5B"
1.80673698224609e-10,1.41965016888071,0.712,0.722,3.69748723416663e-06,"5","RB1"
3.42511752293717e-09,1.41881492687252,0.673,0.646,7.00950301069092e-05,"5","SMG1"
0.00310658688103915,1.4184893294586,0.644,0.758,1,"5","FOXP1"
0.00152008610794319,1.41768860763296,0.481,0.462,1,"5","PRKRIP1"
1.17871511906564e-06,1.41755380125929,0.606,0.598,0.0241224049116784,"5","EHMT1"
4.26361965517597e-05,1.41629626358899,0.538,0.509,0.872549762431761,"5","OTULIN"
5.58402531569691e-06,1.41490915259043,0.663,0.707,0.114277078085737,"5","NKTR"
0.00374664883083597,1.4142601124445,0.404,0.356,1,"5","HMGXB4"
2.38603293345463e-07,1.41404638765134,0.606,0.609,0.0048830163983149,"5","TRAPPC10"
0.00597798109051961,1.41375243415501,0.413,0.383,1,"5","PCNX4"
0.00691112206729083,1.41069196114507,0.288,0.217,1,"5","LDLR"
3.93598562431485e-06,1.40992196800481,0.606,0.586,0.0805499458016035,"5","RPAP2"
1.79312076298288e-09,1.40930026805608,0.712,0.694,3.66962164144446e-05,"5","OGA"
8.56529808885842e-05,1.40876240313006,0.587,0.597,1,"5","SUCLG2"
0.000405068520781926,1.40774809221317,0.51,0.51,1,"5","USP9X"
1.44452739014866e-05,1.40576746198783,0.654,0.691,0.295622530393924,"5","RAPGEF6"
7.17892412183119e-12,1.40543899757905,0.721,0.735,1.46916682153275e-07,"5","TAOK3"
6.1015159657174e-05,1.40535092888177,0.615,0.626,1,"5","USP25"
0.000419780887446652,1.40197639113391,0.423,0.359,1,"5","ZNF708"
7.83142136229209e-06,1.40112233516514,0.615,0.655,0.160270038179308,"5","TRIP12"
0.000765234553010918,1.40084585246037,0.404,0.338,1,"5","SYNJ2"
1.98477698720723e-08,1.39870735186577,0.683,0.664,0.000406184610431959,"5","ESYT2"
8.53391236397272e-05,1.39608695923173,0.538,0.539,1,"5","CHD9"
0.000937350738742015,1.39565688063383,0.625,0.703,1,"5","SERINC5"
5.00932628710871e-13,1.39339228932643,0.788,0.831,1.0251586246568e-08,"5","AC004687.1"
0.00669201569598177,1.39337887431359,0.327,0.27,1,"5","PHRF1"
0.000676791466580395,1.39321840045765,0.471,0.43,1,"5","AP3D1"
7.69593630389753e-05,1.39114310590241,0.519,0.484,1,"5","RNF216"
9.80994339450092e-06,1.38975465942221,0.558,0.561,0.200760491568461,"5","PAXBP1"
3.67561105996117e-07,1.38799811675183,0.615,0.561,0.00752213803421053,"5","RBM33"
2.19619730523757e-05,1.38234260144026,0.606,0.591,0.449451778516868,"5","PHF20"
3.66559371856034e-06,1.38180412317253,0.635,0.634,0.0750163754503375,"5","SETD2"
2.64016807727252e-06,1.37885562538993,0.673,0.681,0.0540310397013821,"5","NLRC5"
0.000176259063302542,1.37762783965138,0.481,0.412,1,"5","SLC38A10"
0.00656561854627036,1.37515339454631,0.413,0.403,1,"5","MDN1"
2.47998909475022e-06,1.37499254209766,0.663,0.647,0.0507529768240633,"5","PLCG1"
0.000129635648883353,1.37497683927263,0.625,0.671,1,"5","R3HDM2"
0.00529297363868286,1.37332194471512,0.452,0.439,1,"5","MDM4"
0.00115748917771485,1.36989855031504,0.5,0.492,1,"5","RSRC1"
2.30865169204009e-08,1.36970620037089,0.779,0.86,0.000472465568776004,"5","GNG2"
6.23160589796612e-09,1.36889206836199,0.663,0.663,0.000127529814701877,"5","DNM2"
9.49791518856102e-06,1.36857854021688,0.558,0.544,0.194374834333901,"5","PARP4"
6.35161486739477e-07,1.36818304001985,0.673,0.651,0.0129985798261234,"5","RBPJ"
1.08302731227639e-08,1.36778978084362,0.683,0.651,0.000221641539457362,"5","RICTOR"
2.18612657088002e-07,1.36619192272343,0.673,0.674,0.00447390802730596,"5","DDHD1"
9.65719954537647e-06,1.36396017357485,0.683,0.762,0.19763458869613,"5","PITPNC1"
0.002130975250074,1.35977124107633,0.423,0.372,1,"5","ADCY7"
0.00106007466754487,1.35909623588655,0.5,0.493,1,"5","GATAD2A"
0.00563947367982154,1.35892255052327,0.433,0.432,1,"5","SPG7"
7.62692973224066e-05,1.35887893624107,0.452,0.368,1,"5","TAF2"
3.72461037123628e-07,1.3576583303608,0.644,0.633,0.00762241512473505,"5","ARFGEF1"
7.37376017316826e-05,1.35631446199492,0.558,0.555,1,"5","ATP2A3"
0.000538659330964864,1.35623367701025,0.548,0.586,1,"5","ZFC3H1"
0.00109612273217663,1.35477855210478,0.519,0.549,1,"5","MARK3"
0.00138587081661701,1.3539847526626,0.481,0.465,1,"5","TENT2"
2.3089677148036e-07,1.35381451539392,0.673,0.676,0.00472530242834557,"5","CHD3"
0.0025515220565806,1.35098352794107,0.49,0.484,1,"5","MFHAS1"
8.63652753646527e-05,1.34889536527375,0.692,0.771,1,"5","BACH2"
0.00023131844921731,1.34867770281765,0.481,0.425,1,"5","ESCO1"
1.59816506100086e-05,1.34809913300261,0.538,0.485,0.327064479733825,"5","MECP2"
0,1.34750812308973,0.913,0.932,0,"5","IKZF1"
0.00459885901044821,1.34745763173919,0.558,0.587,1,"5","GOLGA8A"
3.9226317863017e-05,1.33855289792973,0.548,0.534,0.802766595066643,"5","MAPKAP1"
0.0081597906338895,1.33852750637902,0.308,0.221,1,"5","KNL1"
0.000446130373042308,1.33664571942201,0.635,0.677,1,"5","PRKX"
2.51457954680845e-07,1.3364297657441,0.654,0.685,0.00514608704254349,"5","HUWE1"
2.3801183246519e-10,1.33479866841511,0.817,0.811,4.87091215140012e-06,"5","CDK6"
1.07268960158891e-07,1.33471426470413,0.673,0.664,0.00219525926965169,"5","KDM5A"
0.000585366190918535,1.33466343157584,0.481,0.425,1,"5","NCAPD2"
4.39941760799201e-08,1.33438394486734,0.692,0.648,0.000900340813475564,"5","PHIP"
1.56921860128278e-06,1.33407546560324,0.673,0.717,0.0321140586752522,"5","TTC17"
0.000200599961719616,1.33239381793207,0.577,0.613,1,"5","RNF145"
0.00376927434994934,1.32984328769656,0.577,0.636,1,"5","TRAF1"
0.00299225697549987,1.32925311601613,0.5,0.517,1,"5","PDS5B"
0.00639792760633107,1.32847814797097,0.481,0.498,1,"5","TMEM131L"
0.0070646571102817,1.32768999930185,0.529,0.569,1,"5","STAT5B"
3.6238048828352e-05,1.32690836488201,0.596,0.589,0.741611669272224,"5","SCLT1"
5.77315972805081e-15,1.32560006328926,0.808,0.842,1.1814771383456e-10,"5","PNN"
6.91826884462454e-05,1.32459761092357,0.538,0.515,1,"5","ZNF721"
0.00694560120603405,1.32457559127431,0.385,0.343,1,"5","XPR1"
0.00147047915825826,1.324427148394,0.538,0.597,1,"5","PIAS1"
7.04423049715519e-05,1.32328195368402,0.635,0.707,1,"5","CUL3"
0.000683236638346241,1.32239146394963,0.481,0.465,1,"5","OPA1"
2.12368509444616e-08,1.32003696094951,0.673,0.629,0.000434612154578407,"5","NSD1"
0.00428958819116243,1.31773626255258,0.375,0.325,1,"5","HSH2D"
0.00360452653991961,1.31271485858788,0.558,0.604,1,"5","SAMSN1"
0.0057529265447529,1.31235025255091,0.49,0.499,1,"5","ATAD2B"
7.98404175403888e-05,1.31045015659708,0.5,0.467,1,"5","SMG7"
0.00910161266766685,1.30995238439183,0.529,0.589,1,"5","SYNE1"
0.00549386805325813,1.30947562348597,0.452,0.454,1,"5","CELF1"
1.05326832033903e-05,1.30874071593727,0.635,0.687,0.215551361757382,"5","VMP1"
0.00333395979158579,1.30603268315265,0.596,0.72,1,"5","TXK"
0.000363048396327947,1.304129160131,0.5,0.469,1,"5","SCAF4"
0.00280019940517562,1.30332964773682,0.462,0.444,1,"5","MSH3"
2.55706567031666e-12,1.30281321949614,0.798,0.809,5.23303489430305e-08,"5","FAM49B"
1.9169653622253e-06,1.29950035832336,0.654,0.649,0.0392306961379407,"5","ATP11B"
6.19504447740837e-13,1.29863010092739,0.827,0.816,1.26781585230162e-08,"5","KMT2A"
5.5831215206581e-09,1.29674258144258,0.779,0.841,0.000114258581920268,"5","PIP4K2A"
0.00262097261236138,1.29280681886771,0.529,0.573,1,"5","PHF14"
0.000759290860630868,1.28879019188136,0.587,0.681,1,"5","USP3"
2.08818824454227e-08,1.28524306997583,0.712,0.729,0.000427347724245575,"5","ADAM10"
3.70036096875026e-07,1.2839107578894,0.683,0.763,0.00757278872254741,"5","CCM2"
0.00715600630187518,1.27991285480687,0.529,0.543,1,"5","MDM2"
0.000344705176342108,1.2797788300384,0.577,0.594,1,"5","CD226"
5.0371706805663e-11,1.27863214050449,0.923,0.939,1.03085697977789e-06,"5","CAMK4"
0.00369481615680467,1.27800404976211,0.51,0.544,1,"5","RAP1GDS1"
3.86688715812156e-05,1.27765834723943,0.644,0.718,0.791358456909577,"5","FLI1"
0.005194246909346,1.27304898602093,0.452,0.453,1,"5","DMTF1"
0.00570627500966969,1.27072906540147,0.385,0.344,1,"5","POLG"
9.78267354578843e-05,1.26883763176211,0.558,0.567,1,"5","PKN2"
0.00214764352891605,1.26326828187918,0.529,0.592,1,"5","ACBD6"
2.79127884428299e-06,1.26285644531271,0.663,0.699,0.0571235215482513,"5","CCSER2"
0.00629587170663171,1.26199293182224,0.404,0.372,1,"5","XPO4"
4.45503633983435e-11,1.2616441483901,0.788,0.82,9.117231869471e-07,"5","MBP"
0.000409031307114116,1.26035788076943,0.558,0.568,1,"5","USP48"
0.00837237680286051,1.25825065408714,0.529,0.571,1,"5","STIM2"
0.000999163082798127,1.25544876484329,0.51,0.499,1,"5","AGTPBP1"
0.00048879226982379,1.25473730536829,0.606,0.68,1,"5","PRRC2B"
0.00242063693673322,1.25342183681863,0.5,0.485,1,"5","TASOR2"
9.48618728902062e-05,1.25207689228696,0.5,0.452,1,"5","ADNP"
0.000774901288445262,1.25141830173579,0.529,0.544,1,"5","CUL4A"
0.00137135492884966,1.24859841744298,0.587,0.664,1,"5","TTC39C"
1.22346577313692e-13,1.24710689677293,0.788,0.821,2.50382270472471e-09,"5","GRAP2"
2.52464715799761e-13,1.2466923659487,0.846,0.848,5.1666904088421e-09,"5","EML4"
4.66502447782347e-08,1.24640268453276,0.731,0.797,0.000954697259386572,"5","BPTF"
5.13977875815641e-08,1.2445315466392,0.702,0.724,0.00105185572285671,"5","KCNAB2"
0.00265881910586763,1.24240134031695,0.519,0.574,1,"5","CSGALNACT2"
0.00145950668529804,1.24234397094437,0.587,0.691,1,"5","GOLGA4"
0.00125999416889178,1.23986484753842,0.548,0.617,1,"5","RFTN1"
6.13169304219952e-08,1.23965721668411,0.721,0.851,0.00125485098108613,"5","TPM4"
6.66133814775094e-16,1.23702805062168,0.788,0.777,1.36324285193723e-11,"5","DIAPH1"
0.00880779223726158,1.23627397425679,0.625,0.725,1,"5","FYN"
1.0635936575909e-13,1.23474353814988,0.894,0.94,2.17664442025978e-09,"5","SOS1"
9.73900515788273e-10,1.23238956795416,0.74,0.731,1.9930874055607e-05,"5","AKAP9"
2.43633547687416e-05,1.23188621133555,0.596,0.571,0.498596055342297,"5","RAB11FIP1"
0.00098658649786354,1.23156496615246,0.548,0.582,1,"5","DYM"
4.76221859280201e-07,1.23129539932067,0.74,0.811,0.00974588035016932,"5","STAT4"
0.006584141258698,1.22902665900468,0.51,0.536,1,"5","ZDHHC20"
0.0067718649751638,1.22887792015288,0.548,0.611,1,"5","ITFG1"
2.73421103536009e-08,1.22712076617121,0.769,0.821,0.000559556288386442,"5","PPP1R12A"
0.00197914522318365,1.22128458163454,0.519,0.549,1,"5","SPEN"
0.00815198044134346,1.22107123821349,0.442,0.431,1,"5","SLC20A1"
6.48100611784219e-05,1.21495746778252,0.625,0.658,1,"5","SH3KBP1"
3.71672126409095e-08,1.21408132828893,0.74,0.791,0.000760627006696213,"5","EPC1"
3.166923123743e-08,1.20720174362133,0.769,0.842,0.000648110817274006,"5","ITK"
9.84212502179727e-05,1.19936488128959,0.644,0.686,1,"5","PTEN"
7.22322623936122e-09,1.19651482460603,0.788,0.887,0.000147823324988527,"5","NFKB1"
0.00248206694382302,1.19470412351322,0.49,0.484,1,"5","PAK1"
6.21019618847196e-05,1.19204067953269,0.587,0.577,1,"5","BRWD1"
8.64617940616874e-05,1.19123320159629,0.625,0.688,1,"5","BDP1"
4.5008620792597e-06,1.18568730363567,0.712,0.707,0.0921101424520498,"5","OGT"
2.64233079860787e-14,1.18304869006191,0.875,0.902,5.40752997935101e-10,"5","USP15"
0.000386071820758449,1.18256828024586,0.635,0.715,1,"5","RAB8B"
0.00109069369282966,1.18209424266826,0.654,0.745,1,"5","TUT4"
0.00289965986197371,1.17825407457128,0.548,0.607,1,"5","R3HDM1"
0.00117625014481137,1.17726233864565,0.587,0.612,1,"5","LRRC8C"
0,1.17441321161947,0.875,0.936,0,"5","ARGLU1"
2.63643094231547e-05,1.17328304932243,0.654,0.694,0.539545592344861,"5","NIN"
0.00189250957799914,1.17297086253401,0.548,0.562,1,"5","MAP3K2"
4.08175515609344e-09,1.17272052775189,0.875,0.921,8.35331192694522e-05,"5","RHOH"
0.000731747102109326,1.17259789438729,0.615,0.682,1,"5","SYTL3"
1.43845375344398e-06,1.17237871048564,0.654,0.646,0.029437956064231,"5","BRD4"
0.00161225017189381,1.1713216753471,0.538,0.559,1,"5","PSD4"
6.53448406495727e-11,1.17031829987999,0.788,0.859,1.3372821638935e-06,"5","RASGRP1"
0.00207531559592899,1.16383734153622,0.615,0.698,1,"5","FGD3"
0.00126818339892054,1.16368894966513,0.558,0.559,1,"5","EPS15"
0.00803019268500504,1.16015731772853,0.567,0.651,1,"5","NCK2"
0.000613505153628013,1.15865393103004,0.587,0.657,1,"5","PBRM1"
7.67448327110287e-11,1.15750455898765,0.817,0.834,1.5705830014312e-06,"5","ATRX"
0.000191832707117534,1.15668092796192,0.567,0.545,1,"5","SAFB"
0.000765387638537174,1.15326881924381,0.538,0.526,1,"5","GOLGA8B"
7.8602175295206e-06,1.15314111227287,0.635,0.698,0.160859351741639,"5","CEP350"
0.00336222738791458,1.1515866703502,0.567,0.621,1,"5","RNF125"
0.000240549985035754,1.14481647955244,0.606,0.686,1,"5","RABL6"
5.32129628383338e-06,1.14278114283766,0.673,0.733,0.10890032844865,"5","UBAC2"
0.000666503936321616,1.14236122117172,0.49,0.471,1,"5","VAV1"
0.00129378207637942,1.14170075961484,0.596,0.646,1,"5","TSPOAP1-AS1"
4.18516283318127e-06,1.13986002346068,0.654,0.69,0.0856493573810546,"5","PTPRA"
0.000694471916409922,1.13967041814344,0.587,0.623,1,"5","CREB1"
0,1.13682575652425,0.885,0.919,0,"5","LRRFIP1"
4.04587350288921e-08,1.13542730307571,0.76,0.83,0.000827988012366276,"5","SMARCA2"
4.29575549287797e-06,1.13418100288043,0.683,0.683,0.0879126361617477,"5","NEMF"
0.00094999842956045,1.1337643999665,0.577,0.601,1,"5","WDR33"
0.000374668386550425,1.1330165641636,0.577,0.63,1,"5","HDLBP"
1.06560441581749e-07,1.13238839535328,0.721,0.757,0.00218075943697049,"5","ITSN2"
8.79553119226273e-09,1.12889090464396,0.712,0.734,0.000180000545849657,"5","DYNC1H1"
3.41571215756176e-12,1.12817509860535,0.798,0.799,6.99025493045013e-08,"5","ARID4B"
0.000185610976250139,1.12653489785196,0.615,0.666,1,"5","ZNF638"
1.11647120437652e-08,1.12538191869066,0.769,0.812,0.000228485831975656,"5","MYCBP2"
3.10480041676442e-09,1.1233887035969,0.75,0.814,6.35397405290838e-05,"5","CCNL1"
8.29959878601016e-10,1.12035569241232,0.846,0.933,1.69851289155698e-05,"5","RIPOR2"
0.00853145900138186,1.11756353919263,0.596,0.682,1,"5","CHD1"
8.66646690655948e-06,1.11464820153008,0.721,0.863,0.17735924524274,"5","ZC3HAV1"
4.38656298973328e-06,1.11392494667175,0.644,0.659,0.0897710115848915,"5","RSRC2"
0.0027447734076893,1.10825995461831,0.577,0.642,1,"5","DNAJB14"
0.00915658464847824,1.10764446059557,0.577,0.687,1,"5","SPTBN1"
1.62171418511825e-05,1.1027432504934,0.702,0.739,0.33188380798445,"5","NIPBL"
0.00024740382337507,1.10252813216345,0.644,0.696,1,"5","HIF1A"
4.50331172352492e-09,1.10139401219498,0.779,0.788,9.21602744219374e-05,"5","AHNAK"
1.26765020092012e-05,1.09989915635292,0.625,0.626,0.259424613618303,"5","PARP14"
0.00169864303968903,1.08864685773523,0.548,0.554,1,"5","NGLY1"
0.0016763683358183,1.08643306351979,0.606,0.67,1,"5","MAP4K4"
0.000707596527854681,1.0834058119148,0.663,0.769,1,"5","PARP8"
0.000523436109282294,1.08303046244572,0.558,0.594,1,"5","CENPC"
9.15038933513301e-10,1.08050911466586,0.76,0.809,1.87262717743497e-05,"5","GLS"
6.44347226130826e-05,1.07993102111562,0.567,0.496,1,"5","SMC4"
9.89742998669385e-09,1.07677787184292,0.779,0.789,0.00020255090467769,"5","ZNF207"
0.000175094601149617,1.07659887748185,0.673,0.782,1,"5","TCF25"
0.00174256231892178,1.07512975235642,0.587,0.665,1,"5","PTPN4"
0.00132011682696676,1.07421958023279,0.567,0.594,1,"5","MAP4K1"
0.00340347512340244,1.07402358715887,0.538,0.588,1,"5","ADGRE5"
3.99101727903695e-05,1.07052656989994,0.596,0.594,0.816761686154911,"5","TCERG1"
3.54451634709818e-08,1.06972873750881,0.798,0.89,0.000725385270433643,"5","WIPF1"
0.000148538115467778,1.06880561960652,0.587,0.592,1,"5","MAPK1"
1.21700905519884e-05,1.05970730715322,0.635,0.71,0.249060903146442,"5","PDS5A"
0.00831964633146698,1.05839844314619,0.587,0.69,1,"5","CFLAR"
0.00202665848322559,1.05816195733474,0.587,0.637,1,"5","VPS13A"
0,1.05454513588037,0.904,0.958,0,"5","MYH9"
0.00700046763163709,1.05406160166677,0.596,0.685,1,"5","CASP8"
2.95965423280364e-08,1.05294546245766,0.856,0.936,0.000605693238743266,"5","LCP2"
0.000587414167912526,1.05226373744567,0.74,0.888,1,"5","TNFAIP8"
0.00782474320949866,1.05222490278188,0.567,0.637,1,"5","TNFRSF1B"
1.97086791331458e-12,1.04898174205284,0.817,0.854,4.03338118459828e-08,"5","NSD3"
0.000622685805091727,1.04821693863075,0.663,0.759,1,"5","STAT3"
2.22044604925031e-16,1.04146880211755,0.885,0.949,4.54414283979077e-12,"5","SMCHD1"
1.34787495165156e-07,1.04081803852399,0.702,0.756,0.00275842608855492,"5","PRPF4B"
5.62646319957061e-05,1.04044155321873,0.683,0.793,1,"5","PCED1B"
0.000412931373198866,1.03879526463583,0.529,0.482,1,"5","SUPT5H"
1.29568059401564e-05,1.03865673949005,0.712,0.77,0.2651610335653,"5","VPS13C"
4.99816483354731e-05,1.03656822210864,0.702,0.822,1,"5","SRSF10"
0.00435834830310622,1.03631872218241,0.519,0.573,1,"5","NUP210"
1.10347280668499e-06,1.02968790185893,0.75,0.842,0.0225825709888083,"5","CCND2"
2.51714003771664e-05,1.02729911406846,0.75,0.822,0.51513270871871,"5","LUC7L3"
9.23157920929008e-06,1.02658190454978,0.74,0.847,0.188924268518121,"5","ELF1"
3.66299790022229e-05,1.02318576772374,0.75,0.834,0.749632520280491,"5","KMT2E"
0.000989696624858594,1.02294993015798,0.577,0.645,1,"5","MARCH7"
3.63027868548471e-05,1.02235924672524,0.712,0.78,0.742936532984446,"5","MPHOSPH8"
1.99817939972036e-12,1.01928154304914,1,0.999,4.08927414152771e-08,"5","MALAT1"
0.000521614357232858,1.0179538752603,0.635,0.679,1,"5","GOLGB1"
2.70534048396609e-05,1.0172885450595,0.673,0.707,0.55364793004366,"5","TMC8"
9.53068086657627e-05,1.00821078396787,0.74,0.804,1,"5","TAB2"
5.31743048037825e-07,1.00777535058433,0.798,0.858,0.0108821214780941,"5","ZRANB2"
0.00182275485254091,1.00211653960596,0.692,0.804,1,"5","XRN1"
0.000319750216317471,0.998114435008457,0.567,0.594,1,"5","TACC1"
6.44623465717586e-10,0.994542980857497,0.788,0.853,1.31922192259104e-05,"5","NCOR1"
0.0057690681104412,0.991925446878669,0.577,0.631,1,"5","NARF"
6.54685052272619e-05,0.987275744298035,0.683,0.796,1,"5","RPS6KA3"
0.00506644377174092,0.983953833481005,0.625,0.747,1,"5","RASAL3"
2.37347608234018e-09,0.982201049935693,0.865,0.943,4.85731880250917e-05,"5","ITGA4"
0,0.981541230821361,0.962,0.977,0,"5","STK17B"
0.00182585023106552,0.98098193978185,0.587,0.683,1,"5","SMARCC1"
1.05930375582375e-10,0.979887213919518,0.904,0.937,2.1678651362933e-06,"5","DDX17"
2.95981868680961e-06,0.97645575789131,0.721,0.81,0.0605726894255587,"5","PCM1"
0.000792331146705738,0.97571946382886,0.712,0.804,1,"5","SLC2A3"
1.96164139820709e-07,0.975657205461369,0.663,0.521,0.00401449912143081,"5","GZMB"
1.02513659276937e-05,0.975279337906593,0.75,0.82,0.209794203710252,"5","SYNRG"
5.43123168661452e-09,0.972255341025205,0.971,0.992,0.000111150156466566,"5","CD96"
9.69247950788343e-08,0.970555547724764,0.74,0.819,0.00198356593128834,"5","PAFAH1B1"
0.00984342057672882,0.963540708146187,0.731,0.884,1,"5","TC2N"
0.00596426894730273,0.944107982376382,0.519,0.527,1,"5","CREBZF"
0.00689148615903235,0.940276919761169,0.692,0.866,1,"5","RSRP1"
0.00784663394859941,0.937465014690572,0.538,0.595,1,"5","CCAR1"
0.000705998794839902,0.937033279546606,0.606,0.728,1,"5","MIER1"
2.09278121499068e-08,0.929736778539936,0.846,0.914,0.000428287675647843,"5","SP100"
0.000362382218072721,0.9235250703886,0.654,0.708,1,"5","WNK1"
4.65070853694627e-06,0.921799613592366,0.798,0.903,0.0951767502086054,"5","SLC38A1"
0.00516729972757091,0.913354561766381,0.577,0.681,1,"5","EIF5B"
4.54653752417489e-05,0.909848447506582,0.692,0.777,0.930448904322391,"5","PIK3CD"
3.95465882263579e-11,0.909366681202551,0.865,0.897,8.09320928052415e-07,"5","SRSF11"
6.18654629747084e-08,0.908181812487067,0.856,0.93,0.00126607669977741,"5","MTRNR2L8"
1.0547118733939e-13,0.907744956943,0.99,0.994,2.15846784890061e-09,"5","MTRNR2L12"
0.000615779422216356,0.892465742035565,0.808,0.905,1,"5","EPB41"
7.95141730236537e-13,0.891025024327261,0.846,0.939,1.62725755092907e-08,"5","SRRM2"
6.64782017016918e-05,0.888135631438987,0.721,0.821,1,"5","ACAP2"
0.00195612125406086,0.887796845089124,0.673,0.732,1,"5","BOD1L1"
4.64883283008977e-05,0.880682729358555,0.692,0.786,0.951383638677871,"5","PRKDC"
0.00239579372166232,0.880256768658225,0.644,0.794,1,"5","RNF149"
0.00191833984891199,0.880108784751088,0.635,0.739,1,"5","SETX"
3.68228995735187e-05,0.879435948412562,0.692,0.793,0.75358063977206,"5","TRABD"
8.02746687700306e-06,0.878482127394052,0.702,0.839,0.164282109637868,"5","ROCK1"
8.12417886164596e-06,0.872406356034588,0.721,0.824,0.166261320403585,"5","OSBPL8"
9.01561066246614e-07,0.859069821298312,0.769,0.811,0.018450447220737,"5","MYO1G"
1.42142047021565e-07,0.858256784540248,0.846,0.905,0.00290893699229633,"5","ZAP70"
0.0048657461543602,0.856792414043266,0.587,0.631,1,"5","UBE2K"
5.14258512307464e-06,0.84888648998487,0.769,0.887,0.105243004543722,"5","CD247"
0.00434959866887685,0.847600353382108,0.615,0.785,1,"5","SRSF4"
0.00813763569110248,0.846093103034316,0.558,0.626,1,"5","FUBP1"
0.00565565563125126,0.843431895876167,0.625,0.743,1,"5","WAC"
0.0014391130543554,0.827214951309554,0.673,0.771,1,"5","LUC7L2"
0.00593248214955167,0.825246735596116,0.606,0.738,1,"5","TLK1"
0.00402601214808337,0.820309589449151,0.115,0.269,1,"5","TMEM161A"
0.00316121538429104,0.819244080194692,0.529,0.55,1,"5","ZFP91"
3.54428128981343e-05,0.793115545997118,0.779,0.903,0.725337165960319,"5","RAP1A"
0.000709195353982395,0.792321720596911,0.683,0.801,1,"5","GNB1"
0.00036657109593552,0.79011661737821,0.673,0.776,1,"5","SLTM"
6.02728866816449e-09,0.780612658095932,0.837,0.959,0.000123348462593986,"5","PRRC2C"
0.0059350493644843,0.776627635134585,0.673,0.799,1,"5","SMAP1"
0.00560571871126703,0.77113135422694,0.721,0.824,1,"5","PPP2R5C"
0.000124292243740554,0.764211818094486,0.721,0.814,1,"5","RBM25"
2.50271989947759e-05,0.73564329502127,0.769,0.897,0.512181627428089,"5","IQGAP1"
7.46778006543991e-07,0.735241885758671,0.837,0.92,0.0152828119039228,"5","CYFIP2"
7.3099618757233e-05,0.734874395945669,0.692,0.881,1,"5","CDV3"
0.000127792845002306,0.734827853804406,0.75,0.895,1,"5","EIF3A"
0.00103773698981957,0.73248982599697,0.827,0.916,1,"5","ACAP1"
2.39280271774334e-06,0.731549735057602,0.856,0.926,0.0489687076186174,"5","RBM39"
0.000113905967412231,0.700457720219315,0.692,0.837,1,"5","DDX46"
2.3152145269908e-05,0.695039496160724,0.096,0.323,0.473808652948668,"5","TCP11L2"
0.000148078214215586,0.690902404504672,0.846,0.955,1,"5","CLEC2D"
0.00368572371721333,0.683708654317529,0.125,0.274,1,"5","ATP6V1C1"
0.00747191313448579,0.660557994793034,0.192,0.374,1,"5","C1orf52"
0.00269005439972547,0.641308813692502,0.798,0.899,1,"5","APBB1IP"
0.00660217208461766,0.639182187200848,0.702,0.887,1,"5","MTDH"
0.00524848186261184,0.608514347068905,0.231,0.454,1,"5","BTN3A1"
0.00129475783232167,0.598313530282155,0.24,0.476,1,"5","OSBP"
0.00672427137426909,0.587580228793837,0.173,0.342,1,"5","PRPSAP2"
0.00787476010525844,0.546303174974145,0.163,0.342,1,"5","PSMD5"
0.00125368811099896,0.545612664188774,0.096,0.258,1,"5","SESN3"
0.00171498386744151,0.534224110010667,0.837,0.968,1,"5","ETS1"
0.00102529967561933,0.530254892774841,0.212,0.443,1,"5","RINL"
0.00122996186381807,0.527926295702379,0.769,0.898,1,"5","TPR"
0.00383997995767979,0.514912723030442,0.144,0.309,1,"5","EGLN3"
0.00600470261100354,0.506184138745723,0.163,0.335,1,"5","FBXL3"
0.00639081534018591,0.505646788119419,0.144,0.299,1,"5","NELFA"
0.00757623837973562,0.496293878160637,0.288,0.525,1,"5","UFL1"
0.0014141277273068,0.494914028338055,0.25,0.491,1,"5","EGLN1"
0.00650826554234674,0.482754414697808,0.76,0.896,1,"5","CDC37"
0.00474143109960526,0.479237968872428,0.154,0.329,1,"5","AMFR"
0.00615270949666575,0.476578523247674,0.231,0.434,1,"5","RUFY1"
0.00789627810897891,0.47651399210115,0.163,0.323,1,"5","POLR2D"
0.0041890138466212,0.475451711050152,0.183,0.37,1,"5","SLC30A5"
0.00977135601925902,0.461788906689711,0.212,0.393,1,"5","RAB3GAP1"
0.00915475469120032,0.460468839751365,0.24,0.437,1,"5","LPCAT4"
0.00158717580115781,0.432777318694817,0.144,0.331,1,"5","ACSF3"
0.00489512971461045,0.42451976663196,0.346,0.637,1,"5","GNAI3"
0.000877360568495624,0.41298442350112,0.221,0.448,1,"5","ARRDC1"
0.00211835336134715,0.397553358344189,0.106,0.265,1,"5","CREBRF"
0.00568661258792576,0.393186963191367,0.163,0.339,1,"5","FBXO3"
0.00129255756386695,0.384928727698448,0.192,0.411,1,"5","PARL"
0.00853360088429878,0.379995891404274,0.24,0.462,1,"5","DLST"
0.00845376946392016,0.377255637686142,0.163,0.32,1,"5","MRPS9"
0.00901314955034741,0.374551784651105,0.202,0.38,1,"5","GABPB1-IT1"
0.00934763370377577,0.373921066781288,0.183,0.349,1,"5","SRFBP1"
0.0033919460694257,0.372446134117162,0.269,0.493,1,"5","XPA"
0.00506156114926423,0.361118864809725,0.125,0.282,1,"5","IFIH1"
0.00558760405440147,0.359698777553323,0.24,0.463,1,"5","FXN"
0.000870943623485847,0.358089374640559,0.24,0.488,1,"5","KEAP1"
1.61059429851162e-05,0.351208883681607,0.144,0.404,0.329608123190402,"5","MRPL19"
0.00694366985017018,0.350713463833407,0.163,0.32,1,"5","DUSP2"
0.00819820918798546,0.339041913645396,0.24,0.435,1,"5","GPR68"
0.000816754787537452,0.328850175799169,0.337,0.636,1,"5","RALA"
0.000592540700188661,0.322897454034521,0.25,0.515,1,"5","CNOT8"
0.00115597080887493,0.318576847678626,0.404,0.737,1,"5","ENSA"
0.00896207652395674,0.318043572572412,0.173,0.339,1,"5","ADA2"
0.00329002314423514,0.309686617761753,0.25,0.484,1,"5","CAMTA1"
0.009750148281454,0.306438645093017,0.125,0.263,1,"5","KPNA5"
0.00565474730305837,0.29943770043826,0.144,0.309,1,"5","USE1"
0.000556867365056233,0.296767646371777,0.154,0.366,1,"5","LINC01550"
0.00549718602339283,0.295978955440011,0.327,0.575,1,"5","USP16"
0.00751881101926474,0.289874312595032,0.144,0.295,1,"5","ZMAT3"
0.0018217342862299,0.285309163202298,0.106,0.27,1,"5","CHID1"
0.0044470329156875,0.276996854510012,0.154,0.324,1,"5","GFM1"
0.00274968550021352,0.272932678968585,0.308,0.611,1,"5","POLR2B"
0.00934263433679897,0.27137936608382,0.125,0.256,1,"5","DHX40"
0.00588301345412166,0.265586583431732,0.173,0.344,1,"5","ERI3"
0.00165453550319758,0.261233290840941,0.26,0.521,1,"5","IFNAR1"
0.00437511947859583,0.258213035553202,0.26,0.496,1,"5","RAB1A"
0.000765267030100798,0.253381888459604,0.298,0.597,1,"5","GTF2B"
