"p_val","avg_log2FC","pct.1","pct.2","p_val_adj","cluster","gene"
0,1.53013701132853,0.418,0.167,0,"0","AC139720.1"
3.77475828372553e-15,1.28562048396025,0.271,0.135,7.7250428276443e-11,"0","C1orf162"
0,1.12775130309379,0.806,0.583,0,"0","INPP4B"
0,1.11846305592379,0.622,0.397,0,"0","NELL2"
0,1.02739922337025,0.703,0.551,0,"0","IL4R"
1.0778045123061e-12,0.965734271168225,0.343,0.209,2.20572693443444e-08,"0","SLC37A3"
0,0.932912392317248,0.968,0.707,0,"0","LRRN3"
1.25123778005332e-09,0.921726338232733,0.293,0.185,2.56065811687911e-05,"0","RRS1"
0,0.913011776902974,0.95,0.797,0,"0","MAL"
3.26212390433511e-11,0.887390445146053,0.331,0.203,6.67593657022181e-07,"0","AIF1"
0,0.881267072104908,0.733,0.565,0,"0","JAK2"
4.44089209850063e-16,0.870850961430316,0.526,0.381,9.08828567958153e-12,"0","LINC00861"
2.65391839615603e-08,0.866685418114075,0.251,0.155,0.000543124399773331,"0","MYBBP1A"
7.09827752132242e-10,0.843135883258213,0.318,0.205,1.45266249473863e-05,"0","GPATCH4"
1.73128178460047e-11,0.841535261131318,0.369,0.236,3.54306817218486e-07,"0","SNHG25"
1.98379979110541e-10,0.82350281490797,0.286,0.167,4.05984627249723e-06,"0","PGGHG"
0,0.821329459758209,0.554,0.373,0,"0","RNF144A"
6.75015598972095e-14,0.801652164349042,0.411,0.26,1.38141942329639e-09,"0","AC093157.1"
0,0.78730386226344,0.684,0.424,0,"0","TCF7"
0,0.774421949203746,0.792,0.489,0,"0","CCR7"
3.17286197315525e-11,0.761011014042935,0.427,0.311,6.49326202806222e-07,"0","WDR77"
6.85720391579991e-09,0.757025917065279,0.306,0.197,0.000140332678136845,"0","ARMH1"
0,0.73832335079886,0.647,0.477,0,"0","LGALS3BP"
0,0.732012681147963,0.792,0.655,0,"0","TESPA1"
1.16525078475149e-09,0.72027637852432,0.305,0.189,2.38468573099393e-05,"0","PTGIR"
4.16777723444284e-13,0.715264434365368,0.445,0.29,8.52935611028727e-09,"0","TMIGD2"
0,0.700363305088585,0.765,0.619,0,"0","GBP4"
1.45173455479153e-08,0.688117665421863,0.37,0.26,0.000297097476638086,"0","NDUFAF2"
1.76445590152063e-05,0.685783486350443,0.273,0.199,0.361095900246198,"0","PNO1"
1.54098955817972e-13,0.682498166021268,0.697,0.609,3.15363513081479e-09,"0","PTGER2"
0,0.679646248754342,0.993,0.936,0,"0","IFITM1"
6.9220851273144e-11,0.675119518002646,0.343,0.21,1.41660472130489e-06,"0","TAFA1"
4.74271657724401e-07,0.673278414722566,0.302,0.204,0.00970596947532987,"0","BEX2"
1.41350819782282e-05,0.671973015283005,0.254,0.178,0.28927445268444,"0","POLR3D"
8.41056624345526e-09,0.671313785630237,0.474,0.362,0.000172122238172312,"0","FHIT"
6.7212901910807e-13,0.660038289581677,0.691,0.597,1.37551203760466e-08,"0","GBP1"
1.12354570092066e-13,0.657879346080241,0.602,0.465,2.29933627693413e-09,"0","UBQLN2"
1.25039067055965e-06,0.657452978552191,0.379,0.281,0.0255892450730033,"0","LINC01550"
1.10911480000198e-09,0.64865680383455,0.401,0.28,2.26980343820404e-05,"0","TRIM73"
2.89022139554618e-10,0.648052753839822,0.399,0.267,5.91483808598525e-06,"0","LINC01215"
4.68514116391816e-14,0.631958582463712,0.548,0.39,9.58814139195852e-10,"0","CYSLTR1"
0,0.628146205161232,0.921,0.718,0,"0","LEF1"
2.19244205013069e-08,0.621674639132558,0.465,0.365,0.000448683265559247,"0","LGALS9"
8.57038977786218e-07,0.620413505559124,0.316,0.227,0.0175393026803949,"0","DDX10"
2.54531951071613e-11,0.619902195600043,0.41,0.276,5.20899637868055e-07,"0","SCFD2"
5.13955544789724e-11,0.619840362752405,0.538,0.414,1.05181002241217e-06,"0","ABCD2"
8.16344410115022e-06,0.615127798753022,0.293,0.211,0.167064883530039,"0","IGSF9B"
3.97961565745675e-06,0.613584480430368,0.302,0.224,0.0814428344298523,"0","DPH6"
4.01751157341756e-06,0.61025433695808,0.318,0.228,0.0822183743499905,"0","SLC46A3"
9.85106389794765e-08,0.609831298728329,0.318,0.215,0.00201602022671499,"0","TRIM5"
8.52369653880913e-06,0.609280416704479,0.281,0.197,0.174437449666729,"0","PDCD11"
0,0.603789475170327,0.736,0.627,0,"0","SNHG8"
6.03961325396085e-14,0.600917354862831,0.547,0.393,1.23600685242309e-09,"0","SLC16A7"
0,0.60075117676337,0.948,0.842,0,"0","STAT1"
4.18472222496469e-05,0.59720269406348,0.35,0.272,0.856403403339023,"0","CMTM8"
7.07386893183948e-05,0.594830509286081,0.294,0.225,1,"0","TRDMT1"
0.000199842719903254,0.593245248282323,0.277,0.215,1,"0","PRMT3"
6.44726666987339e-06,0.589289014052425,0.369,0.288,0.131943312398959,"0","TRIM44"
0.000134736725256879,0.587779240981429,0.292,0.227,1,"0","ISOC2"
7.6682554972507e-08,0.583582149486437,0.329,0.222,0.00156930848751236,"0","BOP1"
0.000148374768679682,0.583462017772828,0.251,0.186,1,"0","MPP7"
3.45031041071309e-07,0.582603311203098,0.481,0.381,0.00706106025552433,"0","SESN3"
1.29086476174933e-07,0.575277487523705,0.414,0.307,0.00264175473492001,"0","C20orf27"
1.63002852591188e-05,0.575012428660823,0.325,0.24,0.333585337827865,"0","TNFSF13B"
3.574918139293e-14,0.571788632929742,0.668,0.526,7.31606997206313e-10,"0","NLRC5"
7.82926985898325e-05,0.565482370635379,0.297,0.225,1,"0","WDR12"
4.19664303308309e-14,0.564179329669038,0.586,0.427,8.58842996720455e-10,"0","TXK"
6.22461840960042e-07,0.562276566410851,0.487,0.404,0.0127386815752473,"0","POP5"
6.05622945473172e-05,0.561111590003935,0.271,0.198,1,"0","ZNF493"
2.92363958021014e-06,0.560824270876933,0.36,0.277,0.0598322840090004,"0","ZNF512"
0,0.559288713523487,0.873,0.772,0,"0","GBP5"
9.62545658529379e-05,0.558657564896686,0.318,0.247,1,"0","PNPT1"
2.5281001736488e-09,0.556542872883433,0.443,0.321,5.17375700537226e-05,"0","EXOSC5"
0.000437162367397992,0.555716655523938,0.252,0.194,1,"0","SH2D3A"
2.48034703886901e-10,0.548878747292053,0.477,0.34,5.07603021504544e-06,"0","LDLRAP1"
5.49437207508774e-07,0.5478619778851,0.431,0.328,0.0112442324516671,"0","BEX3"
2.65639512235794e-05,0.540046556399264,0.36,0.284,0.543631261790551,"0","DNMT3A"
0,0.535452748223866,0.714,0.556,0,"0","SRM"
1.95182554785234e-07,0.532625052238247,0.408,0.31,0.00399441098367981,"0","QTRT1"
6.59582018451843e-05,0.526409947227255,0.382,0.314,1,"0","DMAC2L"
0.00125620934809545,0.523099995931855,0.312,0.257,1,"0","PPP1R3F"
0,0.522428037101802,0.987,0.907,0,"0","PSME2"
1.13621284423271e-05,0.521549431542363,0.376,0.29,0.232525958572224,"0","TARBP1"
3.23650968248046e-08,0.520482343981027,0.552,0.442,0.000662351706519626,"0","PALM2-AKAP2"
3.5004288356788e-10,0.519755944695755,0.586,0.467,7.16362761221667e-06,"0","ATIC"
1.09904071665667e-06,0.519437878928291,0.446,0.355,0.0224918682663788,"0","MT1X"
0.00049563575244882,0.512030396080118,0.284,0.228,1,"0","SPPL2B"
1.74423005743218e-05,0.508797068939572,0.303,0.224,0.356956681253496,"0","NOP16"
3.63171073214374e-08,0.506650439684089,0.452,0.333,0.000743229601333217,"0","SCML4"
2.3108642990266e-05,0.505513748124112,0.456,0.392,0.472918378795795,"0","PSMG4"
1.97872361262785e-05,0.504886457792524,0.347,0.269,0.40494578732429,"0","NOP2"
0.00025789692352185,0.503406346267635,0.31,0.246,1,"0","SNHG17"
3.01174285510797e-09,0.503380632055435,0.621,0.536,6.16353175297846e-05,"0","LPGAT1"
5.12495271973723e-05,0.503200688085676,0.308,0.233,1,"0","GCFC2"
2.91693697640483e-07,0.498092854927475,0.475,0.373,0.00596951152221248,"0","EPB41L4A-AS1"
1.28504951892872e-05,0.496435607173726,0.366,0.287,0.262985384048762,"0","TRMT1"
0.000244496743008416,0.494043640379835,0.277,0.211,1,"0","IFRD2"
7.92880287570075e-05,0.493258586847305,0.353,0.286,1,"0","RIOX2"
0.000315627053598666,0.486907046399837,0.415,0.361,1,"0","AL138963.4"
2.85743788630555e-07,0.485946265800357,0.531,0.438,0.0058477466343243,"0","HAPLN3"
0.000531045789115003,0.485921291680485,0.316,0.26,1,"0","SNAPC5"
1.33226762955019e-15,0.484975732570072,0.806,0.702,2.72648570387446e-11,"0","SERINC5"
4.90363305516439e-12,0.484481012783542,0.714,0.575,1.00352850473939e-07,"0","MYC"
0.000919727319931063,0.481143319146197,0.287,0.229,1,"0","NOC3L"
0.000722378031837279,0.478022246251502,0.335,0.276,1,"0","DPH5"
0.00072900327719938,0.477008942403508,0.303,0.245,1,"0","UTP14A"
0.00104357932578059,0.473418384246013,0.264,0.206,1,"0","FAM98A"
6.36699686014097e-05,0.472265684530049,0.3,0.226,1,"0","SQLE"
0.00154099665045471,0.468407303327886,0.259,0.203,1,"0","HSD17B8"
0,0.468000344537977,0.897,0.785,0,"0","IFITM3"
0.000613719169346494,0.465423602420828,0.27,0.205,1,"0","MX2"
2.89299965761103e-07,0.464814597292726,0.571,0.481,0.00592052379930097,"0","ABCE1"
0,0.464595719153693,0.983,0.927,0,"0","APRT"
0.000213058678031564,0.464494700818481,0.338,0.274,1,"0","WDR36"
0,0.461849840249646,0.856,0.776,0,"0","C1QBP"
4.1852680325416e-05,0.459962274303451,0.424,0.345,0.856515102859638,"0","LYSMD2"
5.13925721807862e-05,0.459628384903389,0.373,0.291,1,"0","CERS6"
0.000105530162183953,0.456847504614417,0.407,0.339,1,"0","HEATR1"
4.01672991312552e-06,0.455780715030543,0.274,0.188,0.0822023776721137,"0","BCL2A1"
0.00168601117411082,0.455558597439433,0.302,0.247,1,"0","UBIAD1"
0.00314292269123495,0.454342116453546,0.28,0.233,1,"0","TCOF1"
0.0072832928866462,0.453970889519178,0.274,0.231,1,"0","CCDC28B"
0.000296617694087509,0.452405554924482,0.37,0.312,1,"0","WDR75"
0,0.451330672299499,1,0.989,0,"0","EEF1B2"
0.00447459603593914,0.450306515994139,0.267,0.22,1,"0","IDH3A"
2.50117704325703e-11,0.450010213496332,0.757,0.642,5.11865881902551e-07,"0","OXNAD1"
9.49054168586372e-11,0.449742453102648,0.768,0.679,1.94223935601201e-06,"0","DENND2D"
6.66133814775094e-16,0.443775508480064,0.872,0.801,1.36324285193723e-11,"0","UBE2L6"
1.92631780122632e-05,0.442653361623027,0.439,0.348,0.394220938020966,"0","TIAM1"
6.31196843183801e-05,0.441342194703184,0.375,0.302,1,"0","SNHG3"
0.0011201897580666,0.440484814842101,0.309,0.251,1,"0","NXPE3"
1.70763081186465e-06,0.436722119853591,0.536,0.452,0.03494666456481,"0","BZW2"
2.89070042724937e-06,0.435932659891494,0.417,0.32,0.0591581842436584,"0","RNF157"
4.24461449100022e-05,0.43504346995046,0.379,0.296,0.868660355583195,"0","ITFG2"
1.84504633793381e-10,0.434182682063044,0.767,0.691,3.77588733058154e-06,"0","NBDY"
0.00128973837613233,0.433893825928238,0.262,0.205,1,"0","USP42"
0.00111054966710911,0.433793543127502,0.334,0.276,1,"0","NDUFAF4"
4.58096746980274e-07,0.431524614564939,0.576,0.481,0.00937494992695131,"0","ORAI2"
1.70550240596867e-11,0.431410881764555,0.85,0.745,3.49031067381489e-07,"0","XBP1"
0.000104817903162635,0.430414116303124,0.332,0.258,1,"0","ANKMY1"
7.14983627858601e-14,0.428975712029794,0.799,0.654,1.46321399441263e-09,"0","SELL"
0,0.428643830975304,1,0.988,0,"0","RPL10A"
8.34068102539831e-06,0.428603661446343,0.496,0.416,0.170692037184776,"0","LINS1"
1.1509389019615e-07,0.428599206113037,0.631,0.537,0.0023553964628642,"0","SNTB1"
0.000421272904914893,0.428089982171121,0.338,0.275,1,"0","PARP11"
9.32587340685131e-15,0.428071772523815,0.856,0.774,1.90853999271212e-10,"0","SP110"
9.4638875758335e-07,0.427782288901507,0.483,0.377,0.0193678459239432,"0","PUM3"
0.000873805286766727,0.424810878210816,0.407,0.349,1,"0","CARS2"
1.96333402731064e-05,0.424076892467139,0.466,0.395,0.401796308689122,"0","TRABD2A"
4.14940571324962e-06,0.423842138973077,0.439,0.35,0.0849175879216535,"0","ADA2"
0.00143971221218231,0.421750302474457,0.433,0.385,1,"0","RPIA"
7.05299820769056e-08,0.42012595526822,0.605,0.513,0.00144339608320387,"0","SNHG32"
0.000449464787777965,0.418165997352413,0.405,0.351,1,"0","NOL11"
1.72084568816899e-13,0.413719262729072,0.908,0.861,3.52171070083784e-09,"0","PRMT2"
1.41079110682618e-05,0.411917790016314,0.51,0.429,0.288718400011978,"0","TRIM14"
0.000201897705182086,0.40824411031831,0.347,0.276,1,"0","LIPA"
0.0010696783693418,0.407702921687043,0.312,0.256,1,"0","PIGK"
0.00132185869301948,0.406599376222489,0.392,0.339,1,"0","PLPP1"
0,0.405671277199437,0.972,0.876,0,"0","CD7"
0.000510754167089233,0.404277071644238,0.421,0.354,1,"0","TATDN1"
0.000337354885526331,0.404114291923185,0.364,0.296,1,"0","ZNF91"
2.09301708860021e-05,0.401525507468705,0.497,0.422,0.428335947182034,"0","UBE2G2"
0.000163377291609645,0.400258842187018,0.427,0.352,1,"0","MRPL24"
0.00452919612691471,0.399916285369197,0.329,0.282,1,"0","AC093323.1"
5.93366689116692e-10,0.398625134384797,0.774,0.706,1.21432492927731e-05,"0","RCAN3"
0.00141309601245654,0.398464836825837,0.265,0.212,1,"0","ACACA"
0.000835182532114009,0.397100086273612,0.41,0.349,1,"0","GPX7"
0.00035892952691885,0.395617968356889,0.35,0.281,1,"0","MCCC2"
2.56089454087061e-08,0.39544111424654,0.64,0.532,0.00052408706778917,"0","MRPL4"
0.00120442806539089,0.394857712329087,0.386,0.323,1,"0","APP"
0,0.393838643273683,1,0.992,0,"0","RPS8"
0.000320798855256266,0.393472340850767,0.534,0.49,1,"0","SDAD1"
0.000257840723731473,0.392959613581557,0.436,0.376,1,"0","PTGES2"
4.43530626892397e-07,0.392734382595359,0.598,0.501,0.0090768542793529,"0","IKBKE"
0.00701801061582108,0.391762526576943,0.299,0.255,1,"0","C11orf1"
0,0.391215062016943,1,0.992,0,"0","RPL32"
4.75351330964102e-07,0.391095038060357,0.603,0.517,0.00972806498818035,"0","SLC39A10"
8.95040854986817e-07,0.390755279660439,0.567,0.477,0.0183170110973052,"0","AC119396.1"
6.41910524734612e-10,0.390748296750438,0.732,0.624,1.31366988886938e-05,"0","CHMP7"
0.00297530950343572,0.390461392088449,0.257,0.201,1,"0","TMEM129"
0.000188860159870519,0.390377546777359,0.598,0.542,1,"0","PARP9"
0.000176298148785614,0.389611409280308,0.313,0.24,1,"0","EBNA1BP2"
0.00082144281784502,0.389389532253407,0.522,0.473,1,"0","DIPK1A"
0.0031378272548257,0.389072261907415,0.35,0.295,1,"0","GIMAP8"
2.06715490058684e-07,0.388325454671016,0.761,0.707,0.00423043250405097,"0","NSMCE1"
0.009944304486313,0.387467632539161,0.252,0.211,1,"0","ABCD3"
7.20822956878919e-10,0.386892663880721,0.793,0.703,1.47516418125271e-05,"0","OGT"
0.00457811297420596,0.386663777928941,0.294,0.239,1,"0","FAM117B"
5.56227530701392e-09,0.385065715407643,0.665,0.563,0.00011383196415804,"0","PPP1R14B"
2.38130352276933e-05,0.383265314569889,0.418,0.336,0.487333765934743,"0","TRAP1"
0.00186951661364887,0.383176295955043,0.427,0.386,1,"0","ZNF276"
0.00665213515287655,0.382782559467954,0.329,0.289,1,"0","ACVR1"
3.27727912023956e-05,0.382516550273488,0.507,0.432,0.670695171957026,"0","GABPB1-AS1"
0.00542353216785729,0.382062758134898,0.257,0.205,1,"0","DIS3L"
2.34279262656401e-11,0.380617010373138,0.794,0.709,4.79452511026324e-07,"0","TAP2"
0,0.37925473295708,1,0.992,0,"0","RPS12"
2.23812135491386e-08,0.378000542156808,0.716,0.637,0.000458031535283121,"0","SEC31A"
2.22044604925031e-16,0.377922724362672,0.914,0.83,4.54414283979077e-12,"0","RSL1D1"
0,0.377709395543409,1,0.991,0,"0","RPS13"
0.000118972494653535,0.37718856152433,0.442,0.363,1,"0","DDX58"
0.000649738781718368,0.377076636485055,0.404,0.345,1,"0","NGRN"
0.00287320309208927,0.376824027218104,0.442,0.395,1,"0","KLHL20"
0.00220951017081106,0.376653812399009,0.335,0.279,1,"0","LINC00910"
0.000221857989354257,0.375479565781443,0.389,0.326,1,"0","NOLC1"
2.12463281950015e-05,0.374526641724878,0.516,0.441,0.434806106510706,"0","GTPBP6"
0.00449394121180524,0.37349026816072,0.327,0.278,1,"0","EMG1"
0.00189458003447007,0.372550242049986,0.254,0.2,1,"0","PRKAG2"
0,0.37228072089416,1,0.989,0,"0","RPS5"
1.56124773220689e-06,0.371981458027239,0.617,0.536,0.0319509348396141,"0","SAMD9L"
0,0.371631529061847,1,0.99,0,"0","RPL6"
0.000810018617395825,0.370932698347586,0.471,0.413,1,"0","DNPEP"
0.00358358310305684,0.370856336872205,0.334,0.285,1,"0","SRFBP1"
1.19405326983735e-05,0.370102007015406,0.615,0.537,0.244363001672213,"0","CD38"
3.05157732416461e-08,0.370011525428217,0.582,0.456,0.000624505299390288,"0","GPR155"
0,0.368926359723785,0.996,0.967,0,"0","NME2"
0.000928018622866844,0.368910114285294,0.44,0.383,1,"0","AC079793.1"
0.000365840532470019,0.368080761296437,0.392,0.328,1,"0","FKBP4"
0,0.367591451509581,1,0.992,0,"0","RPL30"
0,0.367543708780357,1,0.995,0,"0","RPL5"
1.15567334124655e-05,0.365913271880516,0.525,0.432,0.236508549286107,"0","CHD7"
2.11986912246331e-06,0.365851270862506,0.599,0.533,0.0433831215912117,"0","ATF7IP2"
0.000146876275260777,0.365739712378003,0.593,0.533,1,"0","MRPS33"
6.90374728939958e-06,0.365459720670702,0.431,0.325,0.141285188277562,"0","DHRS3"
6.35983556929176e-08,0.365429262367113,0.621,0.533,0.00130154034925556,"0","BIRC3"
0,0.36476706322235,1,0.986,0,"0","RPS16"
0.00769830283879447,0.36470076746886,0.34,0.293,1,"0","POGLUT1"
0.000852530885147917,0.36306426733526,0.379,0.316,1,"0","DKC1"
0,0.362695545359848,0.99,0.96,0,"0","NOP53"
0,0.360381893472248,1,0.979,0,"0","RPL23"
0,0.359707082798994,0.977,0.936,0,"0","GAS5"
0,0.359165514662461,1,0.989,0,"0","RPS6"
3.63802010334702e-05,0.358928916245693,0.411,0.327,0.744520814149967,"0","TBC1D4"
3.24848370425457e-10,0.358802421745504,0.722,0.595,6.64802190075697e-06,"0","ATP5MC1"
0.000408954231693182,0.358213355336387,0.335,0.266,1,"0","ZNF33B"
1.51658685609846e-11,0.358093239503593,0.601,0.446,3.10369500100549e-07,"0","SATB1-AS1"
0.000637162947288772,0.357903696030902,0.399,0.337,1,"0","TP53"
0,0.357816554886658,1,0.992,0,"0","RPS2"
0,0.357706237310918,1,0.99,0,"0","RPL9"
0,0.357380619468313,1,0.993,0,"0","RPL34"
0,0.357283026912781,1,0.994,0,"0","RPS3A"
0,0.357041179783788,1,0.988,0,"0","LDHB"
8.25834383766377e-07,0.356264741703174,0.698,0.601,0.0169007006637789,"0","FLOT1"
1.29618979993751e-07,0.355831184805293,0.652,0.566,0.00265265242557211,"0","PHB"
0,0.355510080359612,1,0.988,0,"0","RPS14"
0.00814963431278959,0.354606992906852,0.264,0.216,1,"0","WDR3"
0.001433418454448,0.353915606484605,0.364,0.307,1,"0","UTP6"
1.68455732452166e-06,0.353637828272478,0.569,0.469,0.0344744656463358,"0","IL6ST"
1.16131548821841e-10,0.353229690923383,0.832,0.769,2.37663214663897e-06,"0","TRAPPC6A"
0,0.353099724916487,1,0.989,0,"0","RPL12"
8.76991398741644e-05,0.350490331115929,0.483,0.398,1,"0","MMP25-AS1"
3.94501453726548e-09,0.350358660167793,0.789,0.693,8.0734722505138e-05,"0","CCT2"
0,0.349247271281378,0.94,0.881,0,"0","SFPQ"
1.56304584311151e-05,0.349092807522848,0.589,0.524,0.319877331792771,"0","TMEM106B"
0,0.348800707182477,1,0.993,0,"0","RPL18A"
0,0.347653032838552,0.994,0.978,0,"0","DDX5"
2.80064441360306e-05,0.347102081296913,0.555,0.481,0.573151879243866,"0","EBPL"
1.02153632219881e-07,0.346050228704243,0.759,0.667,0.00209057408337987,"0","CD55"
3.68594044175552e-13,0.34350210368723,0.943,0.891,7.54327711405267e-09,"0","SAMHD1"
2.60692810889473e-05,0.342632172688953,0.343,0.251,0.533507837485308,"0","BTBD11"
2.22044604925031e-16,0.342465255457205,0.975,0.932,4.54414283979077e-12,"0","GIMAP7"
0.00826496392828435,0.342389059995456,0.356,0.307,1,"0","LANCL1"
2.7518431977569e-11,0.341897475620926,0.924,0.87,5.63164710420949e-07,"0","SYNE2"
0.000191337753892684,0.341083133452457,0.491,0.431,1,"0","WHAMM"
0.000314819456533666,0.340867278651371,0.398,0.322,1,"0","BTN3A3"
2.27478053282937e-07,0.339982599889088,0.741,0.685,0.0046553383604353,"0","TOMM22"
0.00029947823818377,0.339694490833652,0.327,0.256,1,"0","PMM2"
0,0.339363697290445,1,0.989,0,"0","RPL29"
3.19477777566135e-12,0.338842956962694,0.914,0.836,6.53811271789095e-08,"0","LSM7"
0,0.338591124789531,1,0.994,0,"0","RPS25"
3.42075693862132e-05,0.337709368586948,0.557,0.469,0.700057907488852,"0","NIFK"
0,0.337664534383136,1,0.99,0,"0","RPL19"
2.88005499042843e-05,0.337503174346017,0.501,0.429,0.589403253791178,"0","EXOSC7"
0.00137090534494155,0.33731143969,0.434,0.377,1,"0","EEF1E1"
8.48114911633502e-11,0.337310949043559,0.876,0.782,1.73566716665796e-06,"0","PPA1"
7.47599449524294e-06,0.336804512208979,0.58,0.494,0.152996227345147,"0","MAT2A"
0.00318949353135745,0.336679835748235,0.369,0.311,1,"0","ZNF302"
0.00115757879653411,0.336484453080856,0.421,0.361,1,"0","RGL4"
0,0.336215125890092,1,0.994,0,"0","RPL13"
0,0.335853090881827,1,0.991,0,"0","RPS24"
0.00436576806117284,0.334969799448772,0.452,0.412,1,"0","EIF2D"
0.00137262844611197,0.334388152745611,0.262,0.201,1,"0","RAD51-AS1"
6.46951319938083e-06,0.334368024832749,0.65,0.588,0.132398587625329,"0","CCNY"
0,0.333980116629685,1,0.992,0,"0","RPS23"
0.00401567524289614,0.333843141081578,0.338,0.287,1,"0","HIBADH"
0.00135750445601102,0.333496356088605,0.338,0.275,1,"0","KPNA5"
3.07202641651738e-05,0.33329337318164,0.62,0.568,0.628690206140282,"0","SH3BP5"
0.00924826610347296,0.333189207142697,0.329,0.282,1,"0","SPART"
1.06230441294652e-05,0.33277430741789,0.605,0.529,0.217400598109506,"0","RPL22L1"
2.00254885784901e-05,0.331655907574317,0.713,0.659,0.409821623758799,"0","CHCHD10"
0.000365316646490754,0.3314691589948,0.453,0.381,1,"0","CPSF2"
0,0.331364516056736,1,0.992,0,"0","RPS4X"
1.37175042764781e-05,0.330121921353194,0.535,0.434,0.280728725018125,"0","SDF2L1"
0,0.329803179934465,0.978,0.937,0,"0","RPS20"
6.21659631458993e-05,0.329561614726979,0.554,0.479,1,"0","GALT"
0,0.329275876805369,1,0.991,0,"0","RPL21"
0.000578007187777674,0.328230913159846,0.36,0.289,1,"0","PRH1"
0.00870725000574013,0.328060412848874,0.399,0.355,1,"0","WDR74"
6.97947276062649e-06,0.327574560795484,0.542,0.444,0.142834910046221,"0","SUPT3H"
9.30317980603057e-05,0.327443551007838,0.554,0.483,1,"0","CBR1"
0,0.327270427128131,1,0.989,0,"0","RPL23A"
0,0.326717512219472,1,0.986,0,"0","RPL27"
0,0.326347594674036,1,0.99,0,"0","RPS7"
0.00731633076660421,0.325923898526862,0.359,0.317,1,"0","OCEL1"
0,0.325674554798613,1,0.989,0,"0","RPL36A"
1.77986514415807e-11,0.325674281316924,0.924,0.884,3.64249401751948e-07,"0","FUS"
0.000217429339383735,0.323866848458756,0.439,0.372,1,"0","AQR"
1.4560863494939e-06,0.323451653622607,0.722,0.662,0.0297988071423927,"0","APEX1"
6.13402754479075e-06,0.322432140642068,0.675,0.61,0.125532873704143,"0","PCGF5"
0,0.321657203176086,0.927,0.758,0,"0","IL7R"
6.21615980134216e-06,0.321206933366321,0.609,0.531,0.127213710334467,"0","XAF1"
6.59745813698098e-05,0.320924298130036,0.437,0.354,1,"0","RAB37"
0,0.320472657874086,0.988,0.963,0,"0","EIF3L"
0,0.320445941315048,1,0.995,0,"0","RPS27"
0.00221247674719427,0.32031491143303,0.373,0.32,1,"0","PATJ"
0,0.319279023070356,1,0.993,0,"0","RPS18"
0,0.318831306676467,1,0.99,0,"0","RPS27A"
2.86431743283799e-05,0.318715866614905,0.515,0.432,0.586182562630295,"0","WDR43"
0.000230256855504374,0.318609109417678,0.513,0.453,1,"0","TASOR2"
6.58210153048344e-10,0.318283124436052,0.863,0.769,1.34702707821344e-05,"0","DNPH1"
0.00186551353388897,0.317421837062683,0.493,0.444,1,"0","FUNDC2"
0,0.317278360553895,1,0.992,0,"0","RPL26"
0.00118636018399298,0.317142266101575,0.364,0.304,1,"0","RUVBL2"
8.79075182020905e-05,0.316762331050124,0.579,0.523,1,"0","R3HDM1"
7.78057618333605e-11,0.313189644121247,0.918,0.872,1.59229491591972e-06,"0","FLT3LG"
2.54321008696934e-11,0.313116953045002,0.802,0.686,5.20467944298275e-07,"0","TRIM22"
0.000987104055396149,0.3129471796913,0.427,0.361,1,"0","SLC7A6"
0.00277422303829256,0.31289474909325,0.376,0.322,1,"0","SNHG15"
0.000486884128179987,0.312349468754878,0.504,0.444,1,"0","PARP10"
0,0.310959423582832,0.997,0.984,0,"0","RPL4"
0.000334470002025578,0.310565603209868,0.468,0.408,1,"0","FXN"
0.00305546677374102,0.310478229174923,0.385,0.33,1,"0","KAT8"
0.000445253828810888,0.309555619105968,0.574,0.518,1,"0","SECISBP2"
4.07852696771016e-06,0.307989896224498,0.72,0.66,0.0834670543941884,"0","TMEM230"
0.00480916168925938,0.306844937977129,0.303,0.256,1,"0","AC005670.3"
0,0.305939369796046,1,0.989,0,"0","RPL22"
0.00527674773050868,0.304688250929909,0.359,0.314,1,"0","ASPSCR1"
0.000493815945959986,0.304351366506178,0.453,0.394,1,"0","MAGED1"
0.00821432771695485,0.304250096347174,0.372,0.339,1,"0","XIAP"
6.02959195117325e-05,0.30412979896142,0.528,0.453,1,"0","HEXD"
0.00308769285138322,0.303809382508678,0.397,0.351,1,"0","MARS"
0.00888709542927169,0.303011924295126,0.434,0.391,1,"0","PARP12"
7.96425148053004e-11,0.302929691520193,0.869,0.808,1.62988406549047e-06,"0","ATM"
0,0.302830960346241,1,0.99,0,"0","RPL15"
0.00643206241778715,0.302627529306467,0.413,0.365,1,"0","CARMIL2"
1.21470211666974e-09,0.302172577561198,0.907,0.875,2.48588788176463e-05,"0","EIF2S3"
0.000399777024235881,0.30206077394192,0.421,0.358,1,"0","ZMYM4"
0.00065058531346085,0.30087368235989,0.411,0.342,1,"0","GNL3"
0.00805653846410759,0.300699913318233,0.5,0.449,1,"0","HDDC2"
0,0.300529910137211,1,0.991,0,"0","RPLP2"
0,0.300295572478322,1,0.986,0,"0","RPL7"
9.35740374075067e-12,0.300254216723154,0.962,0.876,1.91499267554462e-07,"0","IFITM2"
5.02598302754009e-07,0.299385006922649,0.56,0.448,0.0102856742658608,"0","NME1"
0.00245094291236247,0.299265753979123,0.462,0.407,1,"0","MTHFS"
0.000744567648174321,0.2992089015252,0.434,0.369,1,"0","AC118549.1"
2.17585505168927e-09,0.299180375606049,0.908,0.859,4.45288736328209e-05,"0","EIF4A2"
9.12230282534843e-06,0.298252577603106,0.767,0.717,0.186687927320756,"0","IL27RA"
0.00222324905120042,0.29810095709305,0.436,0.38,1,"0","MBTPS1"
3.29477455762728e-07,0.298060813566478,0.662,0.559,0.00674275613218422,"0","PITPNC1"
6.7969845764182e-05,0.297809820312525,0.558,0.488,1,"0","NAXE"
0,0.297073364776623,0.997,0.976,0,"0","RPS11"
0.00228043488912699,0.296174162353343,0.398,0.338,1,"0","SCRN2"
0.00542516264895654,0.296123690373021,0.27,0.218,1,"0","ADAT2"
0.000394493104882931,0.295866509531884,0.653,0.604,1,"0","LARS"
0,0.294703190537774,0.994,0.958,0,"0","SNHG29"
0.000111591326680927,0.29413737910321,0.517,0.454,1,"0","MDM4"
0.00756176935548991,0.293183330113652,0.315,0.266,1,"0","EIF2B3"
0,0.291834859956075,1,0.992,0,"0","RPL35A"
0.00221487334408876,0.291405638147378,0.366,0.31,1,"0","TTC32"
0.000143921661671209,0.291326556228059,0.592,0.523,1,"0","IARS"
0.00472211649988008,0.290533277748726,0.446,0.403,1,"0","WDR7"
0,0.290193708917054,1,0.992,0,"0","RPL3"
0.00631592237709788,0.289054022889778,0.475,0.444,1,"0","TAPBPL"
0,0.288880737092246,1,0.992,0,"0","RPL11"
0.00287057209713071,0.288114777967821,0.423,0.376,1,"0","LATS1"
1.18546295881927e-05,0.286932424655457,0.624,0.543,0.242604994522364,"0","MRPL3"
4.48739834846279e-07,0.286866446419495,0.859,0.83,0.0091834607201291,"0","GTF3A"
9.57116038780015e-06,0.286863005129605,0.691,0.621,0.19587379733633,"0","GRK6"
0.000127542270857761,0.286752100342679,0.516,0.446,1,"0","MTAP"
6.82641816855956e-05,0.286576638648459,0.889,0.885,1,"0","IRF1"
9.58610968382345e-11,0.286378955755678,0.8,0.687,1.96179734679447e-06,"0","SATB1"
1.17635901020208e-10,0.286209176660574,0.936,0.925,2.40741871437855e-06,"0","RIPOR2"
5.45408163077354e-12,0.285484756752544,0.948,0.897,1.11617780573781e-07,"0","C12orf57"
9.88041088367808e-06,0.285074672416262,0.761,0.69,0.202202608734472,"0","MICOS13"
9.21785548633203e-05,0.284298682831735,0.488,0.421,1,"0","PTAR1"
0.00840998768893186,0.28407434722869,0.398,0.356,1,"0","GTF2H1"
0,0.283744559114949,1,0.994,0,"0","RPLP1"
0,0.283674476936939,1,0.988,0,"0","RPS9"
1.57219952612309e-08,0.283610430845425,0.936,0.887,0.00032175063302109,"0","NOSIP"
0.000129903494517691,0.28319428388154,0.652,0.586,1,"0","NUB1"
0.000960276193469722,0.282546126885614,0.563,0.509,1,"0","ARL14EP"
5.82758772571523e-06,0.282213053196605,0.724,0.636,0.119261582806762,"0","CCT5"
5.30686605770825e-14,0.281488365788966,0.98,0.949,1.08605013870999e-09,"0","RPS17"
0.000194916653896149,0.281170658068965,0.542,0.465,1,"0","MCRS1"
0.00108310766494735,0.28084680980113,0.29,0.227,1,"0","MIR181A1HG"
0.00422292276606062,0.280481346066023,0.28,0.223,1,"0","ZNF32"
0,0.279956823838716,1,0.989,0,"0","RPL36"
0.000217042812448831,0.279865395345978,0.676,0.612,1,"0","DPP4"
0,0.27942082038955,1,0.995,0,"0","PABPC1"
0.000686620471445742,0.278857356131641,0.383,0.317,1,"0","PLPP5"
0,0.278190686814686,1,0.99,0,"0","RPS15A"
0.00103733198634814,0.277737906172892,0.539,0.502,1,"0","TRIM27"
0.000865572159688854,0.276161516731493,0.325,0.256,1,"0","TTN"
9.76996261670138e-15,0.275425138581225,0.991,0.971,1.99942284950794e-10,"0","PSME1"
0,0.275022814051704,1,0.988,0,"0","RPL31"
0.000483627704007894,0.27484290055792,0.647,0.613,1,"0","SUMF2"
2.94563706759732e-09,0.272410386286433,0.914,0.852,6.02824625883791e-05,"0","NSA2"
0,0.271953574587463,1,0.99,0,"0","RPL13A"
0.00123017738853459,0.271930934807523,0.555,0.508,1,"0","TBC1D1"
0,0.27171832624915,1,0.988,0,"0","RPL17"
2.18767037818424e-08,0.271523897378084,0.862,0.803,0.000447706742895404,"0","SMDT1"
0.000348168822799089,0.271177069209839,0.636,0.587,1,"0","HERC2"
0.00148217204145995,0.270442945788627,0.596,0.555,1,"0","SLC25A39"
0,0.2701537962053,1,0.988,0,"0","RPL37"
0.000817265557323088,0.270066261158448,0.481,0.423,1,"0","ASAH1"
0.000228509930714216,0.269366830258453,0.379,0.309,1,"0","ATP8A1"
0.00352755268205307,0.268010685796801,0.436,0.376,1,"0","ANAPC15"
0.00016663004556583,0.267911449190457,0.539,0.465,1,"0","RNF216"
1.41895384331292e-11,0.267483678058784,0.966,0.945,2.90388904033989e-07,"0","PCED1B-AS1"
0,0.267414601606747,1,0.992,0,"0","RPL14"
0,0.266899174625068,1,0.992,0,"0","EEF2"
0,0.266644052952382,0.994,0.98,0,"0","TOMM7"
0.000113449579266955,0.266591113039347,0.653,0.599,1,"0","PTRHD1"
3.05978748851299e-05,0.266517454887516,0.748,0.678,0.626185509524183,"0","IMPDH2"
0,0.266266358862121,1,0.991,0,"0","RPL39"
8.58034605810687e-07,0.266214148917832,0.736,0.636,0.0175596782079157,"0","NHP2"
0,0.266159055734292,1,0.993,0,"0","RPS21"
0,0.264832858936996,1,0.989,0,"0","EEF1G"
0.00013177411620835,0.264666456644469,0.627,0.568,1,"0","ATXN7L3B"
0,0.264132870394472,1,0.992,0,"0","RACK1"
0.0023704122486039,0.263292342915333,0.566,0.531,1,"0","OAS2"
0.00172617025549338,0.262510756269465,0.563,0.509,1,"0","MRPS35"
0,0.26134922397573,1,0.993,0,"0","RPL7A"
0.00428180277074053,0.261285920545883,0.557,0.501,1,"0","BCCIP"
0,0.261143151122661,1,0.988,0,"0","RPL38"
0.000967772622080254,0.26092641518408,0.485,0.424,1,"0","DTX3L"
0.00432015311877776,0.260334020864828,0.436,0.388,1,"0","U2AF1L4"
0.00361910850534941,0.259434281696573,0.499,0.445,1,"0","ERCC1"
0.00512897892927322,0.259101588016017,0.541,0.49,1,"0","KLHDC2"
0.00276305601882165,0.258949583647931,0.483,0.434,1,"0","DIMT1"
1.0595229267274e-06,0.258887435250459,0.873,0.82,0.0216831366954762,"0","DGKA"
0,0.258074220045126,1,0.99,0,"0","RPL18"
0.0078239242773015,0.257930460532209,0.569,0.546,1,"0","DUS1L"
0,0.257324254772897,1,0.988,0,"0","RPL37A"
0,0.256983797934329,1,0.999,0,"0","EEF1A1"
0.000118807515052,0.256470338790107,0.582,0.514,1,"0","ZNF131"
0.00902734101376756,0.256251317199648,0.525,0.482,1,"0","MRPS16"
6.39566390177038e-05,0.256219912472665,0.8,0.744,1,"0","MT2A"
0.00785332623264501,0.256076712511155,0.414,0.369,1,"0","GABPB1-IT1"
0,0.255562180473095,1,0.986,0,"0","RPL27A"
0,0.255021169937238,0.999,0.999,0,"0","MT-CYB"
1.7945644970041e-11,0.254833979313437,0.949,0.913,3.6725762431189e-07,"0","PLAAT4"
0.00479957428285394,0.254779990021081,0.283,0.225,1,"0","DENND5A"
3.5978739137299e-05,0.253479800367683,0.762,0.69,0.736304896444824,"0","NUTF2"
1.51481022614419e-07,0.252973250900858,0.843,0.797,0.00310005912780409,"0","FOXP1"
9.88131978862938e-06,0.25255373178549,0.796,0.719,0.2022212094743,"0","CCT6A"
0.00694376404564889,0.251954981016171,0.408,0.361,1,"0","NSUN5"
2.62489888385176e-05,0.251341310544838,0.7,0.651,0.537185556580262,"0","DCXR"
0,0.251248063904948,1,0.997,0,"0","RPL10"
3.91911670449829e-07,0.251074759778598,0.901,0.865,0.00802047233575576,"0","NDUFA3"
0.00238892153616166,0.250252563623761,0.487,0.426,1,"0","SMIM15"
0,4.59325970988736,0.441,0.042,0,"1","IGFBP2"
0,3.99960913917686,0.335,0.025,0,"1","FGF11"
0,2.98303070178833,0.449,0.072,0,"1","PFKFB4"
0,2.97285158206101,0.458,0.071,0,"1","VEGFA"
0,2.72410396072137,0.824,0.173,0,"1","MIR210HG"
0,2.50570207541972,0.639,0.161,0,"1","HIF1A-AS3"
0,2.3442550292839,0.421,0.101,0,"1","AC097534.2"
0,2.28931350988712,0.996,0.895,0,"1","GPI"
0,2.24618117490305,0.338,0.085,0,"1","HILPDA"
0,2.22801023986811,0.381,0.113,0,"1","HK2"
0,2.18595387311687,0.723,0.203,0,"1","AK4"
0,2.11970192501094,0.936,0.423,0,"1","P4HA1"
0,2.00858953363402,0.908,0.474,0,"1","BNIP3"
0,1.87417791087539,0.852,0.527,0,"1","DDIT4"
0,1.84948897605001,0.486,0.182,0,"1","FAM153CP"
0,1.82495172647513,0.787,0.322,0,"1","ALDOC"
0,1.81931735683155,0.753,0.356,0,"1","TSC22D3"
0,1.80206709077041,0.458,0.165,0,"1","ANKRD37"
0,1.77870729975378,0.991,0.666,0,"1","BNIP3L"
0,1.76001004923557,0.938,0.64,0,"1","FAM162A"
0,1.71677404595604,0.757,0.376,0,"1","ENO2"
0,1.67134343262847,0.626,0.242,0,"1","AC078883.1"
0,1.6229007265803,0.998,0.966,0,"1","PGK1"
0,1.59620815069795,1,0.959,0,"1","LDHA"
0,1.56459777527267,1,0.984,0,"1","ENO1"
0,1.56329911512285,0.393,0.173,0,"1","NCKIPSD"
0,1.53049500424613,0.774,0.401,0,"1","EGLN1"
0,1.52068584661911,0.714,0.386,0,"1","PFKFB3"
0,1.48082492560101,0.733,0.402,0,"1","MXI1"
0,1.45589324578392,0.529,0.233,0,"1","PDK1"
0,1.44591561367846,0.998,0.924,0,"1","C4orf3"
0,1.43957131793133,0.48,0.236,0,"1","FUT11"
0,1.41965978139685,0.449,0.241,0,"1","ACTN1"
0,1.40454386683426,0.905,0.795,0,"1","MKNK2"
0,1.40162088033481,0.727,0.401,0,"1","MTFP1"
0,1.38663633445276,0.675,0.356,0,"1","ANKZF1"
0,1.3569100228979,1,0.99,0,"1","MIF"
0,1.35464985642,1,0.978,0,"1","TPI1"
0,1.32262234328796,0.424,0.217,0,"1","MEAK7"
9.99200722162641e-15,1.29763362532263,0.273,0.134,2.04486427790584e-10,"1","ZNF395"
0,1.28642435629835,1,0.957,0,"1","PKM"
0,1.26202410787337,0.37,0.194,0,"1","ZSCAN25"
0,1.2506641802907,0.411,0.218,0,"1","PPP1R3E"
0,1.24847231764736,0.695,0.427,0,"1","KDM3A"
0,1.22733505094328,0.854,0.573,0,"1","VEGFB"
0,1.2112764672168,0.507,0.278,0,"1","OLFM2"
0,1.20844958848458,0.789,0.474,0,"1","SLC16A3"
0,1.19699987555251,0.72,0.435,0,"1","PLAC8"
0,1.18316859167319,0.983,0.865,0,"1","ALDOA"
0,1.15703253689521,0.579,0.35,0,"1","KDM4B"
0,1.14705334688947,0.97,0.866,0,"1","ZFP36L2"
0,1.14137511229629,1,0.996,0,"1","GAPDH"
0,1.11595910293364,0.57,0.362,0,"1","WDR60"
0,1.09346430241556,0.931,0.783,0,"1","THEMIS"
4.38982183936787e-13,1.07847764034801,0.394,0.258,8.98377039426634e-09,"1","FAM210A"
0,1.07172081649261,0.794,0.593,0,"1","GOLGA8A"
6.66133814775094e-16,1.06721089480128,0.353,0.196,1.36324285193723e-11,"1","WAKMAR2"
4.5896619838004e-13,1.05546073336575,0.321,0.18,9.39274324984751e-09,"1","SNAPC1"
0,1.0468131940791,0.578,0.366,0,"1","ZNF160"
0,1.04653514423595,0.834,0.597,0,"1","PFKP"
7.26974036524553e-12,1.03178959701689,0.286,0.157,1.4877523657475e-07,"1","GPR146"
0,1.02024488780786,0.989,0.906,0,"1","PGAM1"
0,1.01901887902242,0.69,0.442,0,"1","PAICS"
0,1.01161318115798,0.48,0.281,0,"1","DBP"
1.7625900738949e-12,1.00964540498364,0.342,0.203,3.60714058622591e-08,"1","CALHM6"
2.59571120153623e-09,1.00642756243083,0.284,0.177,5.3121229739439e-05,"1","FAM216A"
6.11676531647731e-09,0.999291156524573,0.279,0.173,0.000125179602201708,"1","ING2"
1.19526610831144e-12,0.998609734367107,0.391,0.252,2.44611209065937e-08,"1","GRK3"
0,0.987037751435269,0.933,0.739,0,"1","ZNF292"
2.8510527272374e-12,0.986488224713773,0.379,0.25,5.83467940629134e-08,"1","KRBOX4"
0,0.985164859702535,0.755,0.564,0,"1","ALKBH5"
0,0.984449911306098,0.505,0.326,0,"1","HIC1"
2.29648788874215e-09,0.98216610886315,0.267,0.158,4.69976246431081e-05,"1","KDM6B"
0,0.97751087589846,0.927,0.794,0,"1","SLC2A3"
0,0.956687821304917,0.665,0.446,0,"1","TMEM63A"
9.10382880192628e-15,0.947457345503031,0.325,0.166,1.86309856431421e-10,"1","MPP7"
0,0.943388605031525,0.548,0.373,0,"1","ZNF654"
2.94844193504673e-09,0.929935249531153,0.284,0.171,6.03398642007313e-05,"1","AC013264.1"
0,0.907489928329298,0.527,0.346,0,"1","APOLD1"
0,0.896540573962475,0.636,0.436,0,"1","MPI"
6.77862201481361e-07,0.87513019654465,0.273,0.183,0.013872449953316,"1","GM2A"
1.70974345792274e-14,0.871013874908172,0.499,0.346,3.49898998663889e-10,"1","LDLRAP1"
0,0.863905598328346,0.721,0.487,0,"1","RLF"
5.81285194645176e-07,0.862420480018688,0.279,0.185,0.0118960015084135,"1","FBLN5"
0,0.856452846813689,0.604,0.387,0,"1","KDM7A"
0,0.850415729592016,0.791,0.623,0,"1","WSB1"
9.76996261670138e-15,0.850319994500127,0.512,0.356,1.99942284950794e-10,"1","HDHD5"
2.22377663752216e-05,0.848391026098612,0.25,0.177,0.455095888868909,"1","OXSM"
0,0.843866618210279,0.809,0.648,0,"1","HPCAL1"
9.18254274839825e-08,0.843404175945633,0.316,0.218,0.0018792073734597,"1","DENND5A"
0,0.83869672569749,0.884,0.734,0,"1","DARS"
0,0.836627157371673,0.613,0.444,0,"1","RETREG1"
1.17580611913581e-10,0.831723507125085,0.383,0.257,2.40628722281144e-06,"1","BMT2"
0,0.829976539411804,0.832,0.694,0,"1","MGAT1"
0,0.829641842074894,0.606,0.411,0,"1","ZBTB25"
2.60663268747408e-10,0.824905672234866,0.398,0.271,5.3344737949157e-06,"1","UFSP2"
4.82116568889523e-11,0.822703250674421,0.359,0.218,9.8665155823241e-07,"1","TAFA1"
0,0.82224171475194,0.708,0.537,0,"1","WDR54"
1.422600259815e-09,0.82105926952553,0.323,0.208,2.9113514317114e-05,"1","ZDBF2"
0,0.819523305627964,0.637,0.477,0,"1","RGCC"
0,0.81326266628676,0.957,0.883,0,"1","CORO1B"
0,0.79998111871988,0.951,0.748,0,"1","CD27"
0,0.799093024591345,0.688,0.449,0,"1","TCF7"
4.35746523042013e-06,0.792581129069028,0.262,0.178,0.089175525940548,"1","KANSL1-AS1"
2.88314239149656e-09,0.790310610516719,0.394,0.281,5.90035090419772e-05,"1","ZNF12"
0,0.78426062816895,0.621,0.455,0,"1","GPR155"
2.46047626717427e-12,0.783078330212067,0.469,0.322,5.03536468077215e-08,"1","DHRS3"
0,0.781965353446074,0.649,0.484,0,"1","BTN3A1"
1.27265109561847e-09,0.779469513167703,0.351,0.224,2.6044804671832e-05,"1","FAM117B"
6.40135944252052e-10,0.772135742889319,0.421,0.307,1.31003820991182e-05,"1","POM121C"
2.58381749951297e-06,0.763828808462256,0.271,0.182,0.052877825127533,"1","AC245407.2"
1.80454073905878e-08,0.762156553259596,0.333,0.225,0.000369299262248379,"1","EPS8L2"
0,0.761714951710567,0.673,0.488,0,"1","DNAJC4"
0,0.757286977344081,0.68,0.52,0,"1","AP3S1"
0,0.739746499432592,0.766,0.589,0,"1","SYTL3"
5.3268500721515e-13,0.739203453165297,0.464,0.311,1.0901398672658e-08,"1","LINC00243"
7.01861004426263e-07,0.735557044989401,0.258,0.165,0.0143635854555835,"1","USP53"
1.23726306231475e-05,0.73364185944364,0.275,0.193,0.253205885702714,"1","IZUMO4"
1.78351111657093e-10,0.730686807287055,0.436,0.31,3.64995550006242e-06,"1","SAP30"
1.11800939293083e-05,0.727966343207829,0.303,0.225,0.228800622263294,"1","NFKBIL1"
5.02975439076181e-11,0.723618366862727,0.48,0.335,1.0293392360694e-06,"1","SCML4"
3.78086273400413e-09,0.723133274518561,0.411,0.296,7.73753558513945e-05,"1","BCKDK"
0.000357552342376444,0.719110696678709,0.273,0.205,1,"1","IGFBP4"
0,0.718018647828408,0.791,0.655,0,"1","DDT"
4.05766753530656e-10,0.713169930320242,0.407,0.278,8.30401661100488e-06,"1","ITGB3BP"
1.51700874084781e-12,0.712201093625314,0.531,0.382,3.10455838814505e-08,"1","TCP11L2"
1.50422786338034e-06,0.711858352703752,0.325,0.235,0.0307840232240786,"1","KLF10"
0,0.708290536896852,0.794,0.645,0,"1","BTN3A2"
2.98080075866736e-06,0.702030994481847,0.31,0.22,0.0610020875261275,"1","GPATCH11"
1.58983937126322e-13,0.699998348683406,0.591,0.459,3.25360627329019e-09,"1","BCKDHA"
7.81998910071025e-11,0.692858417968097,0.469,0.349,1.60036076946035e-06,"1","YEATS2"
1.83596831115906e-06,0.689713954511587,0.295,0.204,0.0375730914878702,"1","FAM168A"
0,0.689484154987728,0.781,0.616,0,"1","NARF"
2.09519962046656e-07,0.68401873213884,0.415,0.327,0.00428782602328481,"1","LNPK"
0,0.683116713848686,0.77,0.528,0,"1","CCR7"
0.000171329055750791,0.682115202931111,0.265,0.201,1,"1","PER1"
4.48530101948563e-14,0.675862937108038,0.624,0.476,9.17916853637735e-10,"1","GCHFR"
8.44702308100409e-10,0.673041398542734,0.512,0.404,1.72868327352749e-05,"1","PDK3"
2.93083335378697e-11,0.671358478607743,0.568,0.445,5.99795045852503e-07,"1","N4BP2L1"
0,0.66373056539948,1,0.976,0,"1","PNRC1"
6.09191677214405e-06,0.658808946951697,0.331,0.248,0.124671076741928,"1","PEX3"
0.000535560253744238,0.655751545622435,0.282,0.226,1,"1","LONP1"
4.7443607509301e-07,0.652536196114272,0.421,0.324,0.00970933427677845,"1","BCL6"
7.35046844488885e-05,0.650502008715444,0.331,0.253,1,"1","ALOX12-AS1"
4.06563671617732e-12,0.647933045171002,0.574,0.453,8.32032553965689e-08,"1","RASSF7"
0,0.647276333404034,0.733,0.606,0,"1","KDM4C"
0,0.644441942589066,0.738,0.596,0,"1","GIMAP2"
4.21667589733943e-10,0.643228375796565,0.449,0.304,8.62942722390514e-06,"1","TMIGD2"
0,0.63929412551845,0.989,0.958,0,"1","SEPTIN9"
0,0.638363812157563,0.727,0.59,0,"1","PDE4D"
1.27999764121256e-08,0.638074813003264,0.419,0.302,0.00026195151727415,"1","ITPKB"
1.59872115546023e-14,0.631270380846036,0.693,0.58,3.27178284464935e-10,"1","SNHG7"
0.000172063513464993,0.630299153844693,0.267,0.199,1,"1","ATP23"
7.50374443247992e-07,0.6291838766884,0.387,0.291,0.0153564129810702,"1","INTS13"
0,0.623179371890836,0.931,0.735,0,"1","LEF1"
0.000370569223044681,0.622778144145283,0.271,0.211,1,"1","PDXP"
5.15141345136527e-08,0.616990763415286,0.477,0.357,0.0010542367628219,"1","MHENCR"
1.65625915649059e-07,0.610826382843225,0.497,0.406,0.003389534363758,"1","SMIM27"
9.81431620417084e-07,0.609694057455075,0.464,0.367,0.0200849981118356,"1","ZSCAN16-AS1"
9.96308064804552e-05,0.601815728712021,0.34,0.275,1,"1","HERC3"
7.02752003634011e-06,0.600456170783756,0.37,0.278,0.1438181975437,"1","HOXB2"
3.03288818239711e-05,0.597032494963935,0.402,0.333,0.620680566527568,"1","GRK5"
0.00066246377344692,0.596753601265685,0.321,0.259,1,"1","NSMF"
2.47817329923627e-06,0.594838171680234,0.346,0.255,0.0507158165688704,"1","PCBP1-AS1"
0,0.593404690212743,0.908,0.825,0,"1","FYN"
1.03010662222403e-08,0.589417673668067,0.535,0.431,0.000210811320238147,"1","LINC00623"
0,0.58938992424403,0.807,0.686,0,"1","CCDC18-AS1"
7.30661503567376e-06,0.584635596527474,0.348,0.259,0.149529876705063,"1","CCL28"
7.31786165442116e-07,0.584270003777793,0.269,0.176,0.0149760038757729,"1","TMTC2"
0,0.583119937511794,0.837,0.711,0,"1","GIMAP1"
0,0.582438677179515,0.994,0.96,0,"1","TAGLN2"
0.00875521319580241,0.581705848102182,0.273,0.231,1,"1","LYRM7"
1.40385050917402e-07,0.58028226615123,0.488,0.388,0.00287298006702463,"1","TRPT1"
1.40378282664777e-06,0.576271962659124,0.482,0.412,0.0287284155473466,"1","CLK3"
4.63874975542566e-07,0.575994866758801,0.516,0.458,0.00949320137447862,"1","ZNF581"
0,0.575532001299618,0.763,0.605,0,"1","VKORC1"
2.45530262787952e-11,0.573294439440615,0.671,0.567,5.02477682795544e-07,"1","ZBTB1"
1.35447209004269e-14,0.572443800473221,0.697,0.571,2.77192713227237e-10,"1","CFDP1"
6.58614080828457e-07,0.571404437743904,0.441,0.355,0.0134785371641544,"1","ING4"
3.61093422163172e-06,0.570706786484473,0.421,0.332,0.0738977688456932,"1","ZNF862"
0,0.568681497374095,0.907,0.783,0,"1","IL7R"
0.0090669303756381,0.567413797099798,0.277,0.238,1,"1","LSM14B"
0,0.567285826385335,1,0.996,0,"1","SARAF"
0.0061398598563287,0.562512629315198,0.279,0.235,1,"1","TRIM52"
2.34966401890802e-09,0.56106146571088,0.529,0.406,4.80858741469525e-05,"1","DYRK2"
0.000695298578704096,0.557845781007737,0.267,0.207,1,"1","ZBTB4"
6.49598093183101e-06,0.557359964169044,0.394,0.306,0.132940249769922,"1","ZC3H6"
8.25429874207195e-06,0.55442405895214,0.404,0.321,0.168924223756503,"1","SNRPN"
4.29757391895436e-08,0.549496327005232,0.54,0.443,0.000879498502514009,"1","TMEM134"
0,0.548636508527836,0.899,0.78,0,"1","ABLIM1"
2.72716782183657e-05,0.545731277839703,0.361,0.277,0.558114894738855,"1","HIST3H2A"
2.22044604925031e-16,0.54448103130737,0.815,0.694,4.54414283979077e-12,"1","CDKN1B"
0.000126819145161772,0.54360409786091,0.327,0.256,1,"1","BEX4"
1.67843918896793e-06,0.541370425985171,0.437,0.348,0.0343492580022287,"1","VGLL4"
1.83559833999425e-11,0.541250577614536,0.636,0.513,3.75655200279823e-07,"1","NADSYN1"
3.03637963905423e-06,0.540692344289001,0.383,0.29,0.0621395093132449,"1","NUDT18"
2.3383062153215e-09,0.535235006002869,0.568,0.455,4.78534366965544e-05,"1","MTR"
0.000260350608198845,0.534346078637858,0.282,0.214,1,"1","ADPRM"
8.25652956870648e-06,0.529705084934705,0.501,0.418,0.168969877623578,"1","CFAP36"
1.89914675985392e-07,0.528716090192098,0.464,0.361,0.00388660384404105,"1","PHF1"
7.05472322071188e-06,0.528200915136348,0.406,0.311,0.144374910711869,"1","SGF29"
0,0.527363150031484,0.806,0.646,0,"1","RBPJ"
1.83586479352016e-12,0.526779299698021,0.675,0.541,3.757097299939e-08,"1","PIK3IP1"
0,0.524370754937679,0.985,0.972,0,"1","TMEM123"
6.13438328578297e-07,0.52326263451824,0.456,0.367,0.0125540153943549,"1","BIRC2"
7.40176104296886e-06,0.522565219498115,0.413,0.322,0.151477039744358,"1","CTDSPL2"
0,0.522231742495294,0.948,0.895,0,"1","SIT1"
2.57708721029815e-08,0.521446149523825,0.458,0.336,0.000527400897587516,"1","STAMBPL1"
0.000308144464112203,0.519775021468291,0.353,0.285,1,"1","ABRAXAS1"
0.00861890199334381,0.519669543983382,0.299,0.255,1,"1","CEP170"
1.99840144432528e-15,0.518143536585962,0.798,0.671,4.08972855581169e-11,"1","FCMR"
2.70664614299143e-06,0.515885434516708,0.45,0.361,0.0553915133163196,"1","KDM2B"
5.98250782246623e-10,0.51581355056592,0.686,0.597,1.22432022586771e-05,"1","SIPA1"
1.16558771474651e-05,0.515450510182162,0.439,0.352,0.238537525822873,"1","ANKRD26"
2.8506081812818e-06,0.513005091361149,0.486,0.393,0.058337696429932,"1","NPHP3"
1.53129279922837e-07,0.512543924918277,0.505,0.402,0.00313379071362085,"1","STMN3"
0.000346311266992805,0.510320195132207,0.335,0.268,1,"1","TBC1D32"
2.22044604925031e-16,0.509653398384322,0.813,0.715,4.54414283979077e-12,"1","STAT3"
0.000544057088256222,0.509222052620397,0.292,0.231,1,"1","SNHG14"
0,0.508958687257886,0.955,0.885,0,"1","NOSIP"
9.78801262263573e-10,0.508189204011609,0.66,0.56,2.0031167832224e-05,"1","SNRK"
0,0.507371546587965,0.951,0.911,0,"1","PNISR"
0.00158901513597764,0.507317447098513,0.305,0.255,1,"1","MCRIP2"
2.44249065417534e-15,0.506522773964397,0.807,0.709,4.99855712376984e-11,"1","CHD3"
3.30018441463409e-08,0.503763506442033,0.572,0.485,0.000675382740454866,"1","HCFC1R1"
1.86739512741951e-13,0.500050319826346,0.778,0.671,3.82162412826403e-09,"1","CCDC107"
7.30865121756352e-08,0.499594746641692,0.617,0.524,0.00149571547167437,"1","NGLY1"
1.68534518163455e-06,0.499272614448925,0.518,0.431,0.034490589142151,"1","DRAM2"
8.31175128723771e-11,0.499261790704273,0.731,0.635,1.7009999009332e-06,"1","CHMP7"
2.3576035348416e-06,0.499260220790441,0.488,0.403,0.0482483563405334,"1","RNF113A"
1.05539577077707e-10,0.497731735236962,0.602,0.481,2.15986744489527e-06,"1","ZMYM2"
4.71366814469576e-08,0.4972107533469,0.538,0.443,0.000964652185811987,"1","PGM1"
3.25109574867977e-05,0.495245193684317,0.441,0.369,0.665336744967314,"1","PLEKHA2"
0,0.493143692073615,0.993,0.977,0,"1","FYB1"
0.00106397037870121,0.487833908471115,0.308,0.246,1,"1","INSIG2"
0.000328564620560856,0.487780755088852,0.454,0.396,1,"1","RNF138"
0,0.487364598374756,0.972,0.939,0,"1","LEPROTL1"
0,0.487207153619584,0.983,0.953,0,"1","PDE3B"
0.00979522161487822,0.48661677585762,0.252,0.209,1,"1","TMEM9"
9.9475983006414e-13,0.486083277271523,0.735,0.637,2.03577599222626e-08,"1","PIH1D1"
7.53092765926056e-09,0.486035765451876,0.665,0.59,0.000154120434546767,"1","RNMT"
1.65423230669148e-13,0.485574504101894,0.806,0.734,3.38538641564412e-09,"1","UBE2R2"
3.90473875455655e-10,0.484794363600288,0.712,0.643,7.99104786119997e-06,"1","PLCG1"
0.000101176392460101,0.484749261351605,0.404,0.334,1,"1","RPS10"
1.47530544269969e-05,0.484737681741308,0.398,0.306,0.301921258848492,"1","MARCKSL1"
0.000427210591486871,0.482523385884462,0.336,0.279,1,"1","FBXO42"
0.00382229045742033,0.479489667050735,0.323,0.281,1,"1","ARAP1"
0,0.479395593197363,0.841,0.711,0,"1","SORL1"
1.2659743697796e-06,0.47848785213874,0.548,0.468,0.0259081654775395,"1","RSBN1"
0.00131335945988487,0.476826251256576,0.364,0.317,1,"1","IKBIP"
0,0.475914189607557,0.918,0.844,0,"1","POLD4"
0.00108195443085379,0.47375219072591,0.387,0.334,1,"1","BTN3A3"
3.53451185033382e-05,0.472605379482332,0.436,0.349,0.723337850170817,"1","ARRDC2"
0,0.472590894557669,0.978,0.884,0,"1","CD7"
0.000105772822682093,0.471916903612174,0.499,0.424,1,"1","CYSLTR1"
1.31228361510694e-13,0.470833077211384,0.91,0.864,2.68558841831634e-09,"1","GBP2"
1.6066422725558e-07,0.466725120145816,0.606,0.535,0.00328799341078545,"1","DHPS"
0.00126081282716739,0.466038282944503,0.282,0.222,1,"1","ZNF585A"
3.09953249733042e-08,0.464421693981934,0.856,0.887,0.000634319325578669,"1","STAT1"
4.3473755706458e-09,0.463866175204461,0.622,0.515,8.89690410532662e-05,"1","EVI2A"
2.10720843862866e-06,0.463543641137415,0.516,0.44,0.0431240206965355,"1","ARHGEF7"
1.59158599633002e-08,0.462147882683612,0.609,0.514,0.00032571807414894,"1","ZC3H7A"
0.00036164900192337,0.461395880242076,0.363,0.297,1,"1","LINC01550"
8.63531468553447e-13,0.460286550120827,0.822,0.768,1.76721715039463e-08,"1","RNF181"
1.41920148855057e-06,0.459356821215548,0.596,0.525,0.0290439584631874,"1","HSD17B11"
0.000294215823517519,0.457856637890353,0.465,0.414,1,"1","ESCO1"
0.000229311460098858,0.455179895722529,0.378,0.307,1,"1","SNAPC3"
0.0038241260825187,0.452758843125576,0.262,0.209,1,"1","ZNF493"
0.000634862522155721,0.452310170608792,0.393,0.331,1,"1","TMEM71"
2.31195571931408e-06,0.451823023101549,0.572,0.496,0.0473141737957627,"1","PSD4"
0.000909721724597246,0.451488478248988,0.286,0.223,1,"1","AC005332.4"
1.67643676718399e-13,0.449242863805745,0.806,0.72,3.43082784404203e-09,"1","ERO1A"
0,0.447137203330823,0.968,0.933,0,"1","YPEL3"
0.000998071619523921,0.446467689966735,0.363,0.306,1,"1","PLOD3"
0.00819020901489909,0.446310565911939,0.286,0.233,1,"1","PATZ1"
5.50019861689233e-05,0.444856734290029,0.409,0.333,1,"1","MARCH9"
0.00593708129525505,0.444250009743407,0.321,0.274,1,"1","DDHD2"
3.08256343828361e-06,0.443561130756718,0.555,0.464,0.0630846607644742,"1","RAB24"
2.61532418559529e-05,0.440193083577874,0.443,0.362,0.535226094582076,"1","PKIA"
0,0.437939946288672,0.985,0.963,0,"1","PCBP1"
0.000276608949125734,0.437451505549727,0.271,0.198,1,"1","BCL2A1"
0.00839096348388901,0.437040621653705,0.305,0.263,1,"1","RTL8A"
4.0787373478679e-12,0.43664658084424,0.806,0.726,8.34713598241166e-08,"1","NPEPPS"
0.00071390539731575,0.434980824685656,0.293,0.235,1,"1","PLXNC1"
0.0040477322817829,0.43467005746623,0.363,0.314,1,"1","TTC28-AS1"
0.000164807026215463,0.43462479045869,0.477,0.408,1,"1","ORAI3"
0.00199975325201129,0.434600958126262,0.292,0.231,1,"1","AIF1"
0.000574050806227966,0.433485872021827,0.434,0.383,1,"1","TRIM4"
0.000101972259905381,0.432831161238069,0.441,0.376,1,"1","ASB3"
0.00126284636706742,0.43156566859561,0.308,0.252,1,"1","AC008014.1"
5.0022208597511e-12,0.429704535422282,0.88,0.831,1.02370449894806e-07,"1","MPHOSPH8"
2.37609106430448e-05,0.428568999549522,0.546,0.484,0.486267036309911,"1","RALGDS"
0.000460268305947809,0.428446429271104,0.492,0.453,1,"1","PRKRIP1"
2.69155593657366e-06,0.427996842429294,0.501,0.406,0.05508269224198,"1","TARSL2"
2.28705943072782e-14,0.426294854081624,0.869,0.814,4.68046712498449e-10,"1","ATM"
0,0.426290577222803,0.994,0.941,0,"1","IFITM1"
0.000662720428564745,0.424427361203522,0.43,0.38,1,"1","FBH1"
3.08383287104252e-05,0.42278710193412,0.527,0.467,0.631106397058853,"1","ZNF770"
0.00181758817883204,0.421908445330456,0.307,0.246,1,"1","TRMT10B"
0,0.420604830179644,0.979,0.937,0,"1","TXNIP"
0.0010351068724046,0.420238827402225,0.35,0.287,1,"1","SH3YL1"
0.00869660325198551,0.418658841037259,0.305,0.259,1,"1","TGDS"
2.22044604925031e-15,0.41861420033694,0.933,0.855,4.54414283979077e-11,"1","VDAC1"
0.00136357257199471,0.417910404415118,0.295,0.235,1,"1","ZC4H2"
0.00907982029628007,0.417889508202697,0.321,0.274,1,"1","MYLIP"
4.2250647425135e-12,0.417213098019228,0.828,0.717,8.64659499555387e-08,"1","ALKBH7"
0,0.416810574072833,0.991,0.964,0,"1","SEPTIN6"
3.55926495974046e-05,0.414280837124965,0.434,0.349,0.728403574010885,"1","HECA"
0,0.414030396443027,0.97,0.95,0,"1","GYPC"
4.16488071015575e-05,0.412394839482671,0.499,0.43,0.852342837333374,"1","LINC01138"
2.32855956738831e-11,0.412288463327366,0.869,0.827,4.76539715466018e-07,"1","PRKCQ-AS1"
7.16537940093076e-13,0.41193013584432,0.888,0.805,1.46639489440048e-08,"1","GIMAP5"
2.79733553898431e-06,0.411449340307853,0.624,0.549,0.057247471805314,"1","NUCB2"
0,0.410992884417237,0.983,0.938,0,"1","GAS5"
4.76351611489179e-08,0.41088629757663,0.688,0.62,0.000974853572912604,"1","MALT1"
0.00646990845552087,0.408343284478599,0.35,0.301,1,"1","CLUAP1"
0,0.407407656121021,0.944,0.897,0,"1","ANAPC16"
2.49778163057268e-05,0.406179510358072,0.559,0.483,0.511171010696699,"1","IL6ST"
2.42203231608507e-05,0.406088117790435,0.572,0.496,0.495668913486809,"1","NUMA1"
0.00480221554276117,0.405110547308734,0.321,0.268,1,"1","BTBD11"
0.0035656660400456,0.404456145802821,0.428,0.391,1,"1","GGA2"
0.000345377379138201,0.404322416232106,0.275,0.202,1,"1","LRMP"
3.95854460322198e-11,0.403152692729239,0.705,0.607,8.10116153049378e-07,"1","SMYD3"
9.32535362552223e-06,0.402537551239482,0.518,0.43,0.190843361946312,"1","CYTH4"
9.15956314417876e-06,0.402185821948252,0.566,0.496,0.187450459745618,"1","NMT2"
2.22044604925031e-15,0.401194379232178,0.925,0.876,4.54414283979077e-11,"1","TOMM20"
4.27802048885706e-05,0.400952354308002,0.518,0.451,0.875496893044597,"1","LETMD1"
7.33931360130669e-10,0.400823749494216,0.781,0.713,1.50199052850741e-05,"1","CLEC2B"
1.11557877100488e-05,0.400140537897337,0.503,0.414,0.228303195486148,"1","CAMK2G"
0.00287126664746018,0.398966106194703,0.426,0.381,1,"1","MPHOSPH9"
0.00072748342205986,0.398468596311669,0.376,0.316,1,"1","PGRMC2"
0.00355978996781126,0.396910273816881,0.286,0.233,1,"1","TRMT1L"
0.00478615541848471,0.396173767486384,0.292,0.238,1,"1","GOLGA1"
0.0027648335869257,0.395595255890673,0.415,0.377,1,"1","PRPSAP2"
2.88455002088739e-05,0.394258468582799,0.378,0.289,0.590323161774604,"1","LINC01891"
8.35271056098819e-07,0.394240017562004,0.598,0.5,0.0170938221630623,"1","LGALS8"
4.17601730973161e-10,0.393836522914269,0.772,0.717,8.54621942436573e-06,"1","TXNL1"
0.00281000854512992,0.392166320377777,0.256,0.197,1,"1","PARP3"
0.00860689882222077,0.391021991668656,0.318,0.271,1,"1","TRIB2"
0,0.390948888232926,0.989,0.932,0,"1","GIMAP7"
0.00509382888275889,0.390760039859042,0.351,0.3,1,"1","GIMAP8"
0,0.390575007499537,0.948,0.895,0,"1","RSRP1"
3.5527136788005e-15,0.390317008133504,0.935,0.881,7.27062854366523e-11,"1","KIF2A"
4.36725322572329e-10,0.389948977017558,0.695,0.573,8.93758372644271e-06,"1","BACH2"
2.61628940734226e-10,0.389128863504423,0.802,0.753,5.35423627212595e-06,"1","CHD2"
2.73345871804054e-06,0.388843881831847,0.598,0.529,0.0559402326646996,"1","CREBZF"
2.82398606730183e-05,0.3884350887187,0.589,0.528,0.57792874867332,"1","DPM3"
0.000117708158000829,0.388033417278371,0.443,0.36,1,"1","APBB1"
1.2205791932729e-12,0.387526131409873,0.807,0.713,2.49791531903298e-08,"1","ZBTB20"
0,0.386794886702826,1,0.995,0,"1","RPS27"
3.21138950987176e-08,0.386379550310603,0.774,0.714,0.000657210863195257,"1","SIGIRR"
4.44089209850063e-15,0.386297826335211,0.964,0.884,9.08828567958153e-11,"1","IFITM2"
1.09370888790039e-07,0.385446818332614,0.695,0.632,0.00223827523908815,"1","KDM2A"
0.00099629451548755,0.385017938603644,0.419,0.358,1,"1","ACTR1B"
0.00254488004925779,0.384669664706856,0.415,0.367,1,"1","METTL15"
0.000114779018120181,0.3845337855156,0.557,0.507,1,"1","HELB"
0,0.383984794878179,1,0.996,0,"1","HLA-E"
1.70841119029319e-12,0.383091295166797,0.852,0.798,3.49626350093502e-08,"1","FOXP1"
0,0.382827444747571,1,0.99,0,"1","LSP1"
0.00116107083610961,0.382395794417171,0.409,0.344,1,"1","ACP5"
0.00218217123445719,0.381360451428531,0.366,0.304,1,"1","ITGB2-AS1"
2.89897883476442e-10,0.380239229904593,0.398,0.251,5.93276018534539e-06,"1","FAM13A"
7.7768671209455e-06,0.375560232073567,0.619,0.551,0.15915358563015,"1","APPL1"
0,0.375468238022033,1,0.992,0,"1","RPL39"
4.48621218440692e-06,0.375288238556084,0.602,0.539,0.0918103323538877,"1","SSBP2"
0.000188332411072967,0.373478538106544,0.447,0.379,1,"1","FAM200B"
1.1549625700269e-09,0.37150749417442,0.837,0.794,2.36363089956004e-05,"1","IGBP1"
0.000359870600520562,0.37055349078499,0.467,0.405,1,"1","TBC1D10A"
3.83091336431107e-11,0.369761114748766,0.813,0.73,7.83996420006261e-07,"1","PDE7A"
0.000254999712961723,0.36913070797067,0.551,0.492,1,"1","AC119396.1"
3.24629212400396e-13,0.368201361426,0.929,0.896,6.6435368317741e-09,"1","DDX24"
0.00141932309716974,0.367542306006245,0.37,0.309,1,"1","BRWD3"
8.77731909645352e-05,0.367105942856446,0.381,0.309,1,"1","CDK19"
0.00229992429454162,0.367019460031009,0.348,0.29,1,"1","TIFA"
0.000107059619766092,0.366288733140299,0.576,0.513,1,"1","VPS26B"
0.000931203880037756,0.365895120409591,0.443,0.382,1,"1","ADPGK"
0.00404104221911217,0.365235766061878,0.338,0.285,1,"1","MSL2"
6.01902204033777e-06,0.365108719004694,0.667,0.609,0.123179286055513,"1","PPP1CB"
0.000645336759711235,0.364789503751927,0.376,0.307,1,"1","CLK4"
0.00255069131368146,0.363158401113014,0.407,0.354,1,"1","PCMTD2"
2.09121608918394e-12,0.362759242731288,0.923,0.866,4.27967372651494e-08,"1","PSIP1"
0.00101007277899878,0.361935076093954,0.379,0.314,1,"1","HEATR5B"
4.80727768703559e-09,0.361230763265853,0.779,0.703,9.83809378651834e-05,"1","ICAM2"
3.02868841117743e-13,0.361131586289189,0.921,0.881,6.1982108334746e-09,"1","LINC01578"
0.000171625662277908,0.361052451043647,0.465,0.392,1,"1","SLC50A1"
2.26041407813682e-13,0.360547831102459,0.929,0.904,4.625937410907e-09,"1","SNHG6"
1.13242748511766e-14,0.360179311619213,0.935,0.914,2.31751284829329e-10,"1","ZFAS1"
1.66070505347449e-07,0.359384580787702,0.488,0.377,0.00339863289193554,"1","PAM"
0.00376838290959669,0.35878918299068,0.31,0.254,1,"1","USP37"
1.42033957928334e-08,0.357412230776143,0.832,0.775,0.000290672494900335,"1","KDELR1"
0.00417596007647525,0.357046652394724,0.338,0.283,1,"1","AC245297.3"
0.000397829400993199,0.357033328434533,0.538,0.508,1,"1","EBLN3P"
0.000312386910505946,0.356401132942664,0.578,0.528,1,"1","DNAJB1"
0.00243126957035766,0.355723003280889,0.454,0.402,1,"1","FMC1"
0.00349614235393325,0.355615794594424,0.292,0.236,1,"1","ARHGAP12"
0.00290278796917876,0.354973159246732,0.381,0.322,1,"1","PATJ"
0.00383580324743971,0.353970981231837,0.314,0.261,1,"1","HS2ST1"
0,0.353606903463168,0.994,0.98,0,"1","RPS11"
0.00607816128237038,0.35304645365408,0.467,0.429,1,"1","PPIL4"
0.00581563112716998,0.352997618195947,0.32,0.266,1,"1","TTN"
0.00197474365738315,0.352196412548869,0.364,0.304,1,"1","HDAC4"
0.00628574915884661,0.351989606694905,0.374,0.326,1,"1","SYS1"
7.10081894794712e-06,0.350778925016516,0.563,0.461,0.145318259769738,"1","HBP1"
0.00834637569235852,0.350692462738103,0.346,0.296,1,"1","DNAJB9"
3.7800496066609e-10,0.3501675223616,0.933,0.854,7.73587152003152e-06,"1","LIME1"
0.00578567198146596,0.348930707077468,0.404,0.36,1,"1","MBOAT7"
0.0032274044936913,0.346534639847662,0.393,0.341,1,"1","SMYD2"
0.000106657316488734,0.345658711387452,0.473,0.391,1,"1","GPR183"
2.22044604925031e-16,0.34376994284087,0.959,0.927,4.54414283979077e-12,"1","CAMK4"
0.000544566355412002,0.343562513110228,0.557,0.513,1,"1","ZKSCAN1"
3.36784932077894e-05,0.343157550795319,0.538,0.461,0.68923036349741,"1","IMMP2L"
8.90790482488413e-06,0.342472789981477,0.699,0.646,0.182300272241254,"1","ESYT2"
0,0.341706166329304,1,0.989,0,"1","RPS14"
2.30260255307257e-13,0.341288719929447,0.944,0.899,4.71227612486302e-09,"1","IL16"
4.45790071523788e-11,0.340250859745064,0.865,0.802,9.12309381373433e-07,"1","LBH"
0,0.339504998166931,0.996,0.981,0,"1","CCNI"
0,0.338317258085228,1,0.973,0,"1","S100A10"
0.00387962271952524,0.33809272493316,0.497,0.466,1,"1","CEBPZOS"
0,0.338089302971857,1,0.994,0,"1","RPL34"
5.49319836928852e-06,0.337817131081113,0.634,0.552,0.11241830462749,"1","PJA2"
2.27434105124491e-05,0.33724008592028,0.716,0.699,0.465443896137271,"1","CPNE1"
1.0442162690083e-09,0.336943303642099,0.789,0.7,2.13698859452549e-05,"1","TGFBR2"
0.00247656462675172,0.336278961754236,0.434,0.377,1,"1","MINK1"
1.29024968487101e-09,0.335945368051432,0.72,0.64,2.64049598008853e-05,"1","MBD5"
0.00569751735975754,0.334845172816007,0.398,0.358,1,"1","RAB5B"
0.00193911815967795,0.334683969840338,0.426,0.368,1,"1","HCP5"
0.000112070258559527,0.334422300274192,0.619,0.53,1,"1","ANXA1"
0.000140167300718863,0.333443104616574,0.469,0.396,1,"1","SESN3"
0,0.333392412182708,1,0.992,0,"1","RPL35A"
7.91825272017377e-08,0.333266534647649,0.849,0.793,0.00162047041918356,"1","PCBP2"
0.000138734690503961,0.332991543906905,0.501,0.439,1,"1","RASSF3"
0.00364236683295327,0.33241279152564,0.449,0.403,1,"1","DEAF1"
0.000707449117984593,0.331730680049882,0.559,0.524,1,"1","PTOV1"
6.77455811171068e-05,0.330224411930838,0.649,0.576,1,"1","GZMM"
0.000359317630481915,0.33021344537691,0.563,0.513,1,"1","MTERF4"
0.000244319784689306,0.329509683516019,0.596,0.535,1,"1","PLIN2"
5.04402022372119e-08,0.329490085580371,0.69,0.608,0.00103225873878454,"1","MAML2"
3.99680288865056e-15,0.329280677656963,0.966,0.918,8.17945711162338e-11,"1","SEC61G"
0.00605969769175219,0.328641632098278,0.359,0.313,1,"1","ORC4"
6.27008820419661e-08,0.328374849144064,0.77,0.722,0.00128317355098884,"1","SFXN1"
0,0.328274689447119,0.989,0.984,0,"1","CD96"
9.76996261670138e-15,0.328251834508495,0.964,0.946,1.99942284950794e-10,"1","ACAP1"
1.03207442592179e-10,0.327580067810873,0.923,0.88,2.11214031264895e-06,"1","TNFRSF14"
0.00235397337034171,0.327048537432512,0.426,0.362,1,"1","AL138963.4"
5.27791553572854e-07,0.327026544087132,0.778,0.757,0.0108012541438685,"1","FGFR1OP2"
1.43812073361005e-10,0.326135983388271,0.903,0.849,2.94311408133296e-06,"1","LUC7L3"
0.00461648760123223,0.325492964239945,0.338,0.285,1,"1","TNRC6C"
0,0.324885062029812,1,0.993,0,"1","RPS28"
8.26535165066034e-06,0.322910474088519,0.677,0.591,0.169150421530764,"1","SAT1"
1.61581859003945e-12,0.321675065520894,0.929,0.877,3.30677274451574e-08,"1","RNASET2"
2.37043073902932e-06,0.32147220252858,0.703,0.645,0.048510865074235,"1","TMF1"
0.00336836108880179,0.321155718214168,0.372,0.32,1,"1","NFRKB"
2.9473090634724e-11,0.320854324602425,0.901,0.859,6.03166799839627e-07,"1","KMT2E"
0.00016617513435957,0.32050537268495,0.521,0.451,1,"1","TBCD"
1.66762976760992e-08,0.320109371555699,0.852,0.786,0.000341280431941371,"1","RBIS"
6.9164941776112e-06,0.31917210304173,0.723,0.672,0.141546053344813,"1","CEP350"
0.00929648322898857,0.318846592753673,0.271,0.22,1,"1","EPHA4"
0,0.317000764359145,0.998,0.99,0,"1","RPL38"
2.56745683602233e-07,0.315907286062747,0.768,0.701,0.0052543004149197,"1","FAM102A"
0.000103289560961617,0.315268587179918,0.538,0.457,1,"1","CDKN2D"
2.81447146921465e-07,0.314768211830358,0.873,0.83,0.00575981586174779,"1","ITM2A"
0.00604148600265875,0.314050537744275,0.348,0.294,1,"1","EPM2AIP1"
1.41171214718128e-08,0.313680900006246,0.927,0.87,0.000288906890920648,"1","GIMAP4"
0.00074454603641505,0.31362769123226,0.488,0.42,1,"1","ZNF146"
4.8324236608499e-05,0.312020112305061,0.807,0.771,0.988955502192933,"1","XBP1"
0.00257014108085074,0.311395784947973,0.381,0.321,1,"1","ATP10A"
0.00444931823237926,0.309655128268188,0.546,0.511,1,"1","PDCD7"
0,0.309434589920589,1,0.988,0,"1","RPS29"
1.99840144432528e-15,0.309343602613377,0.978,0.954,4.08972855581169e-11,"1","EIF3E"
0.00143514933938294,0.308989721984347,0.527,0.484,1,"1","ZFAND1"
0.00924732034027076,0.308959211599674,0.381,0.337,1,"1","TFB1M"
0.00367948330866397,0.308723706884669,0.402,0.347,1,"1","ORC2"
0.000790633654891293,0.30856652075013,0.563,0.516,1,"1","OFD1"
8.19575369126468e-07,0.30769734582134,0.751,0.686,0.0167726099291732,"1","PFKL"
7.12065117980387e-09,0.306594728670125,0.865,0.829,0.000145724126394686,"1","DGKA"
0,0.304760969312529,1,0.991,0,"1","RPS15A"
0.00842427938300938,0.303889761821644,0.355,0.304,1,"1","DENND11"
1.15463194561016e-14,0.303764808713101,0.983,0.969,2.3629542766912e-10,"1","SMCHD1"
4.92398549385431e-05,0.303727115972987,0.596,0.538,1,"1","RBM33"
0,0.303556241879788,1,0.997,0,"1","RPL10"
0.0046491780827278,0.303482844581784,0.615,0.581,1,"1","MITD1"
0.00289590243429938,0.303379254358241,0.576,0.549,1,"1","SEC63"
1.94224048621905e-07,0.303371639201934,0.774,0.715,0.00397479515504728,"1","PHF3"
7.26347806123684e-07,0.300803105283836,0.75,0.698,0.0148647078523212,"1","TTC3"
4.44089209850063e-16,0.300648648553307,0.987,0.967,9.08828567958153e-12,"1","ANP32B"
0.0042622462791464,0.300634955907963,0.46,0.414,1,"1","SLC25A36"
3.30300926840721e-05,0.300077063570495,0.688,0.643,0.675960846779535,"1","TTC14"
0.00300656127886545,0.299605846085129,0.493,0.447,1,"1","HIST1H2AC"
2.50176310334638e-07,0.29872370311617,0.787,0.728,0.00511985819099836,"1","ABHD14B"
0.0098244226823887,0.298685772695274,0.381,0.347,1,"1","RCOR1"
1.49829492901432e-06,0.297745411525307,0.793,0.703,0.0306626057222781,"1","PBXIP1"
0,0.296912200225074,1,0.992,0,"1","RPL30"
4.58631481925487e-06,0.296403565578567,0.778,0.743,0.0938589327760508,"1","TIAL1"
0.00610667289180489,0.295898876600253,0.348,0.291,1,"1","PDE7B"
0.00229989449669632,0.295503206949459,0.422,0.372,1,"1","PELI1"
0.00217312195792996,0.294413110667726,0.607,0.565,1,"1","C5orf56"
0.00041054588605971,0.294244762441479,0.52,0.457,1,"1","EDEM3"
0.000822079357881256,0.29278411994884,0.671,0.655,1,"1","CNIH1"
2.88657986402541e-15,0.292396741069818,0.978,0.968,5.907385691728e-11,"1","SNHG29"
8.29281643333069e-06,0.29213778581277,0.65,0.592,0.169712488308112,"1","MOB3A"
0,0.292105427203497,1,0.994,0,"1","RPS21"
0.0013127432243778,0.291722403038528,0.536,0.487,1,"1","NOA1"
0.000533566288678289,0.290834183926672,0.643,0.592,1,"1","IFNAR1"
0.00070777960970636,0.290178060180822,0.628,0.59,1,"1","MMP24OS"
6.52332476924755e-08,0.288959098408513,0.845,0.803,0.00133499841402651,"1","ORMDL1"
0.00659847190182061,0.287123492539364,0.406,0.348,1,"1","BEX3"
0.00446545167027623,0.286669684158262,0.641,0.62,1,"1","UFM1"
0.000126371179431928,0.286456022002382,0.774,0.713,1,"1","EIF4H"
0.000770688064807734,0.286006039817184,0.594,0.548,1,"1","GRAMD1A"
0.00012792156169783,0.284749286593797,0.563,0.494,1,"1","TRG-AS1"
0.000300376991193563,0.284390337794334,0.998,0.999,1,"1","MTRNR2L12"
0.000606613012203772,0.283286502734535,0.622,0.585,1,"1","SENP7"
0,0.282249597433663,1,0.99,0,"1","NACA"
0.00188654835089097,0.281321415545592,0.465,0.409,1,"1","FOXJ3"
0.000211144096083027,0.281317989956342,0.624,0.605,1,"1","RAB6A"
2.16274080733214e-06,0.281206266207984,0.761,0.745,0.0442604906220523,"1","PIK3R1"
1.20464305197743e-10,0.279362163025208,0.895,0.883,2.46530200587181e-06,"1","N4BP2L2"
0.00237111216189434,0.278472185994514,0.409,0.352,1,"1","CBFA2T2"
4.65379590681714e-05,0.276800919131131,0.693,0.648,0.952399332330127,"1","CRBN"
0,0.275177399594633,0.998,0.98,0,"1","TOMM7"
4.81209183611497e-09,0.273738438286232,0.938,0.893,9.84794594260929e-05,"1","RHOH"
0.00234862426272775,0.273682264501391,0.492,0.437,1,"1","WHAMM"
1.49788095349379e-06,0.273131844466297,0.843,0.842,0.0306541337132504,"1","VDAC2"
0.000711786039391482,0.272864240238622,0.673,0.637,1,"1","ZNF217"
0,0.272006597051751,1,0.992,0,"1","RPS23"
5.38252187487487e-07,0.271421306729447,0.879,0.803,0.0110153310169314,"1","IFITM3"
1.12042095601339e-08,0.271409436569543,0.921,0.916,0.00022929414864814,"1","CSDE1"
4.42292868996219e-11,0.271042222554927,0.983,0.951,9.05152356400762e-07,"1","CLEC2D"
3.64153152077051e-14,0.270845592883514,0.998,0.981,7.45239425725686e-10,"1","SRSF5"
1.88090239252592e-05,0.269956863132979,0.72,0.687,0.384926674630429,"1","RAPGEF6"
0,0.268562548546612,0.998,0.985,0,"1","PFDN5"
1.11164423277632e-05,0.268496495514621,0.774,0.707,0.227497992237674,"1","TRAF1"
0,0.268202851134199,1,0.99,0,"1","RPL36"
0.00148174871428086,0.268003007894442,0.583,0.537,1,"1","RNF114"
0.00370981179131702,0.267901617127868,0.568,0.531,1,"1","TNKS2"
6.27083875937018e-08,0.267484467642916,0.951,0.901,0.00128332715210511,"1","C12orf57"
0,0.267337857180431,0.998,0.996,0,"1","GNAS"
0,0.266358412103057,1,0.992,0,"1","RPS4X"
0,0.265710940534826,1,0.989,0,"1","RPL37"
0.00191815433396725,0.265658678632116,0.561,0.513,1,"1","PLEKHF1"
6.90447699014385e-12,0.265025500779161,0.964,0.947,1.41300121603294e-07,"1","ARGLU1"
1.86681767821995e-08,0.264126969532449,0.948,0.921,0.000382044237847712,"1","VAMP2"
8.36345659394055e-10,0.262275909273424,0.966,0.938,1.71158139194993e-05,"1","MCUB"
1.3523888009459e-06,0.261539468220648,0.776,0.722,0.0276766368113579,"1","TNIK"
9.67588963873833e-05,0.260517554192196,0.675,0.62,1,"1","FLOT1"
2.67967726279572e-05,0.259619942837582,0.8,0.769,0.548395951831144,"1","IMP3"
2.66407903990462e-05,0.258478701163185,0.834,0.805,0.545203775516481,"1","PPP1R2"
0.00261245437256474,0.258382718920233,0.626,0.585,1,"1","PCMTD1"
0,0.258352044917638,1,0.992,0,"1","RACK1"
6.74345614681826e-07,0.258058260817477,0.693,0.561,0.0138004830044636,"1","CXCR4"
0,0.256482620339916,1,0.995,0,"1","RPS3"
0.00293338148358013,0.256305682652123,0.508,0.463,1,"1","SUDS3"
0,0.256098124520589,1,0.994,0,"1","RPS18"
0.00931031323748277,0.254080749088305,0.624,0.612,1,"1","RIOK3"
7.9871482761007e-09,0.253944072927957,0.817,0.737,0.000163456989470401,"1","MLLT3"
0.000606907022776992,0.253401196919667,0.74,0.722,1,"1","RBBP6"
0.000118579174563038,0.252645055655945,0.626,0.603,1,"1","ZNF148"
0.00069288604200346,0.251968191028538,0.71,0.661,1,"1","MRFAP1"
4.11518019660662e-09,0.251904182438079,0.815,0.746,8.42171627235544e-05,"1","PACS1"
4.48133759305414e-05,0.251819462933213,0.716,0.675,0.917105738418529,"1","KMT2C"
0.00270280423399982,0.251428818239711,0.578,0.519,1,"1","MEA1"
0,3.95219983702093,0.276,0.062,0,"2","KLRB1"
0,3.40935639532558,0.354,0.074,0,"2","CXCR6"
0,3.40089963529226,0.278,0.034,0,"2","AC013652.1"
0,2.89867367573725,0.268,0.061,0,"2","AL136456.1"
0,2.78212180912702,0.523,0.287,0,"2","CCL5"
0,2.56548280061694,0.667,0.209,0,"2","HOPX"
0,2.50916765305064,0.292,0.073,0,"2","CCR2"
0,2.43941093906094,0.49,0.135,0,"2","CD70"
0,2.36059105678625,0.274,0.062,0,"2","PLEKHG3"
0,2.33133244080277,0.519,0.161,0,"2","CTSH"
0,2.33037203023427,0.352,0.087,0,"2","TMEM273"
0,2.27655098369488,0.63,0.176,0,"2","LINC02694"
0,2.21514163336125,0.296,0.1,0,"2","HPGD"
0,2.11956177520091,0.381,0.115,0,"2","LINC00892"
0,2.04640790857027,0.484,0.187,0,"2","HLA-DRB5"
0,2.02777307620658,0.296,0.081,0,"2","FRY"
0,1.99939181664311,0.374,0.106,0,"2","ARHGEF12"
0,1.99818752601608,0.37,0.11,0,"2","TGFBR3"
0,1.98818874076703,0.467,0.143,0,"2","GPR15"
0,1.98539033016236,0.589,0.258,0,"2","GADD45G"
0,1.93098028691812,0.521,0.244,0,"2","CST7"
0,1.88976995781735,0.261,0.11,0,"2","LZTFL1"
0,1.88487654981038,0.422,0.149,0,"2","APOBEC3H"
0,1.8717345959991,0.722,0.273,0,"2","LGALS3"
0,1.8587523501761,0.379,0.098,0,"2","TNFRSF18"
7.88258347483861e-14,1.85380090660739,0.282,0.145,1.61317070812572e-09,"2","CTSL"
0,1.85058996871499,0.646,0.241,0,"2","MAF"
0,1.83851674328415,0.327,0.133,0,"2","NKG7"
0,1.79341801553563,0.681,0.394,0,"2","ITGB1"
0,1.77629980431441,0.457,0.151,0,"2","CDKN1A"
0,1.72037637785412,0.51,0.253,0,"2","LINC01871"
0,1.70122649275592,0.403,0.133,0,"2","FRMD4B"
0,1.66444471950984,0.521,0.237,0,"2","HLA-DQB1"
0,1.66442626293441,0.284,0.099,0,"2","TBXAS1"
0,1.66150473910752,0.387,0.213,0,"2","LYAR"
0,1.64457446268702,0.669,0.347,0,"2","FURIN"
0,1.63172686531996,0.482,0.201,0,"2","EVA1B"
0,1.61441019726093,0.619,0.306,0,"2","ID2"
0,1.60503175091211,0.484,0.22,0,"2","CDC42EP3"
0,1.58447447669411,0.307,0.121,0,"2","DEC1"
0,1.58349025669883,0.426,0.182,0,"2","SNED1"
0,1.57875669244214,0.385,0.19,0,"2","OSM"
0,1.57687992832088,0.94,0.69,0,"2","LGALS1"
0,1.57003940163334,0.265,0.101,0,"2","PHLDA1"
4.44089209850063e-16,1.5681046939029,0.263,0.118,9.08828567958153e-12,"2","ABCG1"
0,1.52132188146889,0.294,0.108,0,"2","LINC002481"
0,1.49253100670777,0.687,0.383,0,"2","GLIPR1"
0,1.48170481172623,0.924,0.6,0,"2","ANXA2"
0,1.47665972942077,0.339,0.15,0,"2","MMP25"
0,1.46898681321317,0.619,0.328,0,"2","HLA-DRB1"
0,1.46376966367252,0.593,0.419,0,"2","ALOX5AP"
2.08721928629529e-13,1.46144367625336,0.296,0.158,4.27149426940332e-09,"2","IL9R"
0,1.44482036982759,0.278,0.105,0,"2","MAP1LC3A"
0,1.44461795716038,0.265,0.112,0,"2","CD84"
0,1.43958676109428,0.469,0.235,0,"2","LMO4"
0,1.42901756791617,0.562,0.264,0,"2","CALHM2"
0,1.40904528865937,0.267,0.102,0,"2","KIAA0825"
0,1.39545414316185,0.383,0.162,0,"2","ITGAM"
0,1.39133228660138,0.704,0.417,0,"2","TNF"
0,1.390481371435,0.428,0.198,0,"2","ZFYVE28"
6.66133814775094e-16,1.38975825616272,0.286,0.135,1.36324285193723e-11,"2","ARL4A"
0,1.38558264754071,0.352,0.157,0,"2","USP46"
0,1.38402984177685,0.428,0.182,0,"2","RUNX2"
0,1.37592547313885,0.502,0.229,0,"2","AL606807.1"
0,1.35543260661768,0.451,0.264,0,"2","UBXN11"
1.99840144432528e-15,1.3455307325777,0.278,0.133,4.08972855581169e-11,"2","KIAA1671"
0,1.32163957410947,0.994,0.882,0,"2","S100A4"
0,1.30392689124918,0.436,0.231,0,"2","CLSTN3"
1.17683640610267e-14,1.30367400974986,0.272,0.131,2.40839570508911e-10,"2","TNFSF14"
0,1.30342904703601,0.613,0.386,0,"2","HLA-DPB1"
2.25153229393982e-13,1.30124874331579,0.37,0.219,4.60776083954784e-09,"2","CLIC3"
0,1.29099728968774,0.566,0.277,0,"2","PYHIN1"
0,1.27823340278542,0.545,0.326,0,"2","SYTL2"
0,1.27698412882074,0.395,0.176,0,"2","PRDM1"
0,1.26978585467435,0.57,0.289,0,"2","DUSP5"
0,1.26730695098228,0.568,0.289,0,"2","CD59"
0,1.26259699668492,0.586,0.349,0,"2","GYG1"
0,1.25898594644373,0.486,0.26,0,"2","SMCO4"
0,1.2572379875868,0.527,0.229,0,"2","TNFRSF4"
0,1.24258987261654,0.669,0.468,0,"2","HLA-DPA1"
0,1.23447272512707,0.951,0.754,0,"2","AHNAK"
0,1.20447294609077,0.525,0.295,0,"2","GPR68"
0,1.19770303823757,0.63,0.32,0,"2","MIR4435-2HG"
0,1.19764481484955,0.261,0.109,0,"2","MICAL2"
0,1.19733023465128,0.434,0.249,0,"2","ITM2C"
0,1.19130262076642,0.663,0.429,0,"2","MOSPD3"
3.63613583687084e-11,1.18982871738308,0.263,0.141,7.44135199015616e-07,"2","RGS16"
0,1.1813444549848,0.753,0.427,0,"2","NCF4"
0,1.17996176861246,0.891,0.634,0,"2","TNFRSF1B"
0,1.16963021414142,0.333,0.152,0,"2","CCDC50"
6.21724893790088e-15,1.16735876400164,0.482,0.33,1.27235999514141e-10,"2","CXCR3"
6.84670098394236e-11,1.16195364134309,0.319,0.19,1.4011773563638e-06,"2","SLC1A4"
0,1.16126556065679,0.696,0.481,0,"2","GZMA"
5.54667423102728e-13,1.15660040227363,0.263,0.126,1.13512688137973e-08,"2","PHLDA3"
0,1.15404999680058,0.403,0.205,0,"2","DUSP6"
0,1.14657584178474,0.949,0.824,0,"2","CTSC"
2.88657986402541e-15,1.14464280011924,0.397,0.229,5.907385691728e-11,"2","NFIL3"
0,1.14295196792132,0.745,0.49,0,"2","SLAMF1"
0,1.13837865479624,0.743,0.435,0,"2","PREX1"
0,1.13714311048096,0.93,0.736,0,"2","OSTF1"
0,1.13690892235393,0.482,0.277,0,"2","RCBTB2"
0,1.13585353325897,0.716,0.583,0,"2","JAML"
0,1.13041099136273,0.549,0.309,0,"2","ANTXR2"
1.0991207943789e-13,1.12958219259541,0.331,0.18,2.24935070569643e-09,"2","FDXR"
0,1.12846644749697,0.677,0.43,0,"2","NPDC1"
0,1.11982048054706,0.426,0.221,0,"2","PERP"
1.91846538655227e-13,1.10611577147874,0.255,0.118,3.92613941357922e-09,"2","EGR1"
0,1.09680739104968,0.695,0.41,0,"2","HLA-DRA"
1.74971148680925e-13,1.08545593403569,0.309,0.164,3.58078455775512e-09,"2","CYSTM1"
0,1.07550438177569,0.578,0.373,0,"2","CREM"
0,1.07350012388415,0.804,0.633,0,"2","CMTM6"
0,1.07025629562982,0.66,0.389,0,"2","CD58"
0,1.06252692633923,0.368,0.182,0,"2","CTNNA1"
0,1.06236916695954,0.42,0.231,0,"2","TIGAR"
0,1.06170444818642,0.523,0.312,0,"2","TPST2"
0,1.05882298704253,0.761,0.502,0,"2","PHTF2"
0,1.0545584354173,0.553,0.342,0,"2","IER5"
0,1.05191002801139,0.819,0.581,0,"2","LIMS1"
0,1.04816269191594,0.817,0.652,0,"2","TIMP1"
0,1.0444909542061,0.868,0.612,0,"2","MYO1F"
0,1.03894372777065,0.788,0.499,0,"2","NIBAN1"
0,1.03778372184014,0.556,0.32,0,"2","PRNP"
0,1.03496770514553,0.862,0.598,0,"2","CYTOR"
0,1.02940142485303,0.875,0.61,0,"2","C12orf75"
8.80184813922824e-13,1.02883537989847,0.339,0.187,1.80129822169306e-08,"2","SMAD7"
2.22044604925031e-16,1.02733635593594,0.409,0.228,4.54414283979077e-12,"2","SYT11"
0,1.026490009836,0.506,0.303,0,"2","CDKN2A"
1.26565424807268e-14,1.02627696178908,0.344,0.182,2.59016141868074e-10,"2","FBXL6"
0,1.02593720930539,0.947,0.754,0,"2","IL10RA"
0,1.01693845717444,0.753,0.48,0,"2","ADAM19"
2.37254660362396e-12,1.01537255860192,0.375,0.229,4.85541662431643e-08,"2","SLF1"
0,1.01375208522074,0.696,0.439,0,"2","MXD4"
3.44317230283053e-08,1.01125531194936,0.276,0.173,0.000704645211774269,"2","LRP5"
2.18920437333736e-11,1.00054047983282,0.325,0.19,4.48020675003491e-07,"2","GADD45A"
2.66453525910038e-15,0.99922054017319,0.358,0.188,5.45297140774892e-11,"2","DAAM1"
0,0.99830192409191,0.605,0.414,0,"2","HSPA1A"
0,0.997099187560714,0.556,0.329,0,"2","LFNG"
0,0.996023736503844,0.759,0.527,0,"2","ATP2B4"
0,0.990499381940349,0.488,0.303,0,"2","RNF214"
0,0.987114049245793,0.982,0.899,0,"2","S1PR4"
0,0.980521318149949,0.481,0.279,0,"2","AFDN"
0,0.975893224232824,0.695,0.501,0,"2","ADAM8"
2.44249065417534e-15,0.973473246272645,0.484,0.318,4.99855712376984e-11,"2","MIDN"
0,0.971483523846845,0.893,0.762,0,"2","CKLF"
1.11022302462516e-15,0.971246988672323,0.383,0.202,2.27207141989538e-11,"2","TENT5C"
0,0.967557865037912,0.982,0.896,0,"2","CRIP1"
2.28824194237198e-06,0.966239806966826,0.265,0.176,0.0468288713506426,"2","HAVCR2"
1.23815091512824e-09,0.965844504680122,0.298,0.174,2.53387584780995e-05,"2","EHD4"
3.42885497772727e-10,0.964625639005579,0.3,0.172,7.01715171191886e-06,"2","RAMP1"
0,0.958489278086967,1,0.98,0,"2","S100A6"
8.43769498715119e-15,0.957894572986605,0.451,0.275,1.72677427912049e-10,"2","PLK3"
1.54765089632747e-13,0.954951063714935,0.494,0.339,3.16726755933416e-09,"2","PRF1"
0,0.953902044966292,0.465,0.248,0,"2","DUSP4"
2.0961010704923e-13,0.950344598747764,0.385,0.227,4.28967084076248e-09,"2","ARHGAP35"
2.22044604925031e-16,0.948654955569224,0.442,0.256,4.54414283979077e-12,"2","AL135818.1"
0,0.947650445681876,0.681,0.507,0,"2","SH2D2A"
0,0.945187597988034,0.71,0.461,0,"2","GPRIN3"
1.89025464170101e-08,0.945154515375048,0.253,0.147,0.000386840612424111,"2","SCPEP1"
7.75868258529044e-12,0.940897075368234,0.366,0.224,1.58781439107969e-07,"2","GDE1"
0,0.940396360061053,0.556,0.357,0,"2","PEPD"
0,0.939742699421522,1,0.99,0,"2","SH3BGRL3"
0,0.939365346218637,0.461,0.264,0,"2","NCALD"
2.44249065417534e-15,0.937527868116842,0.393,0.218,4.99855712376984e-11,"2","NBEAL2"
2.22044604925031e-16,0.934080188949858,0.473,0.285,4.54414283979077e-12,"2","LIMA1"
1.39283065081486e-08,0.93324196872172,0.27,0.159,0.000285042792689261,"2","DUSP1"
0,0.93252579574554,0.564,0.352,0,"2","BCL3"
0,0.925936294105334,0.996,0.972,0,"2","S100A11"
6.19695406101073e-11,0.924455115197946,0.337,0.197,1.26820664858585e-06,"2","SKIL"
0,0.921902690192869,0.558,0.353,0,"2","P2RX4"
0,0.921805695581989,0.92,0.795,0,"2","TPM4"
0,0.911044057958187,0.617,0.441,0,"2","RHOC"
0,0.910693082189224,0.926,0.787,0,"2","FLNA"
0,0.910477228024418,0.652,0.438,0,"2","NMRK1"
1.2106560198788e-10,0.909573140952961,0.389,0.25,2.47760754468196e-06,"2","HLA-DMA"
0,0.905387254722904,0.726,0.517,0,"2","EFHD2"
0,0.903690687791177,0.566,0.36,0,"2","GPR183"
0,0.902290194227311,0.556,0.342,0,"2","NTAN1"
0,0.899118004895486,0.739,0.51,0,"2","PLEKHO1"
0,0.895355865256484,0.942,0.789,0,"2","KLF6"
0,0.884139331961481,0.607,0.39,0,"2","TMBIM1"
2.70564263216144e-07,0.884056528717959,0.298,0.198,0.00553709764671839,"2","NQO1"
9.23789933438002e-11,0.876999662852664,0.302,0.171,1.89053609878087e-06,"2","KCNN4"
1.40582579577497e-07,0.865389888421096,0.257,0.152,0.00287702249105348,"2","RIPK3"
2.8452373013188e-07,0.860600115477688,0.253,0.153,0.00582277813714893,"2","AC022706.1"
1.42437739381052e-08,0.860301115407759,0.251,0.144,0.000291498833643322,"2","CAPN12"
9.38856645538166e-07,0.859098046546535,0.294,0.197,0.0192137012509386,"2","CSRNP1"
0,0.8585065067284,0.611,0.425,0,"2","FAM126A"
0,0.857063133337521,0.79,0.641,0,"2","RORA"
0,0.85462920725093,0.673,0.476,0,"2","CCR4"
0,0.849787934688997,0.924,0.741,0,"2","REEP5"
0,0.84642306725112,0.652,0.462,0,"2","APOBEC3G"
6.60422736498134e-08,0.842461755301515,0.265,0.159,0.00135155513024343,"2","DEF8"
8.88178419700125e-16,0.840291698148765,0.519,0.345,1.81765713591631e-11,"2","CCPG1"
0,0.832241446563476,0.553,0.357,0,"2","LPAR6"
0,0.83114173928048,0.951,0.814,0,"2","JUNB"
1.53986552398067e-08,0.829585115338743,0.255,0.145,0.000315133479482643,"2","MYO1E"
1.77635683940025e-15,0.82833468785488,0.547,0.381,3.63531427183261e-11,"2","GALM"
0,0.827432830619973,0.72,0.515,0,"2","UPP1"
1.53873069841381e-08,0.826698718011776,0.286,0.172,0.000314901237430387,"2","MAPK13"
1.55717137850786e-07,0.82428021095426,0.267,0.164,0.00318675122611634,"2","C12orf49"
7.53189510760421e-10,0.823665739263321,0.377,0.244,1.5414023337712e-05,"2","ARL3"
0,0.822113822741226,0.562,0.357,0,"2","CGAS"
0,0.817445824790733,0.632,0.424,0,"2","OGDH"
0,0.813778645009076,0.893,0.787,0,"2","CD69"
0,0.813481224860465,0.568,0.336,0,"2","OSBPL3"
4.15556034027986e-09,0.811390548277731,0.329,0.205,8.50435423638274e-05,"2","PDE4A"
8.62798277267984e-10,0.81043571162736,0.288,0.165,1.76571667442893e-05,"2","PRKY"
8.92547724617998e-09,0.810165686740962,0.551,0.441,0.000182659891843073,"2","CITED2"
8.31779090049167e-13,0.80972915656388,0.362,0.205,1.70223590778562e-08,"2","ELL2"
7.8159700933611e-13,0.80679305536892,0.379,0.219,1.59953827960635e-08,"2","GNA15"
0,0.805504007657649,0.813,0.649,0,"2","TMEM173"
0,0.803261789151806,1,0.999,0,"2","LTB"
9.5975265956838e-08,0.802673223288386,0.253,0.149,0.00196413381780669,"2","ANO10"
1.36646249870864e-12,0.796944615379037,0.496,0.339,2.79646550360724e-08,"2","GLIPR2"
0,0.796912472866686,0.796,0.622,0,"2","CD63"
0,0.796447469290314,0.979,0.913,0,"2","CD99"
9.76943637098771e-10,0.796304360440882,0.362,0.23,1.99931515332263e-05,"2","TSPAN32"
6.04948326987653e-08,0.794144992720644,0.333,0.223,0.00123802675118023,"2","VIM-AS1"
1.23823593600747e-08,0.794111237941123,0.409,0.292,0.000253404984303929,"2","CSGALNACT1"
3.62977508050477e-08,0.794018373234171,0.409,0.29,0.000742833470225301,"2","AL133415.1"
3.35751584978894e-07,0.792894967899087,0.286,0.185,0.00687115618659306,"2","LINC00963"
3.35997896172557e-12,0.791378894177402,0.362,0.208,6.87619694517139e-08,"2","MKNK1"
0,0.788070210350684,0.819,0.664,0,"2","DHRS7"
1.13561426928754e-09,0.786220525293655,0.397,0.256,2.32403460209696e-05,"2","KIF3A"
1.91349056599677e-08,0.785890650439416,0.292,0.176,0.000391595844331238,"2","GTDC1"
1.10388782559312e-08,0.785214018091563,0.325,0.201,0.000225910643507632,"2","AGFG2"
5.32907051820075e-15,0.785045376366523,0.778,0.645,1.09059428154978e-10,"2","CD40LG"
0,0.782774841293023,0.778,0.621,0,"2","GLO1"
0,0.780157330865093,0.79,0.587,0,"2","TNFSF12"
0,0.780030748466828,0.634,0.45,0,"2","GPR108"
0,0.778338078400767,0.879,0.756,0,"2","MYO1G"
0,0.772952395163015,0.872,0.705,0,"2","C4orf48"
1.97094382814456e-05,0.772912664961409,0.37,0.279,0.403353654429783,"2","BBC3"
0,0.772425513852467,0.998,0.991,0,"2","VIM"
0,0.771686215026507,0.977,0.926,0,"2","SRGN"
2.32459399440721e-06,0.771268876385002,0.339,0.24,0.0475728160955435,"2","SESN1"
0,0.771203050947062,0.856,0.683,0,"2","DOK2"
1.73561538474587e-08,0.769768173689756,0.27,0.155,0.000355193688488242,"2","MAFG"
0,0.76537958005535,0.967,0.89,0,"2","TGFB1"
0,0.765199818871851,0.92,0.724,0,"2","ANXA5"
0,0.765070161754937,0.813,0.682,0,"2","ZFP36"
0,0.760686195812209,0.589,0.392,0,"2","SIRT2"
1.62092561595273e-14,0.758480051410243,0.615,0.446,3.31722427304726e-10,"2","CTSA"
8.88178419700125e-16,0.755226486537545,0.625,0.472,1.81765713591631e-11,"2","GRN"
1.01811892250225e-10,0.755178254729835,0.309,0.168,2.08358037490086e-06,"2","PLCD1"
1.46327394645596e-13,0.754717008752815,0.576,0.425,2.99459013142211e-09,"2","MDM2"
7.90598442268475e-08,0.753746011389755,0.282,0.174,0.00161795971210243,"2","UNC93B1"
0,0.751966496019475,1,0.993,0,"2","CD52"
0,0.74995034314468,0.634,0.408,0,"2","MIB1"
4.6083137306141e-12,0.744919623303805,0.467,0.312,9.43091404970176e-08,"2","ANKRD39"
1.50582324387472e-08,0.742998162271966,0.358,0.236,0.00030816672685896,"2","SLC35B1"
2.44790758774371e-08,0.742245824361712,0.35,0.226,0.000500964287831751,"2","NEU1"
1.70752301187349e-13,0.739258399372395,0.582,0.431,3.4944458437991e-09,"2","MRPL10"
0,0.73795532728984,0.996,0.991,0,"2","CYBA"
1.13546949620513e-11,0.737893476271069,0.444,0.287,2.3237383239838e-07,"2","GLMP"
3.69702490843338e-10,0.735772536154928,0.455,0.306,7.56596147510891e-06,"2","MARCH2"
1.78714820719961e-11,0.733773813142083,0.414,0.253,3.657398806034e-07,"2","GPR132"
0.000130623211679781,0.733291771467492,0.265,0.189,1,"2","FBXL16"
1.26152199797502e-10,0.73304457183198,0.352,0.209,2.58170476885589e-06,"2","ARHGAP10"
1.22601008012424e-07,0.729832099431368,0.391,0.273,0.00250902962897426,"2","ZBTB38"
1.12283582431871e-09,0.729677514005091,0.344,0.207,2.29788351446825e-05,"2","ZBP1"
0,0.729270586326859,1,0.993,0,"2","IL32"
0,0.727562298673534,0.951,0.918,0,"2","BAX"
0,0.726851938342335,0.768,0.643,0,"2","UBE2F"
0,0.724614641121584,0.798,0.614,0,"2","P2RY8"
1.73416836446449e-13,0.7240775071497,0.681,0.509,3.54897555787659e-09,"2","FKBP11"
4.00814781365e-09,0.72162795647053,0.265,0.15,8.20267450063472e-05,"2","MB21D2"
0,0.720787936507701,1,0.988,0,"2","CALM1"
4.49856019102413e-09,0.7190462509459,0.335,0.21,9.20630343093087e-05,"2","DPH3"
8.39328606616618e-14,0.717455348429968,0.605,0.425,1.71768599344091e-09,"2","APOBEC3C"
0,0.713985283427973,0.866,0.672,0,"2","SAMSN1"
0,0.712354248051867,0.981,0.96,0,"2","CD2"
6.1188609734586e-11,0.708605144860679,0.432,0.291,1.2522248982183e-06,"2","ANKRD28"
2.22044604925031e-16,0.706768616027376,0.856,0.743,4.54414283979077e-12,"2","BTG2"
9.26015951674408e-06,0.706046034443984,0.323,0.234,0.189509164510168,"2","GBA"
6.29380991767903e-11,0.705651607530481,0.512,0.362,1.28802819965301e-06,"2","TMEM60"
7.72642616553298e-10,0.701484900241608,0.475,0.336,1.58121311477633e-05,"2","RHBDD2"
1.18636211965395e-11,0.700157901208794,0.444,0.289,2.42789007787181e-07,"2","PTPN9"
1.34714357447052e-08,0.699938167603067,0.37,0.239,0.000275692932515392,"2","PHTF1"
4.48530101948563e-14,0.699858159460114,0.739,0.633,9.17916853637735e-10,"2","GATA3"
0,0.699333014434239,0.628,0.433,0,"2","EIF4G3"
0,0.698131424245661,0.807,0.641,0,"2","IDS"
0,0.697679745001422,0.93,0.753,0,"2","CD82"
5.81489953965786e-07,0.696342138175979,0.292,0.19,0.0119001919079098,"2","ACOT9"
0,0.695665107576027,0.79,0.614,0,"2","RGS19"
2.6693467436445e-09,0.695036234403745,0.576,0.448,5.46281811086846e-05,"2","IL2RB"
0,0.694641608654923,0.928,0.87,0,"2","RPS27L"
5.6843418860808e-14,0.694272537890783,0.64,0.483,1.16330056698644e-09,"2","PNP"
2.21569429470492e-11,0.691817505899367,0.502,0.353,4.53441837411361e-07,"2","PGAP1"
2.40925761563204e-08,0.690976322036413,0.372,0.246,0.000493054571039098,"2","OAS1"
1.70773578167527e-07,0.689320451084257,0.331,0.22,0.00349488127719844,"2","MXD1"
1.51336498888099e-10,0.689007418930055,0.469,0.316,3.09710144974495e-06,"2","USB1"
1.55431223447522e-15,0.688471131859605,0.706,0.547,3.18089998785354e-11,"2","PLP2"
4.09954736824147e-10,0.685963987379387,0.512,0.382,8.38972368910618e-06,"2","PLEC"
0,0.682004409567548,0.946,0.849,0,"2","ZYX"
0,0.681078302118107,0.852,0.684,0,"2","PBXIP1"
0,0.679149445917459,0.772,0.638,0,"2","SELENOK"
0,0.679100149564312,0.761,0.598,0,"2","SLC4A7"
8.31577657622873e-07,0.678635547632429,0.482,0.382,0.0170182367632521,"2","CERK"
1.47191954402714e-07,0.676973908801007,0.424,0.306,0.00301228334685155,"2","EDEM2"
1.30162357869779e-06,0.675513399121901,0.305,0.204,0.0266377265380502,"2","KIF21B"
0.000117785356547495,0.673721612054452,0.267,0.19,1,"2","CSF1"
8.21565038222616e-14,0.673706682499344,0.56,0.379,1.68133285072258e-09,"2","ELK3"
2.06758337117918e-08,0.672351270077085,0.375,0.25,0.00042313093691182,"2","B3GALT4"
4.01103996683361e-08,0.671247658332144,0.434,0.306,0.000820859329212498,"2","DPEP2"
0,0.671237143741217,0.702,0.529,0,"2","GET3"
1.12493603099395e-07,0.670669201692682,0.368,0.245,0.00230218158742912,"2","LINC00324"
3.6888791816736e-06,0.670163890733925,0.251,0.161,0.0754929124529502,"2","HECTD3"
2.33580439656933e-07,0.669796041808013,0.434,0.32,0.00478022369757913,"2","PPIF"
8.660787462067e-05,0.66963863388479,0.278,0.199,1,"2","HERC5"
7.39852623610204e-13,0.667978876783092,0.601,0.439,1.51410839421828e-08,"2","TRPV2"
4.86527250043167e-07,0.66749647946103,0.375,0.265,0.00995678017213342,"2","MPZL3"
1.39164235690714e-11,0.66707180832942,0.539,0.382,2.84799608341046e-07,"2","MOB2"
0,0.66694334982391,0.792,0.626,0,"2","SYTL1"
7.66205765501127e-10,0.666746203056676,0.459,0.313,1.56804009909806e-05,"2","DUSP16"
0,0.663587860043372,0.934,0.921,0,"2","ITGA4"
0,0.662845937815551,1,0.968,0,"2","CLIC1"
0,0.66156631875828,0.784,0.647,0,"2","RPS6KA1"
1.74498661520417e-07,0.658289260160341,0.304,0.193,0.00357111510801533,"2","ERI1"
3.10862446895044e-15,0.656182981646542,0.652,0.469,6.36179997570707e-11,"2","MPST"
0,0.655859653941526,0.889,0.77,0,"2","BST2"
2.38525932338973e-09,0.65527582286127,0.317,0.186,4.88143320531709e-05,"2","SPATS2L"
9.10382880192628e-15,0.653706764228513,0.673,0.507,1.86309856431421e-10,"2","PTPRCAP"
0,0.653032949570025,0.957,0.85,0,"2","NEAT1"
0,0.64975713864772,0.846,0.723,0,"2","CAPN2"
1.73618230903116e-10,0.64974009660221,0.438,0.281,3.55309709543228e-06,"2","MIAT"
9.20426845851807e-09,0.645107421391068,0.461,0.326,0.000188365354003572,"2","MAPKAPK2"
1.41645711955185e-05,0.644906537147904,0.356,0.266,0.289877949516286,"2","AGTRAP"
2.59891108633781e-09,0.644516577751276,0.424,0.283,5.31867153819032e-05,"2","TAF1B"
4.19997618106294e-06,0.643703970560409,0.514,0.413,0.085952512545453,"2","ASB2"
0,0.64328929582955,0.788,0.645,0,"2","SDF4"
5.7021054544748e-13,0.642956080320552,0.652,0.515,1.16693588125827e-08,"2","MAN2B1"
2.88194486719462e-07,0.642726725097422,0.321,0.21,0.00589790017071379,"2","TICAM1"
7.707053464312e-07,0.642537927276864,0.375,0.266,0.0157724849147145,"2","DYNLT3"
3.64153152077051e-14,0.642487534349804,0.685,0.523,7.45239425725686e-10,"2","ZBTB7A"
0,0.641504042742207,0.918,0.82,0,"2","PPP1R18"
8.95637824749329e-06,0.640986215549016,0.282,0.192,0.18329228083495,"2","ELMO2"
0,0.640468970108822,0.905,0.81,0,"2","UBALD2"
0,0.640149043982185,0.963,0.91,0,"2","MSN"
1.55808699275894e-12,0.639616711020581,0.586,0.428,3.18862503068118e-08,"2","HNRNPLL"
0,0.639356230463167,0.833,0.72,0,"2","RASAL3"
0,0.638977806183653,0.72,0.5,0,"2","SP140"
1.49504293389668e-07,0.638434453683453,0.36,0.246,0.00305960536421956,"2","NQO2"
4.17759582482802e-09,0.638320156051792,0.545,0.407,8.54944985551054e-05,"2","VCL"
9.34635244931314e-06,0.63723471260327,0.389,0.296,0.191273102875194,"2","ABI3"
2.31406982464932e-08,0.636973783426798,0.453,0.323,0.000473574389614484,"2","RABIF"
0,0.636345081231234,0.805,0.658,0,"2","VASP"
4.33001115851539e-07,0.63484760170529,0.379,0.273,0.00886136783590175,"2","GAB2"
3.13654584438439e-06,0.633189600161019,0.298,0.197,0.0641894107053265,"2","TSPAN18"
0,0.631198765299243,0.953,0.842,0,"2","EML4"
0,0.62835428600937,1,0.991,0,"2","MYL6"
3.04048094323939e-05,0.626082743684311,0.389,0.297,0.622234425033941,"2","TRIAP1"
0,0.625043243170103,0.907,0.74,0,"2","TRADD"
0,0.623638483667866,0.949,0.88,0,"2","ARF6"
3.82588634106895e-08,0.623179716269952,0.453,0.326,0.000782967639699761,"2","PDZD11"
2.44249065417534e-15,0.622426314304611,0.698,0.55,4.99855712376984e-11,"2","YIPF3"
0,0.621905397430293,0.813,0.696,0,"2","GPR171"
7.12974779215614e-08,0.621522070311459,0.424,0.304,0.00145910288566475,"2","SPTY2D1"
4.39775599847536e-06,0.619809512268095,0.319,0.222,0.0900000765087983,"2","NADK"
0,0.619669331001226,0.704,0.52,0,"2","RAB11FIP1"
9.10322912983652e-06,0.619323415361305,0.35,0.254,0.186297584142104,"2","JMJD6"
5.72720539881999e-08,0.618981833804384,0.434,0.314,0.00117207258486851,"2","RRBP1"
2.85771406538515e-13,0.618835968437256,0.714,0.585,5.84831183481072e-09,"2","IL2RA"
1.63933311370101e-11,0.618170824357164,0.702,0.584,3.35489521718912e-07,"2","CDC25B"
2.58723233459435e-05,0.616579011490638,0.282,0.199,0.529477097274733,"2","MARK4"
2.22044604925031e-16,0.615278369501834,0.726,0.541,4.54414283979077e-12,"2","ERN1"
7.0620420622447e-10,0.613333255213343,0.479,0.328,1.44524690803838e-05,"2","ZDHHC24"
9.36743416168895e-09,0.61217734785234,0.475,0.34,0.000191704540118964,"2","PNKP"
2.40184659849874e-06,0.61170862324769,0.401,0.301,0.0491537906382766,"2","SLC10A3"
5.12943002579647e-05,0.611373364644907,0.265,0.183,1,"2","PRKCD"
6.19363960119301e-09,0.611204644131619,0.461,0.324,0.000126752834438415,"2","FBXL8"
4.0220185848483e-08,0.61041822678984,0.379,0.251,0.000823106103389204,"2","EIF2B2"
1.42527295172723e-05,0.610085676318983,0.302,0.212,0.291682109570978,"2","NPC1"
1.32458488621978e-10,0.60873398340428,0.63,0.489,2.71076296964878e-06,"2","PLEKHF1"
7.11024208088773e-06,0.60847354663066,0.272,0.179,0.145511104185367,"2","MSRB1"
3.61346887456371e-06,0.608367404152248,0.342,0.241,0.0739496405179463,"2","MVB12A"
1.55431223447522e-15,0.607919391440751,0.706,0.55,3.18089998785354e-11,"2","HELZ"
1.93820407723422e-07,0.60708063416274,0.407,0.285,0.00396653464405983,"2","CARD19"
0,0.606212296576147,0.914,0.841,0,"2","NDUFV2"
1.50522523778562e-07,0.605872830158506,0.545,0.439,0.00308044344912828,"2","JUN"
2.44191964426932e-08,0.604415025837521,0.512,0.384,0.000499738855199716,"2","ATP8B2"
0.00120884076391103,0.604055556755361,0.339,0.271,1,"2","IRF2BPL"
0,0.602987265614689,0.772,0.638,0,"2","SPN"
0,0.602149325144631,0.981,0.925,0,"2","ITGB7"
8.05813549220602e-09,0.60029361757957,0.43,0.297,0.000164909742847996,"2","ZMAT3"
3.8996150752979e-09,0.597992517825854,0.321,0.186,7.98056225159716e-05,"2","LY96"
3.70550923278756e-10,0.597162039662276,0.541,0.383,7.58332464489975e-06,"2","ARSA"
0.000150184496247707,0.597019860353189,0.298,0.215,1,"2","MAP3K8"
4.3544676753271e-08,0.595281642640006,0.475,0.345,0.000891141809755691,"2","TLNRD1"
5.1220601313684e-06,0.594318469272709,0.407,0.301,0.104822960588454,"2","GPKOW"
0,0.593651689533761,0.932,0.828,0,"2","TSPO"
2.2087818485339e-07,0.591967017207175,0.523,0.406,0.00452027205302463,"2","CALCOCO1"
8.73936922829444e-09,0.591601046752037,0.488,0.349,0.000178851191257046,"2","PPP1R15A"
2.52636250006599e-05,0.590102118557516,0.28,0.192,0.517020085638505,"2","TMEM68"
0.00017886022298419,0.588762444064092,0.286,0.204,1,"2","PDLIM5"
3.51889247980353e-05,0.588659613031644,0.323,0.236,0.720141345991792,"2","LPAR2"
3.43512995826245e-10,0.588655485511606,0.519,0.38,7.0299934595841e-06,"2","CEMIP2"
1.11022302462516e-15,0.588433586964773,0.747,0.59,2.27207141989538e-11,"2","TEX264"
6.56420586151452e-05,0.588156398889383,0.253,0.174,1,"2","ELL"
0,0.587198652408035,0.957,0.904,0,"2","SELPLG"
1.87310179575739e-05,0.5866078766882,0.307,0.216,0.38333028250175,"2","TANGO2"
9.58475521173341e-11,0.586376592017179,0.617,0.478,1.96152015408124e-06,"2","TPGS1"
0.000101438858619352,0.585097479086106,0.268,0.187,1,"2","CSTF2"
6.15952509073203e-05,0.584766737494705,0.259,0.176,1,"2","TMEM120B"
3.72917074997758e-09,0.584270817455937,0.455,0.306,7.63174793982913e-05,"2","BLVRA"
1.15685239165941e-12,0.584260894733077,0.586,0.425,2.36749841953099e-08,"2","KAT2B"
0,0.583781384621235,0.858,0.697,0,"2","TMC6"
1.10427654098633e-05,0.581416357736911,0.317,0.221,0.225990194112852,"2","TMEM127"
0,0.580505823567034,0.994,0.976,0,"2","S100A10"
1.20179644014229e-09,0.580251423035966,0.63,0.507,2.45947641475119e-05,"2","SUPT4H1"
0,0.579671991312118,0.947,0.902,0,"2","SPOCK2"
1.2549202086376e-06,0.578739778103478,0.385,0.273,0.0256819420697685,"2","RASSF2"
9.96496131326907e-05,0.578664135486987,0.833,0.845,1,"2","AQP3"
9.57012247226885e-14,0.578413577416135,0.747,0.6,1.95852556394982e-09,"2","ARPC5L"
3.78854725369138e-11,0.578284631275937,0.588,0.426,7.7532619546794e-07,"2","LSM1"
1.87581061794617e-11,0.578044754876076,0.65,0.507,3.83884642962684e-07,"2","MFHAS1"
3.99680288865056e-14,0.577222918662279,0.743,0.612,8.17945711162338e-10,"2","GTF3C6"
0,0.5771895001041,0.969,0.908,0,"2","CLDND1"
3.12305514782452e-10,0.575385149517292,0.564,0.408,6.39133236002287e-06,"2","MFSD5"
1.33226762955019e-14,0.574806325302784,0.903,0.863,2.72648570387446e-10,"2","HCST"
1.34712598587328e-06,0.573848355347819,0.405,0.296,0.0275689333008966,"2","OVCA2"
1.99507688147804e-07,0.573465066138334,0.512,0.388,0.00408292483794481,"2","SMIM29"
0,0.572577526626942,0.844,0.739,0,"2","SASH3"
1.01947042390194e-05,0.571563815033964,0.508,0.424,0.208634622251531,"2","IKZF3"
1.21118904461426e-07,0.571550045746791,0.512,0.382,0.00247869837980308,"2","VPS26A"
3.83237823697868e-06,0.571490394132314,0.276,0.178,0.0784296206197688,"2","ZSWIM8"
0.000214043465136982,0.569368785947482,0.267,0.19,1,"2","MGST2"
3.58956854906722e-07,0.568506325741823,0.327,0.215,0.00734605203566607,"2","AGO4"
0,0.567842396877557,0.93,0.849,0,"2","BIN2"
1.12982191609046e-05,0.567718784953041,0.329,0.233,0.231218055127912,"2","TRIP4"
1.02922413036666e-07,0.567386293156577,0.508,0.378,0.00210630718279536,"2","MYD88"
1.88900539654924e-09,0.566787454616706,0.471,0.324,3.86584954403801e-05,"2","ST6GALNAC6"
7.47313322335685e-12,0.566284468379183,0.658,0.488,1.52937671415998e-07,"2","ANXA4"
3.00010080016566e-05,0.565864082447851,0.358,0.264,0.613970628753903,"2","CD151"
3.70669850369154e-09,0.565520078937389,0.401,0.263,7.58575848780474e-05,"2","YPEL2"
1.42018780069364e-07,0.565324385569917,0.465,0.338,0.00290641433411953,"2","DEDD2"
0.000331718347486909,0.565172248863283,0.304,0.23,1,"2","ST3GAL5"
0,0.564870991892808,0.986,0.966,0,"2","COTL1"
2.6002175456119e-05,0.564440813035132,0.267,0.177,0.532134520709476,"2","RRM2B"
5.40145705940631e-12,0.564091133306236,0.689,0.553,1.1054081872075e-07,"2","RNF166"
0,0.563829762435737,0.967,0.915,0,"2","TXN"
2.85945553317735e-05,0.563632221617672,0.339,0.246,0.585187574864744,"2","TACO1"
9.94317808089562e-08,0.563592878470893,0.481,0.359,0.00203487139425529,"2","VAMP4"
4.44089209850063e-16,0.562387409149701,0.757,0.579,9.08828567958153e-12,"2","HEBP2"
5.99520433297585e-15,0.561421348938007,0.778,0.641,1.22691856674351e-10,"2","LRP10"
1.16783068104809e-07,0.560954681004088,0.379,0.252,0.00238996548876491,"2","GALNT10"
1.27280909947292e-05,0.560790176837989,0.409,0.312,0.260480382207132,"2","COG4"
2.33538253247012e-06,0.560637060052782,0.389,0.279,0.047793603527001,"2","SLC1A5"
0,0.560098469607966,0.879,0.746,0,"2","IQGAP2"
1.56467887535428e-07,0.559194333816463,0.449,0.327,0.00320211531841252,"2","GCLM"
1.40055349540091e-08,0.558886583201384,0.521,0.391,0.000286623272833797,"2","UNC13D"
0,0.557464338615013,0.947,0.851,0,"2","VAMP8"
4.01563227114821e-11,0.557158243535219,0.626,0.466,8.2179914429048e-07,"2","FAS"
2.01703920232887e-09,0.556746751438743,0.519,0.376,4.12787072756604e-05,"2","EBP"
1.90998072859827e-05,0.556570559007144,0.346,0.254,0.390877556107636,"2","VAMP3"
0.000212065500445835,0.556561643006619,0.29,0.215,1,"2","TMEM102"
9.32876191384047e-05,0.556291260027973,0.335,0.248,1,"2","STK40"
1.33226762955019e-15,0.555553297834341,0.823,0.711,2.72648570387446e-11,"2","RNF167"
1.00741141206839e-07,0.555356030685116,0.533,0.417,0.00206166745479797,"2","PEX16"
3.0015323559951e-11,0.5536851725388,0.698,0.544,6.14263596654396e-07,"2","TMX4"
3.01355989673624e-06,0.55308038967589,0.346,0.242,0.0616725032867071,"2","ADAM15"
2.8866595069843e-07,0.552534730783796,0.44,0.317,0.00590754868104337,"2","RAB35"
3.810162918505e-08,0.552317518960285,0.449,0.316,0.000779749841272048,"2","NFKBIB"
2.36525669250476e-06,0.551454446229487,0.389,0.277,0.0484049782121099,"2","PLIN3"
0,0.550771822900809,0.862,0.714,0,"2","BHLHE40"
0,0.550612073982775,0.868,0.764,0,"2","CCND2"
2.14689946043123e-07,0.550367847087492,0.453,0.336,0.00439362974577251,"2","NPTN"
2.46469511466785e-14,0.549727291215495,0.733,0.591,5.04399855216775e-10,"2","RNF19A"
0,0.549653796551107,0.875,0.773,0,"2","EMB"
2.01172412062078e-13,0.549287984072778,0.7,0.55,4.11699341285043e-09,"2","MFSD10"
1.82427312589439e-06,0.549230422958398,0.418,0.308,0.0373337495214288,"2","PTS"
1.21147519349663e-07,0.548499614375611,0.49,0.359,0.00247928398349084,"2","INPP5K"
3.73488329488136e-05,0.548173835744201,0.288,0.2,0.764343866297471,"2","FBXO45"
5.17037456315705e-06,0.547505578186293,0.335,0.231,0.105811715435009,"2","NME7"
4.70312677691709e-12,0.547140008884412,0.502,0.33,9.62494894896082e-08,"2","SNX9"
5.42789313495717e-07,0.546800760024718,0.529,0.409,0.0111081833006899,"2","REEP3"
7.8729753230089e-06,0.546616643161122,0.409,0.306,0.161120439985377,"2","LINC00649"
2.16231148542079e-08,0.546063016424701,0.623,0.517,0.000442517045491364,"2","PPM1M"
1.82076576038526e-14,0.545805731601709,0.825,0.707,3.72619712862843e-10,"2","PYCARD"
1.19075145299519e-08,0.544677430925776,0.562,0.435,0.000243687284855465,"2","RTCA"
3.43864958729512e-09,0.544009101330079,0.586,0.475,7.03719638039946e-05,"2","UBE2Q2"
7.43907166089741e-07,0.543989396807053,0.442,0.318,0.0152240601540266,"2","RELL1"
7.34198507279515e-06,0.543898252864678,0.508,0.409,0.150253724514753,"2","TSTA3"
0,0.543613170124991,0.982,0.949,0,"2","CD53"
3.08642000845794e-14,0.543228092876262,0.724,0.55,6.31635854730916e-10,"2","YWHAH"
0,0.542896254884042,0.897,0.804,0,"2","RNF149"
1.37023814517079e-08,0.542875666253057,0.601,0.48,0.000280419236409202,"2","ATP6V0D1"
1.37533131550072e-08,0.542613713064999,0.547,0.411,0.000281461553717222,"2","ORMDL2"
5.44009282066327e-14,0.540809112401456,0.819,0.701,1.11331499574874e-09,"2","YWHAQ"
0.0011368045002913,0.540685571377312,0.325,0.259,1,"2","TMEM199"
3.35080052593639e-09,0.540365674169076,0.504,0.353,6.85741327632883e-05,"2","THEM4"
2.22044604925031e-16,0.540330965495365,0.837,0.71,4.54414283979077e-12,"2","FBXW5"
1.11022302462516e-15,0.540043143292645,0.807,0.662,2.27207141989538e-11,"2","CCDC107"
3.5155682809318e-09,0.539718428221463,0.623,0.492,7.19461048692693e-05,"2","DDB2"
1.30234045769839e-10,0.53753105187995,0.671,0.568,2.66523974667976e-06,"2","BUD31"
0,0.537238489874239,0.907,0.822,0,"2","EZR"
2.46347671122304e-05,0.537166341600658,0.321,0.231,0.504150508951796,"2","DLGAP1-AS1"
2.24246292646058e-08,0.536839976021365,0.521,0.378,0.000458920037900157,"2","MGAT4B"
9.36263027107032e-08,0.536519381710977,0.733,0.641,0.00191606228497454,"2","NFATC3"
0,0.534468109789167,0.891,0.792,0,"2","BZW1"
2.22044604925031e-16,0.533291598803399,0.815,0.708,4.54414283979077e-12,"2","IFI27L2"
1.55431223447522e-15,0.532828679242222,0.809,0.692,3.18089998785354e-11,"2","CCNDBP1"
0.000171255819826799,0.532806113568496,0.323,0.241,1,"2","TMEM242"
1.54444213862348e-07,0.532752045959216,0.467,0.348,0.00316070083669295,"2","ACAT1"
3.21365959270459e-05,0.531762060821259,0.372,0.285,0.657675435646994,"2","KBTBD2"
1.06081787798473e-09,0.531592416875198,0.644,0.509,2.17096378729575e-05,"2","PXN"
1.33226762955019e-15,0.531404821835993,0.811,0.717,2.72648570387446e-11,"2","DSTN"
2.92417413616519e-07,0.531389058682652,0.424,0.298,0.00598432236966207,"2","SLC52A2"
4.23319157505375e-11,0.531048753139123,0.65,0.517,8.6632265583475e-07,"2","N4BP1"
0,0.530772037457819,0.759,0.624,0,"2","CHST11"
9.15878195506536e-08,0.530720204710263,0.512,0.386,0.00187434472710413,"2","SLC25A24"
8.88178419700125e-16,0.52941592596944,0.879,0.761,1.81765713591631e-11,"2","CISH"
0,0.52899245240122,0.899,0.832,0,"2","WDR1"
9.04061714379623e-10,0.528333180151994,0.7,0.577,1.8501622984779e-05,"2","GOLGA7"
1.17718321224203e-06,0.527935842759753,0.416,0.291,0.0240910544385331,"2","BTG3"
0,0.527686149571841,0.887,0.788,0,"2","TWF2"
2.68220334831426e-10,0.527669680436979,0.607,0.458,5.48912915232513e-06,"2","JOSD2"
1.55326403294964e-07,0.527615883135577,0.436,0.305,0.00317875484343144,"2","AGAP2"
1.47792954763304e-07,0.527398996715804,0.484,0.361,0.00302458281923101,"2","MGAT2"
7.68822783214773e-11,0.526750320469009,0.623,0.469,1.57339582584903e-06,"2","SELENOS"
5.01214826160723e-05,0.526626013860245,0.375,0.283,1,"2","NDRG1"
2.5549803871483e-05,0.525465083717808,0.323,0.232,0.522876736229899,"2","ATG16L1"
1.4713368012842e-07,0.525294004260259,0.469,0.338,0.00301109076382811,"2","DESI1"
2.22044604925031e-16,0.524694434295777,0.874,0.75,4.54414283979077e-12,"2","CTSD"
1.11222364651553e-09,0.524683274104028,0.599,0.452,2.27616569259403e-05,"2","SEL1L3"
1.45064115297799e-06,0.52433292535712,0.488,0.371,0.0296873711956946,"2","CHMP1A"
8.89203815335193e-06,0.523265716135815,0.405,0.301,0.181975560808347,"2","HMGXB3"
6.33830301577376e-08,0.522340086730646,0.605,0.49,0.0012971337121781,"2","SAMD3"
0,0.521953387525324,0.872,0.772,0,"2","STK10"
0.000344090767256944,0.52182841808722,0.346,0.269,1,"2","AKIP1"
0.000458230593789022,0.521316981587252,0.305,0.231,1,"2","CPB2-AS1"
8.82637936401309e-05,0.520089245393295,0.304,0.217,1,"2","DPP9"
1.25393747685276e-05,0.519910160580568,0.337,0.237,0.256618304637918,"2","TM2D2"
1.81541952359865e-07,0.51958940940883,0.457,0.332,0.00371525605504464,"2","CASP1"
3.63154242433161e-06,0.518982423188353,0.44,0.33,0.0743195157139465,"2","COMMD5"
7.43807868155422e-05,0.518272927423752,0.342,0.258,1,"2","PCYOX1L"
9.42257383229617e-11,0.517832340963628,0.708,0.591,1.92832973477941e-06,"2","ATOX1"
2.37983692996657e-05,0.517776324624259,0.405,0.313,0.487033627717659,"2","TMEM154"
9.17027940250392e-08,0.517235374939686,0.531,0.403,0.00187669767972243,"2","CPOX"
0.000114512790179155,0.515208783749078,0.261,0.18,1,"2","ELMOD2"
0,0.515156578112777,0.996,0.979,0,"2","EMP3"
4.83181849364467e-05,0.514601242634147,0.44,0.353,0.988831654724381,"2","ZNF593"
2.7958440119713e-05,0.514129383696319,0.37,0.277,0.572169477049927,"2","LPCAT3"
0.000171127863579645,0.514118593725987,0.259,0.178,1,"2","ARHGAP18"
5.21478056092484e-06,0.513779981113294,0.453,0.349,0.106720484179327,"2","TGFBR1"
1.26077461803931e-08,0.513589650548923,0.661,0.522,0.000258017525581744,"2","TPP1"
3.41948691584548e-14,0.513236805783383,0.84,0.74,6.99797997327778e-10,"2","MAP1LC3B"
3.53354169768672e-06,0.512430361025031,0.537,0.442,0.0723139308431586,"2","IDI1"
8.23222248382827e-05,0.512149364152294,0.605,0.536,1,"2","ANXA1"
7.33353666682035e-09,0.511866274617561,0.521,0.37,0.000150080827886478,"2","ATP6V1D"
3.24613052926637e-05,0.511685167673944,0.259,0.17,0.664320612814362,"2","TNRC18"
5.70077318684525e-12,0.511604574391279,0.677,0.52,1.16666323268788e-07,"2","NLRC3"
0.000764329721740564,0.511411513070519,0.263,0.192,1,"2","NAA80"
2.89478784518682e-05,0.511396652932428,0.364,0.271,0.592418332517483,"2","WSB2"
3.26853220045109e-08,0.511190608574379,0.527,0.394,0.000668905114822316,"2","SEC14L1"
1.75808777758135e-07,0.511170624621275,0.449,0.318,0.00359792663682024,"2","TOB1"
3.06177305731126e-12,0.51116394843963,0.712,0.587,6.26591856178749e-08,"2","EMC7"
2.43573009761633e-07,0.510950160235971,0.514,0.378,0.00498472164477182,"2","MICAL1"
2.91040916877705e-06,0.510327830661428,0.43,0.317,0.0595615236390223,"2","TWF1"
7.75127060137493e-05,0.509122628550909,0.372,0.28,1,"2","TMEM120A"
3.05174996384494e-10,0.508990431120237,0.625,0.475,6.24540630100867e-06,"2","ZDHHC12"
8.33777491493493e-13,0.508846071457091,0.716,0.585,1.70632563634143e-08,"2","CARD16"
2.99291252892075e-06,0.508128391289734,0.521,0.419,0.0612499549043632,"2","AP1S1"
5.34194662105136e-06,0.5080100101708,0.372,0.266,0.109322937599816,"2","ASL"
2.29030283627196e-09,0.506700624879018,0.714,0.581,4.68710475443057e-05,"2","CORO7"
2.59077714837019e-09,0.506153764584792,0.615,0.494,5.3020254341396e-05,"2","RAPGEF1"
2.43911779662653e-10,0.505298833524781,0.607,0.464,4.9916545707962e-06,"2","PPP3CA"
7.10764780365025e-13,0.504876036324803,0.798,0.682,1.45458012301702e-08,"2","MFNG"
2.67670008602394e-07,0.504697707983713,0.488,0.364,0.005477866726048,"2","MINDY2"
0.000245470507633128,0.504036380803512,0.409,0.326,1,"2","IQSEC1"
8.97487441862133e-05,0.503793520463883,0.286,0.2,1,"2","HVCN1"
3.31036758671743e-07,0.502994678331581,0.426,0.303,0.00677466726621723,"2","PITPNA"
5.91748872125208e-13,0.502936127625042,0.786,0.676,1.21101406680424e-08,"2","PSAP"
1.83089078233944e-05,0.502470620074119,0.3,0.203,0.374691798605767,"2","C11orf21"
7.16990357176872e-05,0.502313639560954,0.253,0.171,1,"2","PGM2L1"
3.23943269986415e-08,0.502264743746996,0.625,0.511,0.000662949902027199,"2","DDRGK1"
6.61009674773894e-07,0.50204769912195,0.469,0.339,0.0135275629942477,"2","RRAS2"
1.45740041097575e-05,0.501784518743302,0.395,0.299,0.298256994106187,"2","COMTD1"
3.14299009707142e-07,0.501625536997887,0.516,0.395,0.00643212923365666,"2","ORAI3"
0,0.500215963093624,0.946,0.917,0,"2","CAP1"
0,0.499886083721431,0.963,0.905,0,"2","TMEM50A"
0,0.49937362087333,0.969,0.912,0,"2","SLFN5"
0.00358818956113738,0.499226658296553,0.263,0.203,1,"2","FHOD1"
0,0.498071824355448,0.994,0.982,0,"2","GSTK1"
0.000241108468933549,0.4974940479047,0.403,0.318,1,"2","PPP5C"
0,0.497241063372245,0.986,0.974,0,"2","ARL4C"
1.59987117696048e-05,0.496706681602188,0.391,0.295,0.327413636364962,"2","TOR1A"
4.7300519057103e-09,0.496265237886985,0.64,0.53,9.68005122503612e-05,"2","ACTN4"
7.97161704646498e-07,0.496242310420748,0.533,0.418,0.0163139142855906,"2","ABTB1"
0,0.496014511764073,0.887,0.789,0,"2","CAPNS1"
0,0.495726940240037,1,0.989,0,"2","CFL1"
9.50617362605044e-12,0.494856965600049,0.728,0.571,1.94543843257122e-07,"2","PTPN7"
0.00317074976655451,0.494639885139489,0.272,0.216,1,"2","RAB9A"
7.74059890429335e-06,0.494063528259159,0.551,0.455,0.158411356576363,"2","SRA1"
0,0.493969495496466,0.944,0.881,0,"2","OPTN"
9.85621717575214e-09,0.493594691897126,0.706,0.614,0.000201707484501767,"2","SPSB3"
1.46131995393262e-11,0.493319177381476,0.765,0.649,2.9905912857231e-07,"2","STXBP2"
2.78510103868257e-10,0.493117479851509,0.648,0.513,5.69970927566388e-06,"2","CD226"
2.66811841065362e-07,0.493070950904498,0.403,0.275,0.00546030432740263,"2","CERS5"
0.000881342929909712,0.492611264350236,0.257,0.188,1,"2","DOP1B"
0.000191780091429061,0.492553753118392,0.605,0.564,1,"2","TNFSF8"
4.13241766961114e-06,0.491846806937672,0.461,0.349,0.084569927608592,"2","MAGED2"
1.39823781042381e-06,0.491348375624026,0.589,0.489,0.0286149367903232,"2","SNHG16"
5.75170237728795e-05,0.490833230064194,0.317,0.229,1,"2","DAPK3"
0,0.490829588081994,0.955,0.886,0,"2","PRDX1"
6.78496928641081e-07,0.490418965469883,0.506,0.387,0.0138854396446397,"2","EHD1"
0.00401831695260446,0.490403919194516,0.383,0.324,1,"2","NDFIP2"
0,0.490385519626331,0.998,0.988,0,"2","LAPTM5"
0,0.490376585848843,0.901,0.811,0,"2","IQGAP1"
0.000253197491718149,0.490198831171695,0.329,0.246,1,"2","GPR137"
9.39914812647658e-13,0.48964668687941,0.794,0.705,1.92353566408343e-08,"2","DBNL"
1.19468879233864e-11,0.489209580341795,0.757,0.65,2.44493061352102e-07,"2","CTSB"
1.02385239195701e-05,0.488893713622687,0.479,0.384,0.209531392014003,"2","BAK1"
2.6817770226728e-10,0.488130736691476,0.72,0.581,5.48825667689989e-06,"2","OS9"
3.32555962323511e-06,0.488061855063321,0.537,0.422,0.0680575776895065,"2","GMPR2"
2.78286949040307e-10,0.487066297247342,0.728,0.616,5.69514241210989e-06,"2","CLTB"
1.33226762955019e-15,0.485602498257887,0.872,0.782,2.72648570387446e-11,"2","RHOF"
8.52127122419333e-07,0.485531762934562,0.412,0.298,0.0174387815603116,"2","PBX4"
1.30431887512827e-10,0.485487060261177,0.695,0.556,2.66928857795001e-06,"2","TNFRSF25"
3.31237745070379e-05,0.485233088658775,0.346,0.249,0.67787804528653,"2","ZNF791"
7.10567475969981e-08,0.484846946783894,0.521,0.386,0.00145417633957257,"2","WDR45"
0.000107170977254656,0.484727372633841,0.37,0.288,1,"2","ARNTL"
0.00016156326597816,0.483756846881393,0.374,0.291,1,"2","CRIPT"
6.51190230671617e-06,0.4837085727169,0.263,0.169,0.133266080706946,"2","TMEM62"
3.29879346061546e-08,0.483014704273219,0.615,0.474,0.000675098081714953,"2","ARL6IP6"
0.0001720478913525,0.482989607981587,0.317,0.237,1,"2","SNAPC2"
0,0.482892268507249,0.961,0.91,0,"2","TMBIM6"
0,0.481894820251518,0.938,0.858,0,"2","GNB2"
0.000202994333127648,0.481690823232435,0.288,0.205,1,"2","ZFAND2A"
4.73704186987334e-10,0.481091870848503,0.632,0.492,9.69435618669579e-06,"2","SMAD3"
2.77335931997413e-11,0.481058861666958,0.726,0.592,5.67567984832706e-07,"2","NUDT5"
0,0.48014077999523,0.905,0.783,0,"2","FMNL1"
0.00105032729329757,0.480091437885826,0.348,0.283,1,"2","MAP1S"
4.33891251816476e-08,0.479855171643525,0.545,0.425,0.000887958446842418,"2","RAB5A"
4.2188474935756e-15,0.479828742976083,0.8,0.65,8.63387139560245e-11,"2","RPS6KA5"
1.51549013338581e-08,0.479717076961251,0.685,0.59,0.000310145055797406,"2","KDM5B"
3.87417486757968e-07,0.479594352132531,0.512,0.397,0.00792849886650182,"2","ATP2B1"
3.46594391964494e-06,0.479390702213484,0.407,0.295,0.0709305423155338,"2","SOCS2"
1.28077613226196e-06,0.479359179304363,0.529,0.421,0.0262110835467411,"2","ELOVL1"
7.105427357601e-15,0.478896694432134,0.854,0.747,1.45412570873305e-10,"2","ATP6V0B"
3.64996088242364e-07,0.478536713890218,0.479,0.35,0.00746964494587998,"2","MYO5A"
0.000827679376482315,0.477975508351934,0.372,0.295,1,"2","DUSP2"
2.46921975532999e-07,0.477710945739069,0.654,0.552,0.00505325822928282,"2","RELB"
0.00115345135408429,0.477486405191121,0.288,0.217,1,"2","SLC38A5"
7.73222255112671e-08,0.477454929846191,0.595,0.476,0.00158239934508808,"2","DNAJB6"
4.53691488133678e-06,0.477190596242503,0.447,0.338,0.0928479630465573,"2","USP36"
1.98075416957266e-07,0.476830585448326,0.617,0.513,0.00405361340803045,"2","UFD1"
1.10686825238737e-06,0.476040311697118,0.502,0.376,0.0226520587851076,"2","TMEM141"
9.3148106734553e-06,0.47580051220748,0.492,0.39,0.190627600432263,"2","PBDC1"
1.33674107418713e-05,0.475744348769268,0.446,0.349,0.273564060832396,"2","AP3M2"
7.71702419921638e-06,0.475739617970242,0.518,0.427,0.157928900236963,"2","PTPN18"
0,0.475261917774824,1,0.996,0,"2","ACTG1"
3.24196661294351e-07,0.474892251892829,0.401,0.277,0.0066346846733889,"2","MBNL2"
0,0.474692423479984,0.959,0.914,0,"2","LCP2"
3.51139791998634e-06,0.474341024085885,0.486,0.373,0.0718607584325204,"2","WWP2"
3.0777258519521e-09,0.473772221185141,0.689,0.557,6.29856595601996e-05,"2","NRBP1"
8.41628322589827e-09,0.473507699455249,0.663,0.551,0.000172239236218008,"2","MGST3"
1.58540909600546e-06,0.472796283287299,0.449,0.333,0.0324453971497518,"2","PCBD1"
0.00169008880411181,0.472439135887469,0.28,0.213,1,"2","SLC41A3"
0,0.472278035060208,1,0.993,0,"2","UBC"
0.00012634303498249,0.472254141956385,0.436,0.344,1,"2","MIIP"
4.5869936782239e-07,0.471733078155059,0.537,0.408,0.00938728256248522,"2","SBDS"
0,0.470220653277048,0.988,0.98,0,"2","MYL12B"
0.000524792217824865,0.470078077589308,0.368,0.289,1,"2","DOK1"
1.17825749157419e-11,0.469797635562081,0.79,0.688,2.41130395650657e-07,"2","RNPEPL1"
8.94819525749657e-05,0.469213740897711,0.313,0.224,1,"2","PDK2"
3.91273236033385e-10,0.46916509546808,0.665,0.544,8.00740677542322e-06,"2","PICALM"
0.00010515350344531,0.468891693220259,0.348,0.257,1,"2","NDRG3"
5.69299284314262e-06,0.46867220475537,0.43,0.316,0.116507098534914,"2","SLC25A20"
0.00342249042283616,0.468633015325302,0.521,0.487,1,"2","IVNS1ABP"
0.000974812174894701,0.468317585816469,0.267,0.195,1,"2","LDOC1"
1.61091726400553e-05,0.467587716157623,0.434,0.329,0.329674218078732,"2","C16orf87"
6.05304961709408e-09,0.467471406058456,0.8,0.697,0.00012387566041383,"2","ISG15"
6.91537938024567e-11,0.466017019806601,0.554,0.408,1.41523239016728e-06,"2","PPP1R16B"
2.99392691416323e-06,0.465562679551298,0.459,0.345,0.0612707142983504,"2","TMEM250"
6.30040955607036e-06,0.465414634456811,0.374,0.262,0.12893788156498,"2","BORCS6"
0.000155346251623723,0.464875217017471,0.313,0.229,1,"2","TATDN3"
1.14764639158604e-05,0.464285825208265,0.36,0.252,0.234865834038084,"2","FAM98C"
9.76996261670138e-14,0.464142917947363,0.815,0.674,1.99942284950794e-09,"2","SEC11C"
0.000222767149784753,0.46388313182569,0.364,0.283,1,"2","EHBP1L1"
1.34536316105383e-05,0.463354831458356,0.352,0.252,0.275328570909665,"2","PARVB"
6.30073770935269e-12,0.462873424453097,0.805,0.695,1.28944597221903e-07,"2","ESYT1"
5.51512169266744e-11,0.46205027823464,0.788,0.68,1.12866965440439e-06,"2","SELENOT"
4.53632773151913e-05,0.461814568279381,0.321,0.228,0.92835947025539,"2","PCK2"
1.18774336876903e-06,0.46153353527026,0.617,0.507,0.0243071680418583,"2","CHCHD5"
1.57194766758906e-07,0.460271322089734,0.525,0.396,0.00321699090172101,"2","DDA1"
2.73023070818113e-07,0.459993284180012,0.545,0.426,0.00558741714429267,"2","SNX2"
1.22583117523334e-06,0.459290876956321,0.385,0.28,0.0250866350011503,"2","GRAMD1B"
0.00122622259897676,0.459272914354033,0.344,0.27,1,"2","GFER"
1.7618730565605e-06,0.459159106838983,0.574,0.456,0.0360567321025107,"2","ZNF524"
0,0.458583021397224,1,0.991,0,"2","FXYD5"
2.1769167852792e-05,0.458546198161077,0.401,0.309,0.445506020107389,"2","MGAT5"
2.45624194317173e-08,0.457998120751291,0.527,0.393,0.000502669913670095,"2","NEDD9"
3.25964562364334e-06,0.457539825030053,0.488,0.381,0.0667086476878609,"2","AP3D1"
3.41722928265398e-06,0.456669588696266,0.535,0.426,0.0699335972695136,"2","SDF2"
0.000264396212602103,0.456244744339515,0.366,0.289,1,"2","DNAJB9"
0.000563376328971854,0.45473093117601,0.286,0.21,1,"2","SLC12A9"
1.2766864099234e-07,0.454638389303999,0.638,0.531,0.00261273873790824,"2","FAM177A1"
2.2462537423662e-05,0.454154575629172,0.438,0.337,0.459695828375243,"2","GLTP"
0.00333294187974542,0.453488481089569,0.29,0.227,1,"2","CEP164"
2.33346112432642e-07,0.453416634446535,0.593,0.47,0.00477542819093402,"2","SLC35D2"
4.7508724507761e-06,0.453086706309674,0.453,0.338,0.0972266047051329,"2","CLPTM1"
0.00158823551388299,0.452783157107781,0.284,0.218,1,"2","ALG1"
0.000181862482093287,0.452329177174375,0.391,0.308,1,"2","CD79B"
7.44726502688309e-11,0.451405592821109,0.745,0.616,1.52408278775162e-06,"2","SHKBP1"
2.98427949019242e-13,0.451014427307163,0.854,0.726,6.10732797667879e-09,"2","SHISA5"
0.000484619454049318,0.450853299803364,0.323,0.244,1,"2","ADAM17"
0,0.45059278143176,0.965,0.943,0,"2","SOS1"
0,0.450524720680527,0.912,0.849,0,"2","ABHD17A"
8.88178419700125e-16,0.45051643399945,0.885,0.797,1.81765713591631e-11,"2","BSG"
2.57614170440235e-07,0.449628299609827,0.51,0.382,0.0052720739980594,"2","ETF1"
0.00176251896352486,0.449223509701935,0.284,0.214,1,"2","PRR5"
0.000612442356366927,0.449107185511897,0.313,0.236,1,"2","GMFB"
7.1236758780735e-06,0.44910465233344,0.44,0.336,0.145786026844774,"2","DTD1"
5.84500034173097e-06,0.448932893962025,0.463,0.351,0.119617931993524,"2","C1orf122"
1.45385925520713e-11,0.44846404296962,0.776,0.691,2.9753229657814e-07,"2","RAB8B"
0.000123968022871734,0.447622656052294,0.337,0.248,1,"2","MED19"
7.73287256783384e-06,0.447421259678211,0.411,0.304,0.158253237100719,"2","FAM110A"
1.70974345792274e-14,0.446695839893984,0.875,0.777,3.49898998663889e-10,"2","PPP1R12A"
4.44089209850063e-16,0.446465351631317,0.979,0.919,9.08828567958153e-12,"2","IER2"
1.5885204289301e-05,0.445883697811535,0.541,0.441,0.325090705780544,"2","PDE4B"
1.09259188625366e-05,0.445529427142525,0.438,0.324,0.223598929521811,"2","MPDU1"
0.000761814279008455,0.445392186524353,0.327,0.247,1,"2","TRIOBP"
0.000356098825926798,0.445365818183911,0.284,0.207,1,"2","MEF2D"
6.22648533190606e-05,0.445092547088702,0.302,0.212,1,"2","SLC6A6"
0.000140046655027426,0.445091037543977,0.43,0.341,1,"2","ACTR1A"
1.47178812248683e-07,0.444974658853479,0.623,0.51,0.00301201439266929,"2","SFT2D1"
0.00155483962871572,0.444796354723006,0.339,0.266,1,"2","NCR3"
0.000167104906704463,0.44463453376074,0.342,0.254,1,"2","PIEZO1"
0.000832569910329095,0.444287441793391,0.391,0.324,1,"2","TBPL1"
8.67490330680454e-08,0.444062655940811,0.446,0.32,0.00177531896173755,"2","EXOC6B"
8.64929612540699e-05,0.444059239620155,0.498,0.4,1,"2","GPR65"
0,0.443959696563967,0.992,0.971,0,"2","RNASEK"
1.95787814627479e-07,0.443916315918201,0.632,0.52,0.00400679762635137,"2","GNPTAB"
0,0.443733486103163,0.971,0.935,0,"2","CSTB"
2.2069691132387e-05,0.443061235161752,0.294,0.197,0.4516562290243,"2","BLM"
0.000542901362877046,0.442235031547159,0.276,0.205,1,"2","CCDC43"
5.25849808141743e-10,0.442172061069522,0.675,0.521,1.07615163236208e-05,"2","E2F4"
1.03739239420975e-12,0.441510133414242,0.996,0.989,2.12302353475025e-08,"2","CD74"
4.1463324618185e-07,0.441071109867809,0.621,0.52,0.00848546938311157,"2","LYPLA2"
0.00167235299398971,0.440165104257893,0.259,0.192,1,"2","AAMDC"
3.98658883682401e-12,0.440096311744189,0.798,0.649,8.15855405456034e-08,"2","REXO2"
5.51028112028007e-10,0.439818274661023,0.751,0.639,1.12767903126532e-05,"2","RAB5IF"
9.38717385690069e-05,0.439398697548935,0.498,0.415,1,"2","KIAA2013"
7.75907627104111e-06,0.439344602031998,0.521,0.422,0.158789495886856,"2","TYMP"
0.000388784933755826,0.438716942904518,0.286,0.208,1,"2","SGPP1"
0.00200075648313636,0.438637017327235,0.329,0.265,1,"2","ANKRA2"
0.000929556278995713,0.437790877789091,0.298,0.225,1,"2","RAP2A"
0.000105414008431337,0.43777357161946,0.523,0.446,1,"2","LAIR1"
1.75596066576134e-08,0.43704799801553,0.56,0.41,0.000359357350248057,"2","RILPL2"
0,0.436981472047941,0.996,0.983,0,"2","ARPC1B"
5.51732650089232e-05,0.436075116735018,0.488,0.393,1,"2","CLN3"
1.46549439250521e-13,0.435813745434088,0.87,0.779,2.99913427426191e-09,"2","SRI"
1.33226762955019e-15,0.435762823004252,0.897,0.824,2.72648570387446e-11,"2","CAPZA1"
7.80309150627545e-12,0.435041806342448,0.85,0.759,1.59690267675927e-07,"2","SCAMP2"
2.46178060159252e-07,0.434974402304918,0.638,0.522,0.0050380340011591,"2","YPEL5"
3.04201108747293e-14,0.433440807582272,0.901,0.797,6.22547569051335e-10,"2","BIN1"
1.17941507704611e-05,0.433417936309446,0.547,0.452,0.241367295517486,"2","RETREG2"
3.17130832705459e-09,0.432906295132182,0.708,0.598,6.49008249131722e-05,"2","TM9SF2"
8.96724250409875e-10,0.432784166468344,0.763,0.637,1.83514617846381e-05,"2","GSTO1"
0.00164912000340212,0.431740802298813,0.251,0.185,1,"2","ZNF484"
1.53645518530254e-09,0.431182246769063,0.722,0.608,3.14435553672165e-05,"2","LAMTOR2"
4.02248475284139e-06,0.431050317688818,0.57,0.45,0.0823201504668991,"2","SH2D1A"
7.49772123305181e-05,0.430936617156723,0.502,0.412,1,"2","CD2BP2"
1.05186770489318e-05,0.430631566746353,0.512,0.411,0.21526472580639,"2","ASMTL"
0.00180879184675398,0.430446836291499,0.315,0.25,1,"2","ELOA"
0.0016819799820631,0.430442171232987,0.342,0.266,1,"2","IRAK1"
0.00548038261555095,0.430412361045724,0.331,0.268,1,"2","ZMAT5"
0.00402842650528346,0.429450303699338,0.307,0.247,1,"2","TOR1AIP2"
1.9252851513718e-05,0.429392966395591,0.389,0.287,0.394009606228239,"2","ZMPSTE24"
2.33247033663009e-05,0.429359123431183,0.412,0.312,0.477340054391348,"2","AUH"
7.54811080305728e-09,0.428955922001481,0.765,0.678,0.000154472087584567,"2","RTN4"
5.41765148298623e-08,0.428624107033835,0.852,0.78,0.00110872237599313,"2","TRAC"
6.73310332510724e-06,0.428331523421581,0.543,0.435,0.13779295954832,"2","RRP36"
3.09308134660569e-13,0.428230898121144,0.875,0.789,6.32999097582854e-09,"2","ARHGDIA"
4.56874468635071e-06,0.42783109506934,0.589,0.476,0.0934993600061673,"2","CISD3"
6.7077912890845e-05,0.427632257945216,0.547,0.448,1,"2","RRAGA"
8.15543636794036e-05,0.427513565302627,0.309,0.221,1,"2","THOC5"
1.09232808265247e-05,0.427035939200268,0.482,0.375,0.223544942114828,"2","BATF"
3.22281296620819e-05,0.426050846822804,0.409,0.31,0.659548673534506,"2","SLC35B2"
0.000406599289275889,0.425512029171853,0.35,0.275,1,"2","ILRUN"
6.0135734584188e-05,0.425501657264431,0.37,0.273,1,"2","RBM18"
2.98316953095679e-05,0.425474799725745,0.418,0.314,0.610505644510306,"2","MAGT1"
4.30571323417617e-06,0.425409498016204,0.446,0.328,0.0881164213374153,"2","THEMIS2"
4.73439369264028e-07,0.425045735346713,0.704,0.598,0.00968893669198834,"2","SDCBP"
0.000729414291986696,0.425041431669706,0.288,0.217,1,"2","ZNF688"
0,0.424693491292888,0.924,0.844,0,"2","ARHGAP30"
0.00075137907671885,0.424245166298031,0.356,0.279,1,"2","RARA"
0.00014499043864169,0.423823691792729,0.401,0.31,1,"2","CRYL1"
0,0.423760552587055,0.975,0.948,0,"2","PPP1CA"
0.000181026101034432,0.423338449785578,0.451,0.366,1,"2","ELOF1"
0.00384959514948213,0.422911319976262,0.333,0.271,1,"2","MYLIP"
3.65650729095002e-06,0.42260013677207,0.506,0.384,0.0748304217092921,"2","CSRP1"
3.15623202387094e-05,0.421726838993747,0.475,0.377,0.645922883685188,"2","UGCG"
0.00190858569782648,0.421701526076507,0.307,0.238,1,"2","SP2"
2.22044604925031e-16,0.421468933834892,0.928,0.849,4.54414283979077e-12,"2","DYNLL1"
0.000346752710273179,0.421407914169624,0.321,0.241,1,"2","ZDHHC14"
0.00185307720907102,0.420669292504089,0.65,0.596,1,"2","CAPG"
2.5252019662414e-05,0.420632715795059,0.568,0.484,0.516782582391302,"2","TMEM167A"
8.39434693531427e-05,0.420260634263304,0.465,0.355,1,"2","CCDC32"
5.87245652994284e-07,0.420237852815067,0.566,0.441,0.012017982288528,"2","CNIH4"
0.000127204401745518,0.420178137025026,0.317,0.226,1,"2","MCOLN2"
0.000938210368805814,0.420113081170681,0.399,0.323,1,"2","PMVK"
0.000963197816383765,0.419128844493409,0.27,0.199,1,"2","BMPR2"
3.98793498534999e-06,0.419119927041885,0.434,0.319,0.0816130894751876,"2","UBE2E3"
2.96858182924353e-07,0.418999884853385,0.568,0.434,0.00607520271354689,"2","TXNDC15"
0,0.418264930690169,0.936,0.905,0,"2","ATP6V0E1"
0.000608513192292381,0.418128909254395,0.315,0.238,1,"2","GLRX2"
8.43769498715119e-15,0.417816053665314,0.932,0.861,1.72677427912049e-10,"2","NOP10"
0.000107278242103881,0.417642009231078,0.272,0.185,1,"2","FYCO1"
2.98634593718372e-05,0.41715982532127,0.405,0.304,0.611155696044648,"2","XKR6"
0.00113493194636249,0.416899600109886,0.327,0.256,1,"2","MON1B"
3.94036205886295e-08,0.416865529809796,0.648,0.52,0.000806395095346302,"2","YARS"
8.4077219622003e-06,0.416694485515963,0.57,0.465,0.172064029956429,"2","ATP2A3"
7.85268347236467e-07,0.416529725338028,0.593,0.474,0.0160705167261943,"2","NAAA"
0.000287859017063852,0.41626508854707,0.409,0.322,1,"2","SNAP29"
4.82175632754434e-10,0.416260477923969,0.87,0.814,9.86772432431948e-06,"2","MCL1"
0,0.414708068298282,0.998,0.977,0,"2","ARL6IP5"
0.00010931664323155,0.414274613459993,0.533,0.439,1,"2","RAP2B"
4.08784117666983e-13,0.414160233874897,0.864,0.779,8.3657669680548e-09,"2","TBCB"
1.55431223447522e-14,0.413884795401043,0.914,0.84,3.18089998785354e-10,"2","SNX6"
1.77635683940025e-15,0.413630537122498,0.909,0.802,3.63531427183261e-11,"2","SLC2A3"
0,0.412856420200092,1,0.995,0,"2","EIF1"
3.073763021888e-09,0.412787035400589,0.77,0.686,6.29045602429379e-05,"2","LAMTOR1"
7.56817845355418e-05,0.412693396233604,0.447,0.349,1,"2","TUSC2"
1.28776320051927e-07,0.412117802610133,0.554,0.422,0.00263540738986268,"2","NAMPT"
0.000268130750996853,0.411654178441036,0.551,0.478,1,"2","IFI35"
0.000178244217085011,0.410700547968181,0.506,0.419,1,"2","SLC38A10"
0.00169176410033445,0.41025695203574,0.321,0.25,1,"2","HRAS"
0.00456496141264795,0.410089545619702,0.253,0.19,1,"2","RCHY1"
0.000755397957866721,0.409739247489272,0.506,0.433,1,"2","CBLL1"
0.00230980543667592,0.409658117839297,0.337,0.27,1,"2","SNTB2"
6.81045075001663e-07,0.409324118448111,0.556,0.438,0.013937587459909,"2","MAST4"
1.3886788718942e-07,0.408904212903708,0.626,0.507,0.00284193131133148,"2","TMEM9B"
0.000228071652224937,0.408855717273036,0.449,0.369,1,"2","ACSL5"
3.68606766643076e-06,0.40874653733957,0.582,0.477,0.0754353747935055,"2","LRPAP1"
0,0.408668437215433,0.953,0.904,0,"2","ICAM3"
1.7792707547315e-06,0.408552973709569,0.654,0.543,0.0364127759955801,"2","UBE2H"
1.07981838137761e-07,0.408527824926873,0.743,0.676,0.00220984831748927,"2","CFLAR"
6.86126711002544e-11,0.408484189336888,0.798,0.691,1.40415831406671e-06,"2","FUT8"
1.87927605443949e-05,0.408346795736199,0.521,0.422,0.384593844541042,"2","GPS1"
2.24187261537168e-05,0.407461537828304,0.267,0.178,0.458799230735814,"2","CYP1B1"
1.44610037544624e-06,0.407184654097192,0.512,0.376,0.0295944441835072,"2","PLEKHB2"
1.97670753587786e-06,0.40694028501533,0.607,0.498,0.0404533197217405,"2","ATP6AP1"
0.000115615702690919,0.406627195098129,0.535,0.439,1,"2","ODC1"
1.63715940080245e-05,0.405983355574631,0.547,0.446,0.335044671374221,"2","HERPUD2"
1.93994707600176e-05,0.405933017560145,0.469,0.361,0.39701016910376,"2","AP2A1"
2.81105101329615e-05,0.405862102463216,0.486,0.388,0.575281589871057,"2","B4GALT3"
0.000996988214457373,0.405690499487369,0.342,0.265,1,"2","CARD8-AS1"
0.00641840599008647,0.405162518492071,0.253,0.195,1,"2","ARID3B"
8.47986664487266e-06,0.40516163584264,0.566,0.455,0.173540470887319,"2","ABHD3"
0.00142636330506862,0.405127167557415,0.315,0.243,1,"2","WDR13"
0,0.404633206359104,1,0.995,0,"2","PFN1"
6.42427697705727e-08,0.404327549512018,0.7,0.591,0.00131472828335477,"2","CAPN1"
0,0.404104874894364,0.982,0.948,0,"2","RNF213"
3.96002524059025e-05,0.40386696185558,0.535,0.435,0.810419165486794,"2","BCL7B"
3.92984844665989e-09,0.402682267658894,0.763,0.66,8.04243484608946e-05,"2","TMCO1"
1.2940792256888e-05,0.402376846769354,0.479,0.375,0.264833313537214,"2","CDS2"
2.75705849261954e-08,0.40218517294463,0.819,0.728,0.000564232020514588,"2","DIAPH1"
5.88742114171481e-07,0.402131185588742,0.821,0.764,0.0120486073665194,"2","NFKBIA"
5.17737053895573e-07,0.401927768874853,0.741,0.637,0.0105954888079729,"2","CHMP2A"
1.83745338722119e-07,0.401792663597543,0.73,0.616,0.00376034835694816,"2","GRK6"
0,0.401650472368398,0.955,0.875,0,"2","TMEM59"
8.4811001767493e-05,0.401378215610432,0.486,0.4,1,"2","LLPH"
0,0.401206837772013,0.994,0.98,0,"2","YWHAB"
1.08313593649711e-08,0.401001091736574,0.768,0.633,0.000221663769404135,"2","LYPLA1"
0.000516947511294052,0.400807770111398,0.327,0.242,1,"2","TP53BP1"
0.00346541985579019,0.399790093085494,0.28,0.218,1,"2","SEPTIN11"
0.000997673738466043,0.399563522847375,0.481,0.398,1,"2","P2RY10"
0.00271248269302204,0.399488960333197,0.253,0.188,1,"2","MT1E"
0.00709849748941527,0.39945364646828,0.261,0.207,1,"2","ATG9A"
4.44089209850063e-16,0.399291371091071,0.975,0.946,9.08828567958153e-12,"2","MYH9"
0.00568017551454236,0.399141854596772,0.337,0.281,1,"2","BMI1"
0,0.39894638799212,1,0.999,0,"2","ACTB"
9.87844773219226e-05,0.398844727803399,0.496,0.402,1,"2","SPTLC2"
9.94587721736551e-07,0.398331077410825,0.665,0.571,0.0203542377253385,"2","TXNDC17"
0.00509207120404809,0.398318596053606,0.263,0.207,1,"2","SLC17A5"
0,0.398087851568578,0.992,0.974,0,"2","TPM3"
2.42894593327492e-12,0.397628736202943,0.866,0.76,4.97083785244712e-08,"2","CLTA"
0.00675785123018047,0.397583486794479,0.416,0.363,1,"2","TMEM101"
1.07331522765097e-05,0.397532189886853,0.63,0.548,0.219653961338772,"2","SURF4"
6.61573260618553e-08,0.397433963545442,0.759,0.662,0.00135390967785587,"2","DCTN2"
4.29875957697057e-06,0.397376031346128,0.619,0.528,0.0879741147427027,"2","MRPL28"
2.22044604925031e-16,0.397279105284121,0.951,0.906,4.54414283979077e-12,"2","SLC9A3R1"
1.1813826583662e-08,0.396846468229876,0.73,0.602,0.000241769961034644,"2","TCIRG1"
1.43803462981928e-06,0.396413656524844,0.636,0.53,0.0294293786992517,"2","TMEM183A"
4.7192844631061e-05,0.396374303860245,0.504,0.417,0.965801565374663,"2","KLC1"
0.00140309098528291,0.396088843673224,0.253,0.184,1,"2","PPP4R1"
2.05097672179022e-09,0.395842217865069,0.809,0.716,4.19732386114369e-05,"2","TMEM256"
0.000273725421321869,0.395429112844895,0.471,0.378,1,"2","PCYT1A"
1.61577440316307e-08,0.394887423347323,0.893,0.838,0.000330668231607323,"2","CD6"
0.000113019005438142,0.394811313972528,0.447,0.355,1,"2","SAR1B"
0.00455205992518248,0.394382832033907,0.502,0.433,1,"2","OTUD5"
1.65381064429759e-05,0.39360205675851,0.523,0.424,0.338452348355502,"2","LAMP2"
5.38660150448678e-05,0.393319116262852,0.531,0.43,1,"2","MAPRE1"
0.00216095752967083,0.392743577069598,0.352,0.281,1,"2","VPS45"
2.16653361917452e-11,0.392305494036708,0.872,0.815,4.43381105164065e-07,"2","SCAND1"
6.75933369016501e-05,0.391842623899373,0.613,0.515,1,"2","CCDC12"
0.00127018055561123,0.390905535249104,0.366,0.294,1,"2","DNTTIP1"
0.000168726764276039,0.390536826095839,0.414,0.317,1,"2","WARS"
1.94466664993342e-12,0.3901862829487,0.897,0.834,3.97976029908875e-08,"2","ARRB2"
0.00203347832025247,0.390019088221818,0.261,0.194,1,"2","GALC"
0.00101298220797497,0.389901077078259,0.418,0.346,1,"2","RNF139"
9.46911438148845e-11,0.389524576420262,0.846,0.775,1.93785425817161e-06,"2","PDIA6"
6.110304435758e-07,0.389416185467607,0.669,0.55,0.0125047380277787,"2","C14orf119"
1.81607937710382e-06,0.388546327448671,0.523,0.391,0.0371660644524296,"2","ZDHHC3"
0.000306797907966727,0.388114079235858,0.372,0.286,1,"2","SPNS1"
0.00600614415251011,0.387973692069491,0.292,0.237,1,"2","TMEM214"
0.00578943900482032,0.387640591942745,0.321,0.258,1,"2","MGME1"
3.15799463601607e-06,0.387504359259984,0.628,0.524,0.0646283602260689,"2","C18orf32"
4.59188242984965e-13,0.386321352047429,0.922,0.863,9.3972873926873e-09,"2","ARPC4"
0.000459398258498167,0.386228093737099,0.527,0.452,1,"2","PYM1"
7.2761223504525e-05,0.386199949602403,0.527,0.431,1,"2","COMMD8"
1.1764912382084e-06,0.38613080394118,0.782,0.694,0.0240768931899349,"2","G3BP2"
3.21031046190967e-08,0.386086011674576,0.743,0.648,0.000656990036029814,"2","MIEN1"
1.44548662595056e-07,0.385772751297628,0.492,0.354,0.00295818838000783,"2","BCL2L1"
0.000866646759109857,0.385704474564943,0.364,0.287,1,"2","LEPROT"
8.85886010770776e-07,0.385422489471038,0.774,0.706,0.0181296572104239,"2","STK24"
0.000623831958128873,0.385133308873209,0.391,0.31,1,"2","LRRC59"
0,0.385053009095822,0.998,0.995,0,"2","ARPC2"
0.00119244725005507,0.384865178045109,0.35,0.273,1,"2","PTPRE"
9.15514828392361e-07,0.384715296524664,0.556,0.428,0.0187360109630497,"2","DERL2"
3.9949145034246e-06,0.383865647306572,0.714,0.614,0.0817559253125844,"2","TMEM35B"
3.12144319969399e-06,0.38360462253068,0.663,0.558,0.0638803350817374,"2","ARL2BP"
4.68464961755899e-06,0.382898836554114,0.667,0.569,0.0958713544233447,"2","ERP44"
0,0.382628284843722,0.979,0.962,0,"2","CDC42"
0.00292672358143897,0.382575778825829,0.375,0.307,1,"2","AHI1"
4.44089209850063e-15,0.381727830466462,0.967,0.965,9.08828567958153e-11,"2","STK17B"
0.000704510174454942,0.381341458341406,0.362,0.285,1,"2","ELP3"
3.34354766096112e-12,0.38120170979683,0.858,0.783,6.84257028815694e-08,"2","POMP"
0.00355726597761108,0.380961402193571,0.302,0.24,1,"2","NAPRT"
1.48498990881762e-11,0.380873957271225,0.912,0.818,3.03903184839527e-07,"2","PIM1"
3.61932706027801e-14,0.380688782097031,0.957,0.897,7.40695282885895e-10,"2","PRR13"
1.68948664269752e-05,0.380266089753639,0.535,0.411,0.345753441428048,"2","GSK3A"
5.10702591327572e-15,0.379938623848835,0.909,0.831,1.04515285315188e-10,"2","RABGAP1L"
0.00438526311168275,0.379894882959203,0.296,0.234,1,"2","FO393401.1"
0,0.379836478792853,0.957,0.925,0,"2","TRAPPC1"
0.00125777741910582,0.379758655603785,0.477,0.411,1,"2","FDX1"
0.000267744467047581,0.379754262232908,0.484,0.4,1,"2","IL12RB1"
0.000205650212703468,0.37960910641289,0.461,0.374,1,"2","APBA3"
0.00543719711059398,0.379193297947681,0.282,0.223,1,"2","BTBD6"
0.000857711112355553,0.378598260806069,0.44,0.359,1,"2","MFSD1"
4.42499860153767e-06,0.378340241440151,0.492,0.371,0.0905575963804683,"2","PTGER4"
0.00282553724727874,0.378256499608122,0.379,0.306,1,"2","USP28"
7.87153868597734e-06,0.378226899780073,0.665,0.579,0.161091039208526,"2","PCSK7"
1.93530689251986e-08,0.377821121858984,0.749,0.645,0.00039606055555419,"2","RUNX3"
1.57585056115295e-12,0.377712985132654,0.872,0.796,3.22497817339951e-08,"2","BCAP31"
4.46065406833895e-12,0.377480330606767,0.811,0.725,9.12872855085567e-08,"2","RNF7"
5.89332804779019e-10,0.377221432652039,0.835,0.764,1.20606958498026e-05,"2","FERMT3"
1.26096910690876e-11,0.376670116732997,0.858,0.781,2.58057327728878e-07,"2","TRAPPC5"
0.000545303512258455,0.375900815068585,0.383,0.296,1,"2","IMPA1"
0.000511997899070638,0.375611625427371,0.399,0.318,1,"2","UBE2W"
2.68673971959288e-14,0.374899440825025,0.922,0.837,5.49841283614683e-10,"2","DBI"
7.2481900659227e-07,0.374272173413629,0.718,0.618,0.0148334209699108,"2","POLR3GL"
8.05900324252207e-09,0.37407325619417,0.79,0.686,0.000164927501358214,"2","KIF5B"
5.40869394396459e-05,0.373861548653614,0.539,0.454,1,"2","UNC45A"
1.32425714838291e-09,0.373574684400477,0.872,0.82,2.71009225416563e-05,"2","PLSCR3"
0.00136738707072381,0.373178166068247,0.342,0.27,1,"2","PNPLA6"
0.001754006129709,0.372684486044209,0.375,0.299,1,"2","MADD"
0,0.372323886603099,1,0.996,0,"2","CORO1A"
1.06872863663288e-05,0.372274390681723,0.589,0.502,0.218715315486918,"2","PSENEN"
1.15516452003916e-06,0.371690208987229,0.733,0.647,0.0236404419026015,"2","SERINC3"
0.000437300592709855,0.371234899603363,0.44,0.359,1,"2","SVBP"
0,0.370785988680217,0.977,0.96,0,"2","SUB1"
1.02599637985534e-06,0.370771902519258,0.765,0.697,0.0209970159137396,"2","RTF2"
0.00190835936322831,0.370414748099295,0.416,0.337,1,"2","VAMP7"
0,0.370020543040754,0.979,0.957,0,"2","CNN2"
2.22958379305638e-05,0.369404357414277,0.533,0.422,0.456284323248988,"2","PRKD2"
7.17205761557871e-06,0.369224871936061,0.605,0.503,0.146776159102818,"2","RAB1A"
3.73876485326718e-11,0.368807443665576,0.881,0.83,7.65138227221129e-07,"2","DEF6"
0.000314623020857274,0.368694525444836,0.409,0.317,1,"2","COA8"
0.000129560726898514,0.367998394955495,0.416,0.32,1,"2","BORCS5"
0.00434344027666356,0.367791065732036,0.325,0.259,1,"2","SNAP47"
8.76163475105329e-09,0.367778427228809,0.628,0.48,0.000179306855180306,"2","KIAA1109"
0.000206502592732249,0.36719796652543,0.584,0.511,1,"2","PPP1R11"
0.00234927953783304,0.367064301282172,0.414,0.346,1,"2","TPK1"
2.08686555147608e-07,0.367011841790819,0.835,0.764,0.0042707703510958,"2","HNRNPUL1"
1.12048798950326e-06,0.366673097116672,0.696,0.577,0.0229307867051842,"2","MOB3A"
0.00149378827468971,0.36618099260305,0.393,0.308,1,"2","CA5B"
6.11317663157251e-11,0.366138277556508,0.864,0.736,1.25106159765132e-06,"2","NDUFA6"
0.000268649877569471,0.366003234351014,0.473,0.388,1,"2","FAM104A"
0,0.365564778704409,0.981,0.962,0,"2","ARPC5"
5.23048271361404e-12,0.365128064347288,0.899,0.834,1.07041828734111e-07,"2","RABAC1"
0.00734377631396455,0.364729944459241,0.274,0.217,1,"2","FBXO6"
8.19344592173366e-14,0.364572574966307,0.907,0.843,1.67678870788279e-09,"2","UBE2V1"
0.000572085359472174,0.36373333159663,0.391,0.301,1,"2","CYB5R4"
1.17042164893277e-06,0.363695658461769,0.593,0.489,0.0239526790454092,"2","DENND1B"
0.00191631119009417,0.363470731660855,0.36,0.291,1,"2","VPS33A"
5.44093992083106e-09,0.363412061041164,0.726,0.594,0.000111348835479808,"2","RNF125"
6.27107141992767e-07,0.363351037031104,0.64,0.532,0.012833747660882,"2","ATG5"
0.0013815554190082,0.362826027197536,0.463,0.382,1,"2","ALAS1"
9.44501873378911e-07,0.362751610176241,0.732,0.624,0.0193292308386994,"2","PPP1R7"
0.000727858489905753,0.362493252607516,0.473,0.389,1,"2","PIGS"
0.00638611465855621,0.362187910783915,0.29,0.227,1,"2","LYRM1"
0.00261874478706425,0.361795027308549,0.286,0.213,1,"2","CGRRF1"
2.68468589683657e-05,0.361618868412475,0.535,0.423,0.549420968787604,"2","TMEM87B"
0.00016980280653911,0.361388203558786,0.644,0.567,1,"2","MYADM"
1.49651528946748e-08,0.361167086616039,0.86,0.814,0.00030626185398952,"2","CCDC85B"
0.00273728170628074,0.361002739839694,0.28,0.214,1,"2","TBC1D7"
0.000761774725365871,0.360744934977661,0.449,0.374,1,"2","TFPT"
1.55431223447522e-15,0.360653722390066,0.973,0.963,3.18089998785354e-11,"2","ACTR3"
0.000604192985346863,0.360512217925075,0.307,0.227,1,"2","GSR"
5.21551690724209e-11,0.360213715855411,0.885,0.808,1.06735553506709e-06,"2","ATP6V0C"
0.00136223707932137,0.36010018946158,0.389,0.312,1,"2","PDXK"
0.000299234824378214,0.359318250915925,0.523,0.441,1,"2","BFAR"
0.00131648609926693,0.359109537008419,0.313,0.236,1,"2","CXorf40B"
0.00355762117487779,0.358573346917578,0.379,0.315,1,"2","APPL2"
0.000782144544448027,0.357838231805423,0.455,0.379,1,"2","COQ10B"
1.07547082350834e-09,0.357345637828839,0.949,0.925,2.20095104030982e-05,"2","UCP2"
7.94649457347418e-10,0.357003776431628,0.887,0.811,1.62625011446149e-05,"2","TCF25"
0.00464947052916109,0.356406152291591,0.362,0.292,1,"2","CCDC97"
6.83021052736432e-05,0.356379659566925,0.566,0.479,1,"2","PTTG1IP"
0.000711980816345159,0.356337647859451,0.549,0.471,1,"2","TMED5"
9.96972113145311e-05,0.355839261567204,0.58,0.491,1,"2","GIPC1"
0.000261569096006609,0.355805686781949,0.428,0.335,1,"2","DALRD3"
2.22044604925031e-16,0.355732364634176,0.961,0.93,4.54414283979077e-12,"2","DOCK8"
3.50097728585297e-12,0.355390913456909,0.909,0.839,7.1647500154981e-08,"2","GABARAPL2"
1.41682381191721e-05,0.355084240793532,0.551,0.442,0.289952993108857,"2","SNX14"
3.49554385437045e-10,0.354873426002291,0.907,0.854,7.15363049796913e-06,"2","CELF2"
1.07298526641486e-06,0.354482139400802,0.732,0.633,0.0219586434771801,"2","CD28"
0.00728286346815143,0.354475167593697,0.362,0.302,1,"2","AL135905.2"
9.15924758970732e-06,0.354006101888855,0.586,0.468,0.18744400192336,"2","GLB1"
0.000784619716420965,0.35378712827179,0.342,0.263,1,"2","HPS6"
4.84661886179794e-08,0.353411020415546,0.784,0.685,0.000991860550066948,"2","MRPL52"
0.000941117821340098,0.352868174740742,0.346,0.271,1,"2","YES1"
0.00236453828136574,0.352829954834001,0.44,0.367,1,"2","TM7SF3"
0.00732094331748212,0.352627139016089,0.311,0.256,1,"2","TMEM115"
6.99039851825844e-06,0.352482887302502,0.7,0.606,0.143058505676159,"2","COX17"
0.00960156717969651,0.35240206023586,0.29,0.232,1,"2","MED25"
0.000962429251852859,0.351883531822921,0.455,0.379,1,"2","APMAP"
0.00456951718240473,0.351707631230548,0.387,0.322,1,"2","RNPEP"
8.54434960562145e-07,0.351478095702347,0.778,0.724,0.0174860114679043,"2","MRPL41"
0,0.351383731305531,0.998,0.991,0,"2","MYL12A"
0.0074007787916941,0.351361738378831,0.375,0.31,1,"2","LACTB"
8.41025362463554e-06,0.350859615602906,0.628,0.528,0.172115840428166,"2","SAMD9"
0.00260933552688525,0.349091957238486,0.397,0.326,1,"2","DNASE2"
0,0.348503166556466,0.998,0.987,0,"2","ARPC3"
0.000471380195118609,0.348317264226058,0.455,0.376,1,"2","EED"
0.00840292622287131,0.34827119671779,0.391,0.324,1,"2","MRPL35"
0.00467610416503406,0.34790315659623,0.298,0.23,1,"2","RPS6KA4"
8.93044971306267e-10,0.3478940102221,0.85,0.75,1.82761653377828e-05,"2","PPM1G"
5.64682976156305e-07,0.347696730686024,0.658,0.538,0.0115562371070388,"2","RNF10"
0.00036352118038474,0.347691157648247,0.584,0.518,1,"2","CHMP5"
0.00700960157328634,0.347323492675,0.331,0.265,1,"2","PITPNM1"
5.49915453174066e-08,0.346695565809468,0.798,0.709,0.00112540197492073,"2","MVP"
0,0.346557123427266,1,0.996,0,"2","IL2RG"
0.000347255638800448,0.346493654636503,0.479,0.383,1,"2","MEI1"
0.00104380268971793,0.346369576942163,0.477,0.394,1,"2","ARL8A"
4.45569074647434e-05,0.346338215190442,0.411,0.305,0.911857111265973,"2","NAPG"
4.31722577465266e-07,0.346250734151155,0.757,0.648,0.00883520254782666,"2","MBD2"
0.00115927227175772,0.346202003179883,0.438,0.364,1,"2","DANCR"
0.00191038288664513,0.345963124066737,0.416,0.345,1,"2","PLCB2"
0.000374355306466789,0.345962706965357,0.486,0.399,1,"2","ZGPAT"
2.30123790418979e-05,0.345848631185264,0.751,0.653,0.470948337092441,"2","MED10"
0.00308239582027348,0.345782493824152,0.455,0.382,1,"2","TBC1D2B"
0.00301163878825395,0.345464900386436,0.337,0.265,1,"2","RFFL"
0.000255304427628777,0.34537205155278,0.566,0.48,1,"2","UBLCP1"
0.00316850901599963,0.345269135539868,0.477,0.398,1,"2","CCDC115"
0.000445466551702633,0.345195682408445,0.494,0.411,1,"2","EML3"
0.00844374952404858,0.345057406762439,0.479,0.418,1,"2","COX20"
3.24232909292288e-05,0.344792613447955,0.673,0.577,0.663542648866667,"2","RBM42"
0.000783199839718085,0.344407941973921,0.414,0.329,1,"2","CHORDC1"
1.90838411739946e-09,0.344087676786845,0.872,0.781,3.905508096258e-05,"2","RASGRP1"
4.56574364005036e-06,0.343894862443647,0.759,0.665,0.0934379435936306,"2","RBPJ"
1.13821166802808e-06,0.343129859528831,0.648,0.54,0.0232935017861946,"2","BECN1"
3.31115821541328e-05,0.343088013341779,0.65,0.526,0.677628528784328,"2","SLC16A3"
6.45571370716524e-06,0.343007572858829,0.578,0.456,0.132116181017137,"2","ATP1B3"
2.58504528893866e-09,0.342314491449157,0.914,0.841,5.29029518381297e-05,"2","SQSTM1"
5.95602012154473e-10,0.342116829789585,0.918,0.89,1.21889951787413e-05,"2","RBM3"
0.00889269694045502,0.341865388226958,0.272,0.217,1,"2","JMY"
0.00465131584736622,0.341862134132073,0.399,0.329,1,"2","TBC1D14"
0.000100061194893808,0.341350819052159,0.568,0.466,1,"2","PSTPIP1"
0.000150991566856717,0.341024721615577,0.502,0.4,1,"2","MAP2K3"
1.36971931841146e-06,0.340894309298331,0.732,0.635,0.0280313058512904,"2","CDC123"
0.000393694502690556,0.34073362058207,0.506,0.419,1,"2","TSG101"
0.000189026379370905,0.340637886857895,0.368,0.274,1,"2","TMEM189"
0.000105096379552139,0.340587072310548,0.514,0.421,1,"2","SNX10"
0.00861259366269262,0.340503548743178,0.251,0.194,1,"2","RELL2"
0.000185913028117657,0.34017172163188,0.506,0.433,1,"2","CASP3"
4.8280258943656e-05,0.340077111286659,0.572,0.467,0.988055499281919,"2","ADIPOR1"
1.3339767068743e-09,0.33988549528625,0.846,0.756,2.72998333061825e-05,"2","PARP1"
8.68948859089613e-07,0.339850584463932,0.755,0.662,0.0177830384012689,"2","RER1"
2.91778973160461e-06,0.339770274132561,0.733,0.655,0.0597125668572884,"2","RAB1B"
6.57941717860933e-05,0.339549907511526,0.623,0.518,1,"2","CYB5R3"
7.52266789860734e-05,0.33945106669139,0.551,0.453,1,"2","PEF1"
8.78226380507385e-11,0.339158179375247,0.858,0.799,1.79729028770836e-06,"2","JPT1"
4.35579707229738e-05,0.339019731372508,0.584,0.485,0.89141387084566,"2","MRPL13"
0.000114797088241581,0.338724484465857,0.496,0.397,1,"2","TARS"
0.00565956511058974,0.338604764560857,0.374,0.312,1,"2","SEC24D"
0.00560067465256076,0.338522113844877,0.298,0.234,1,"2","APOL1"
0.00194069982571521,0.338243004178212,0.337,0.264,1,"2","GSKIP"
0.00106002576099806,0.337936562769,0.383,0.305,1,"2","UHRF1BP1L"
0.000288281565469006,0.337916512279836,0.342,0.258,1,"2","ABR"
1.21154865433404e-05,0.337326746953138,0.654,0.564,0.247943432109461,"2","HERPUD1"
1.67804927753146e-06,0.337211947508287,0.728,0.627,0.0343412784646813,"2","SNX5"
0.000458990230781442,0.336982646125285,0.405,0.312,1,"2","GOLGA2"
9.83822801003953e-10,0.336811002941948,0.936,0.885,2.01339336225459e-05,"2","CCND3"
2.30068592776966e-06,0.336704025873983,0.667,0.572,0.0470835375118062,"2","DAXX"
1.00009731607287e-08,0.3364423280642,0.926,0.885,0.000204669915734312,"2","LPXN"
0.000825299109701305,0.336053555873898,0.479,0.392,1,"2","TRAPPC4"
2.07153805220628e-08,0.336035674565775,0.817,0.736,0.000423940262384015,"2","SDHC"
0.000192346952171629,0.335770204023747,0.492,0.399,1,"2","MRPL47"
1.76112889704871e-05,0.335730172030822,0.675,0.578,0.360415028781019,"2","TADA3"
3.91205934335837e-06,0.335717691444857,0.802,0.76,0.0800602944618289,"2","SPTAN1"
0.00662239657957997,0.3354644311379,0.352,0.288,1,"2","R3HCC1"
0.00056011263042488,0.335267695059632,0.51,0.418,1,"2","UBE2J2"
0.00406820378396122,0.335250509052859,0.393,0.322,1,"2","TNFRSF1A"
7.37743855299122e-05,0.335203520265188,0.628,0.53,1,"2","DNAJC1"
2.54258843535027e-07,0.33465735172564,0.607,0.501,0.00520340723294432,"2","ST8SIA4"
0.00307331797441646,0.334044590408467,0.337,0.269,1,"2","PLEKHM1"
9.87359027271317e-05,0.333559030690162,0.498,0.4,1,"2","POU2F2"
0.00170580096361594,0.333441203185009,0.479,0.402,1,"2","PCID2"
0.00188915392264066,0.333284786924529,0.531,0.445,1,"2","CDK11A"
1.61422609301631e-06,0.333178286904853,0.732,0.631,0.0330351369935789,"2","GPS2"
2.99464624253787e-06,0.332388803143113,0.562,0.452,0.0612854353535375,"2","PIM3"
0.00215340963165045,0.332206695968566,0.409,0.339,1,"2","SETD3"
5.57576207427246e-12,0.332053401227865,0.768,0.638,1.14107970849986e-07,"2","ATXN1"
0.0051645387457766,0.33163683637745,0.397,0.324,1,"2","ELP6"
7.98420597907246e-05,0.331107613389896,0.675,0.593,1,"2","COMT"
0.00551306330120238,0.330885092832279,0.562,0.514,1,"2","LGALS8"
8.90907521089446e-07,0.330744710327995,0.689,0.588,0.0182324224190955,"2","SAT1"
0.00125147214637988,0.330670642095658,0.603,0.538,1,"2","IFI6"
3.75153137666118e-07,0.330496262130647,0.831,0.772,0.0076775089623371,"2","LMAN2"
0.000147024269603113,0.330313043819791,0.514,0.419,1,"2","HARS"
0.000558865015528598,0.32962835692249,0.463,0.363,1,"2","PDE4DIP"
2.42459807786588e-09,0.329461633196684,0.85,0.777,4.96193996635252e-05,"2","MDFIC"
6.55865755965213e-05,0.329379112633829,0.646,0.571,1,"2","MAP4K1"
2.19866631008259e-05,0.329087715172809,0.698,0.591,0.449957060358401,"2","MRFAP1L1"
2.59148258408004e-11,0.329078074387372,0.949,0.888,5.3034691083198e-07,"2","CAST"
4.12410212646819e-07,0.328896228842787,0.739,0.623,0.00843997500181715,"2","SQOR"
6.95776769532586e-12,0.328874411251283,0.977,0.931,1.42390715884844e-07,"2","YPEL3"
0.00253289658893752,0.328784607414654,0.449,0.38,1,"2","P4HTM"
3.29972482937535e-06,0.328559444031047,0.735,0.639,0.0675288686331665,"2","SERINC1"
8.45390424331072e-12,0.327834163530492,0.926,0.895,1.73009150339354e-07,"2","TLN1"
2.04926407956219e-05,0.327705378400123,0.556,0.439,0.419381893882401,"2","LMF2"
0.00603806613242597,0.326600281907873,0.344,0.281,1,"2","SNX15"
2.22044604925031e-16,0.326245503661788,0.982,0.968,4.54414283979077e-12,"2","JUND"
3.45071884400028e-08,0.326006048354792,0.346,0.221,0.000706189611424657,"2","PTTG1"
0.000171337426937868,0.325542737503904,0.718,0.659,1,"2","RASGRP2"
0.00151309436855129,0.324870038977191,0.521,0.447,1,"2","RASSF1"
0.00229677320123889,0.324845489443528,0.804,0.795,1,"2","PDCD4"
0.00739514997999824,0.32455466742333,0.377,0.313,1,"2","INSIG1"
7.40429050092306e-05,0.324465404495014,0.621,0.534,1,"2","MPRIP"
4.34363656154346e-12,0.324009536169032,0.934,0.875,8.8892522231987e-08,"2","SEM1"
2.0927947050442e-05,0.32387296574412,0.654,0.562,0.428290436387295,"2","PSMD9"
4.80059952123746e-06,0.323786653645316,0.768,0.687,0.0982442692021246,"2","ELOC"
0.00649719845477081,0.323717050421995,0.387,0.324,1,"2","PAK1"
0.00128057704675077,0.32345504066672,0.475,0.399,1,"2","RAB29"
8.67488171962805e-06,0.322950973439769,0.708,0.61,0.177531454392188,"2","DENND1C"
0.000298855146103394,0.322543705895662,0.835,0.8,1,"2","CD5"
3.4088532399501e-05,0.322505952325644,0.677,0.583,0.697621815555789,"2","CLTC"
0.000247072044596397,0.321945726941079,0.605,0.518,1,"2","MAPKAPK3"
9.80754366608494e-10,0.321736894486394,0.901,0.83,2.00711381126428e-05,"2","UFC1"
0.000565205811020819,0.321734416996139,0.722,0.668,1,"2","HTATSF1"
5.45674914587124e-07,0.321647052938311,0.84,0.772,0.0111672371270255,"2","PHPT1"
0.00486488053098832,0.321643868897727,0.377,0.306,1,"2","ARMT1"
2.55199790188954e-08,0.321596436566853,0.883,0.818,0.000522266370621693,"2","PRELID1"
0.00494573106231488,0.321447155170591,0.43,0.364,1,"2","PCIF1"
1.33226762955019e-15,0.320930703646226,0.994,0.968,2.72648570387446e-11,"2","GABARAP"
0.00183923581174827,0.320554348511934,0.543,0.478,1,"2","EIF4EBP2"
4.24194839476755e-07,0.32048748564254,0.772,0.678,0.00868114738989179,"2","ARHGAP25"
2.19394724609856e-10,0.320304675083658,0.965,0.948,4.4899130391407e-06,"2","PCED1B-AS1"
1.71210823296519e-10,0.320085264793021,0.922,0.889,3.50382949876327e-06,"2","NDUFB9"
0.00166951777409308,0.31993560580539,0.473,0.401,1,"2","EPN1"
2.8020876952084e-08,0.319796604481047,0.796,0.701,0.000573447246824399,"2","UBE2L3"
0.000459670519331379,0.319549426865651,0.481,0.388,1,"2","DYNC1I2"
3.80344644668185e-11,0.319545291644165,0.967,0.94,7.7837531531344e-07,"2","ABRACL"
9.31224104228079e-06,0.319258616778444,0.743,0.673,0.190575012930276,"2","ACAA2"
0.000432036407042258,0.319039586238304,0.327,0.236,1,"2","IFT57"
1.99438594106205e-06,0.319009561999194,0.796,0.714,0.0408151082838348,"2","CMTM3"
2.81890377706873e-09,0.318996183382202,0.885,0.818,5.76888657977115e-05,"2","NDUFB10"
1.42169653827295e-09,0.31889064592731,0.875,0.8,2.9095019655756e-05,"2","VPS28"
1.18755904234824e-05,0.318717850679175,0.726,0.638,0.243033958016567,"2","ADRM1"
3.61119133485133e-07,0.318175804808927,0.78,0.679,0.00739030306677324,"2","MPG"
1.37371980457601e-09,0.317853116377254,0.866,0.759,2.81131758006481e-05,"2","SH3KBP1"
2.37587727269783e-13,0.317724888445947,0.944,0.908,4.86223283857612e-09,"2","TBC1D10C"
7.98489888478304e-05,0.317689933711641,0.537,0.432,1,"2","TMEM208"
2.59506443001101e-08,0.317671791355778,0.889,0.832,0.000531079935601753,"2","ROMO1"
0.00457980862225771,0.317238659009742,0.508,0.442,1,"2","PRCP"
0.00239019807877927,0.317194490100463,0.412,0.339,1,"2","STYXL1"
0.000189894011065395,0.316681091225994,0.599,0.506,1,"2","GOLPH3"
1.29277690796847e-06,0.316364522143282,0.747,0.67,0.0264566794215748,"2","COPZ1"
0.00061760783835263,0.316334236713699,0.498,0.413,1,"2","JKAMP"
9.85249673357558e-06,0.315759587887628,0.706,0.616,0.201631345652624,"2","SLC44A2"
6.17895345444985e-06,0.315079213729079,0.72,0.652,0.126452282445316,"2","PDCD10"
1.11022302462516e-15,0.314986195315614,0.998,0.989,2.27207141989538e-11,"2","RPS26"
0.00158538786919382,0.314944838678113,0.681,0.631,1,"2","HDLBP"
0.00327289966545075,0.314887861046486,0.379,0.31,1,"2","CRTC2"
0.00741728947102205,0.314844641920368,0.296,0.234,1,"2","RAPGEF2"
0.00955367946879293,0.314503264597721,0.44,0.39,1,"2","CD320"
0.000401791279250885,0.313689791466685,0.484,0.401,1,"2","TAF12"
1.35238184073572e-06,0.313667063094248,0.73,0.637,0.0276764943706564,"2","AKNA"
0.000679946948366705,0.313248847434936,0.514,0.424,1,"2","SNAPIN"
4.75175454539567e-14,0.313154586348095,0.998,0.99,9.72446567715224e-10,"2","TLE5"
0.000701185656267755,0.312979877140621,0.625,0.549,1,"2","FKBP3"
1.55603974150154e-10,0.312522587736236,0.946,0.901,3.18443533098289e-06,"2","FAM107B"
8.77437606572329e-07,0.312477927187129,0.784,0.701,0.0179567606185027,"2","NCKAP1L"
0.00476561282355448,0.311840885039816,0.459,0.394,1,"2","TSEN54"
0.0001053294306399,0.311396400221744,0.625,0.532,1,"2","TACC1"
8.219514622132e-05,0.311105546279516,0.51,0.398,1,"2","ATG12"
1.58888457946205e-11,0.311079227766077,0.946,0.902,3.25165229186908e-07,"2","PAK2"
2.19923943491906e-05,0.311073930806142,0.782,0.742,0.450074350356187,"2","TMED9"
2.04281036531029e-14,0.310795147367192,0.977,0.948,4.1806114126075e-10,"2","HCLS1"
0.00230551023107672,0.310134739578072,0.438,0.365,1,"2","RAB33A"
5.80784117611977e-05,0.310063862678586,0.695,0.641,1,"2","MRPS36"
0.00014834194203317,0.309899320215806,0.611,0.53,1,"2","PDLIM2"
0.00127645086769768,0.309694886930295,0.395,0.313,1,"2","KIAA0232"
7.79248854225756e-05,0.309041219393692,0.597,0.517,1,"2","MRPS12"
3.99898261815856e-06,0.308998040958526,0.767,0.689,0.081839179280615,"2","ETHE1"
0.00452557566108602,0.308692171315001,0.496,0.426,1,"2","CCDC90B"
0.000419940733208168,0.308687551152884,0.605,0.526,1,"2","VTI1B"
2.33695346474327e-06,0.308255298103342,0.765,0.686,0.0478257526559711,"2","ZMAT2"
0.000757310657672816,0.308046264613961,0.514,0.429,1,"2","RINL"
1.69552766493553e-06,0.307667339788567,0.8,0.721,0.0346989736629055,"2","SNRPB2"
0.00161911625588607,0.3074740530103,0.566,0.495,1,"2","CLPTM1L"
0.00203566535377475,0.307471925650703,0.467,0.391,1,"2","ARAF"
0.00738479087569566,0.307423976526357,0.442,0.372,1,"2","FAM160B1"
0.00709303077908241,0.307285945719872,0.566,0.501,1,"2","PSMC2"
0.000979133371576069,0.307155313846362,0.506,0.417,1,"2","TP53I13"
4.44089209850063e-16,0.306659302122945,0.988,0.98,9.08828567958153e-12,"2","CAPZB"
0.00555956578646888,0.30664468741511,0.459,0.388,1,"2","DLST"
3.99680288865056e-15,0.306294413332674,0.992,0.964,8.17945711162338e-11,"2","CD3G"
1.34134802132202e-06,0.306234298592013,0.809,0.738,0.0274506872563551,"2","M6PR"
0.00395128126281974,0.305906782189659,0.44,0.367,1,"2","TMEM14A"
0.00451252723242601,0.305743907614262,0.251,0.186,1,"2","YIPF1"
0.000445761255195576,0.305696132402553,0.537,0.448,1,"2","PLEKHJ1"
0.00611009654280203,0.305678573158118,0.333,0.27,1,"2","COMMD9"
1.39361233664204e-09,0.305489401952763,0.889,0.818,2.85202764693793e-05,"2","VCP"
0.000102795350872986,0.305387095217204,0.767,0.682,1,"2","PFKL"
0.00201506001140683,0.305312137454075,0.49,0.415,1,"2","C16orf54"
0.00194083720398552,0.305117953464209,0.502,0.427,1,"2","CTSZ"
0,0.305077353367157,0.996,0.988,0,"2","YWHAZ"
0.00638583095000644,0.304948063659317,0.276,0.211,1,"2","TOB2"
1.55431223447522e-15,0.304059610674305,0.979,0.96,3.18089998785354e-11,"2","GNAI2"
0.000770627252913769,0.304024257922935,0.591,0.508,1,"2","PSMC1"
0.00141662951041899,0.3036161480568,0.521,0.445,1,"2","MAP4K2"
6.62211840918303e-10,0.303606933511984,0.947,0.904,1.35521653243931e-05,"2","NDUFC2"
3.92748775754903e-05,0.303471493755348,0.72,0.631,0.803760369582409,"2","DNM2"
0.00199262967775904,0.303287231657963,0.405,0.336,1,"2","BTBD10"
0.0052443408951528,0.303074506986377,0.337,0.27,1,"2","GET4"
0.00408667572711652,0.302851872021516,0.28,0.216,1,"2","NABP1"
2.45408697281402e-05,0.302836047732966,0.706,0.622,0.502228898986389,"2","MRPL33"
0.00696458484947904,0.301679023622968,0.545,0.498,1,"2","MANF"
0.00011951264805754,0.301195148720716,0.488,0.389,1,"2","WDR26"
2.06194658236569e-07,0.30118622919271,0.862,0.817,0.00421977368081139,"2","RHOG"
0.000825065453169849,0.300969538795221,0.405,0.32,1,"2","ARNT"
0.00431729199020547,0.300891401946908,0.34,0.269,1,"2","TMEM167B"
8.6252855315827e-06,0.300891185377022,0.654,0.549,0.17651646840384,"2","INPP5D"
0.00207173524023485,0.30048503478918,0.541,0.462,1,"2","TRIM69"
0,0.300434355864956,0.998,0.995,0,"2","ARHGDIB"
0.00331297723834512,0.300287416316734,0.401,0.332,1,"2","ZCCHC9"
0.00411832999444961,0.300096883369767,0.354,0.281,1,"2","IFNGR1"
0.0067260916715457,0.299756188708655,0.455,0.398,1,"2","HECTD4"
0.00536926472223698,0.299634918027987,0.422,0.349,1,"2","NIPA2"
2.11203775135616e-07,0.299422689394739,0.823,0.754,0.00432228525815037,"2","COPS9"
0.00117836234500324,0.299351660053042,0.564,0.495,1,"2","EMC10"
7.96020364957073e-07,0.299205994045479,0.825,0.771,0.0162905567688465,"2","PTBP3"
0.000288125449750876,0.299043221957299,0.687,0.605,1,"2","CLINT1"
1.2683614292186e-07,0.2981794450707,0.829,0.735,0.00259570166489587,"2","AP2S1"
0.000618317926855516,0.297480804180471,0.432,0.332,1,"2","SLA2"
1.57209800732971e-11,0.297420700575755,0.932,0.882,3.21729857200026e-07,"2","NEDD8"
0.000115906317709191,0.297169263994885,0.66,0.575,1,"2","EIF4E2"
0.00480297642219019,0.29712368602245,0.44,0.373,1,"2","CHST12"
0.00748049277395402,0.295807544830086,0.558,0.511,1,"2","CYB561D2"
0.000334370226302116,0.29557540522146,0.564,0.455,1,"2","PIN4"
5.55776652255702e-07,0.295503807532296,0.815,0.719,0.0113739691884129,"2","UBE2N"
0.00179481149450744,0.294864948519445,0.461,0.378,1,"2","NEPRO"
0.0065961643457193,0.294701571585781,0.342,0.28,1,"2","SLC35E1"
1.20773473020197e-05,0.294441780827845,0.745,0.666,0.247162912535833,"2","PSMD7"
0.000219579587608321,0.294175305456875,0.675,0.598,1,"2","PSMD6"
0.000322504469816742,0.294145778234527,0.696,0.651,1,"2","MRPS15"
0.00125404998834533,0.293884217061917,0.471,0.399,1,"2","TBK1"
0.00885875011463799,0.293346142084071,0.432,0.371,1,"2","GK"
0.00124622256767082,0.293289074569137,0.494,0.409,1,"2","ATP6V1E1"
2.24695191120006e-07,0.293115263356556,0.92,0.87,0.00459838708627092,"2","CD81"
0.000189051692429887,0.292871337318507,0.574,0.456,1,"2","SHOC2"
1.38382683090299e-09,0.292763316648783,0.936,0.892,2.83200160944297e-05,"2","LRRFIP1"
7.96851791078357e-05,0.292375960948335,0.73,0.655,1,"2","COMMD7"
0.000360535180088384,0.291884275218808,0.675,0.616,1,"2","ZNRD1"
0.00121655913530572,0.29178719551237,0.708,0.639,1,"2","TNFSF10"
0.00541529029885846,0.29148126824104,0.383,0.315,1,"2","PMM1"
0.000462615807010458,0.291056241142467,0.554,0.464,1,"2","PSMB5"
0.000667901011253358,0.290892141366102,0.609,0.534,1,"2","GMIP"
0.00180898676580954,0.290729282538708,0.582,0.5,1,"2","COPG1"
1.70004854505024e-06,0.290336400519146,0.848,0.808,0.0347914934744531,"2","TRABD"
0.00011686703919267,0.2895623760433,0.553,0.46,1,"2","RAB27A"
6.9947652165947e-06,0.289444417539504,0.677,0.571,0.143147870157611,"2","ZNFX1"
9.83213442040665e-06,0.289178597895765,0.547,0.419,0.201214630913622,"2","PCNX2"
3.14874792906039e-11,0.288725388793031,0.947,0.914,6.44391263682209e-07,"2","ANKRD12"
0.000355837293466665,0.288558716575307,0.706,0.625,1,"2","COX16"
0.00135689252380389,0.288274801442792,0.527,0.45,1,"2","STK25"
0.000607467452033994,0.287777267444178,0.506,0.404,1,"2","ALDH9A1"
3.65948151788142e-05,0.287752020639174,0.79,0.725,0.748912892634434,"2","NUCB1"
3.49107409647331e-11,0.287699743403737,0.973,0.934,7.14448313843263e-07,"2","KRTCAP2"
0.000698230711422276,0.287296092559742,0.728,0.642,1,"2","RSRC2"
0.000750337418234048,0.287110119759107,0.673,0.622,1,"2","RALBP1"
0.0056975340810359,0.286860839836261,0.395,0.333,1,"2","CRYBG1"
0.000180733688943224,0.28685391052102,0.693,0.604,1,"2","PDE4D"
4.74377781500834e-09,0.286834233012745,0.916,0.848,9.70814129841457e-05,"2","MAP2K2"
8.68980991515222e-05,0.28681400946152,0.73,0.659,1,"2","ATRAID"
0.00468959219628839,0.286714276989565,0.537,0.479,1,"2","FAM32A"
2.08721928629529e-14,0.286237063267552,0.988,0.989,4.27149426940332e-10,"2","LCP1"
0.000131554388058008,0.286087688229449,0.613,0.546,1,"2","ARF4"
8.97584896408787e-07,0.286034945874154,0.848,0.758,0.0183690749050058,"2","GNB1"
0.000125056843633287,0.285830130374589,0.683,0.605,1,"2","BNIP2"
1.09962393635143e-06,0.285539619564734,0.805,0.691,0.0225038038574321,"2","TNIP1"
0.00847619233407904,0.28527945327509,0.333,0.269,1,"2","DPP3"
1.69869086508179e-06,0.285173969741512,0.868,0.841,0.0347637085538988,"2","CIB1"
0.00815321897512766,0.284999579443302,0.599,0.525,1,"2","EVI2A"
0,0.284905186733845,1,1,0,"2","MT-CO2"
2.16564123050045e-05,0.284763552280932,0.691,0.592,0.443198477821917,"2","FIBP"
5.07746352562677e-06,0.284525663155505,0.794,0.756,0.103910291051952,"2","EVI2B"
5.76627634529814e-12,0.284362513746351,0.986,0.95,1.18006845406526e-07,"2","TRIR"
0.000793929447844954,0.284351184577525,0.576,0.495,1,"2","ATF4"
0.00494552000383286,0.284237445377842,0.407,0.341,1,"2","SNRNP35"
0.0006677804143842,0.284029611958093,0.753,0.701,1,"2","BRI3"
0.000872483940809632,0.283956224093317,0.56,0.493,1,"2","TSR3"
2.87961554705785e-05,0.283920119878685,0.747,0.681,0.589313321705388,"2","SSNA1"
0.00127270293021153,0.283358777969072,0.687,0.628,1,"2","ISCU"
0.00168622319969547,0.283353598121563,0.638,0.567,1,"2","CTDSP1"
0.000107642965262444,0.283247302927914,0.582,0.472,1,"2","RALGDS"
1.40416886007522e-06,0.282960370820207,0.796,0.723,0.0287363157214393,"2","HM13"
0.000313319936306566,0.28245785356821,0.615,0.53,1,"2","PLIN2"
0.000248284929676545,0.282351799018268,0.658,0.572,1,"2","FAM50A"
0.0013189047915112,0.28221422900808,0.518,0.427,1,"2","TSEN15"
0.00115768507258185,0.281638073779902,0.572,0.487,1,"2","CCDC167"
6.4966482051565e-05,0.281563300181358,0.737,0.663,1,"2","VPS4B"
0.0019161042646143,0.28145166113777,0.482,0.395,1,"2","PRKAG1"
3.45066780540471e-05,0.280733951891133,0.626,0.518,0.706179166376073,"2","TUBA1A"
4.38816064596281e-07,0.280193730013801,0.862,0.783,0.0089803707619629,"2","AKAP13"
0.00395128637867548,0.279002502346506,0.486,0.413,1,"2","CCNK"
0.00190395919180708,0.278784889025889,0.578,0.499,1,"2","TMEM30A"
6.81165352567348e-05,0.278715456566819,0.64,0.551,1,"2","ANKRD13D"
3.4648227916767e-05,0.278691460291084,0.763,0.707,0.709075984316637,"2","DCTN3"
2.11525033058102e-05,0.278690105339085,0.788,0.703,0.432885980153406,"2","SERPINB1"
6.97495394774705e-11,0.278428895482771,0.971,0.943,1.42742432540643e-06,"2","ACTR2"
0.00796257311429094,0.278423862259107,0.391,0.322,1,"2","AHR"
2.51197625145139e-07,0.27833521526089,0.802,0.703,0.00514075939859526,"2","HMOX2"
0.00316207745447228,0.277667853261115,0.263,0.199,1,"2","SGO1-AS1"
0.00131483620245332,0.277554400059192,0.646,0.585,1,"2","MMP24OS"
0.00597196382016851,0.277529169339477,0.436,0.357,1,"2","RUVBL1"
0.00718616653273108,0.27742735662783,0.543,0.492,1,"2","SMIM7"
0.000518044573898369,0.277117420270176,0.43,0.341,1,"2","STX12"
0.0010391646112542,0.276980184318476,0.463,0.367,1,"2","GUSB"
1.18280458760722e-08,0.276533469795655,0.953,0.912,0.000242060958853818,"2","SUN2"
5.35763255009591e-05,0.276260504437759,0.776,0.723,1,"2","ORAI1"
0.00165298198697883,0.27605909685046,0.5,0.427,1,"2","ARF3"
0.0032369086408861,0.275869221761044,0.309,0.24,1,"2","ABHD2"
0.000243860665128715,0.275855314450354,0.632,0.54,1,"2","LASP1"
0.00749809005542956,0.275711058519911,0.518,0.465,1,"2","ARID5A"
8.17621246107514e-06,0.27564084566605,0.741,0.653,0.167326188015903,"2","VMP1"
4.38826142892257e-05,0.275196969920296,0.722,0.652,0.898057701429004,"2","ABI1"
1.11022302462516e-15,0.274796008150826,1,0.985,2.27207141989538e-11,"2","SRP14"
0.00238410096276143,0.274736852325167,0.438,0.363,1,"2","TNIP2"
1.16238087821685e-06,0.274628411543356,0.842,0.779,0.0237881246727079,"2","LAMTOR5"
0.00115329624363802,0.274595604087325,0.661,0.612,1,"2","PTPN6"
0.00243562038176948,0.27447292096535,0.465,0.378,1,"2","ZNF511"
4.69182264595247e-07,0.274400086373551,0.858,0.792,0.00960181504494173,"2","ACAP2"
4.28663105438432e-05,0.274141145161781,0.72,0.639,0.87725904527975,"2","NARF"
2.39827671832948e-06,0.274074363457459,0.829,0.752,0.0490807330406129,"2","PSMB6"
0.00251000331522166,0.273554672390474,0.634,0.58,1,"2","MRPS18C"
2.14202217518888e-07,0.273420177308257,0.874,0.845,0.00438364838152405,"2","DDOST"
0.000397573586082389,0.273078391032912,0.677,0.584,1,"2","HPS1"
5.39297242418968e-07,0.272889680946697,0.864,0.791,0.0110367180661042,"2","SEC11A"
0.000610198779838811,0.272544719409595,0.467,0.383,1,"2","ACSL4"
2.74239573272439e-08,0.272511899321343,0.947,0.898,0.000561231286702046,"2","EID1"
2.22044604925031e-16,0.27199371959386,0.996,0.985,4.54414283979077e-12,"2","GMFG"
9.51378649518553e-05,0.271519093555679,0.578,0.468,1,"2","GARS"
0.00081573110903177,0.270339229335144,0.607,0.53,1,"2","TMEM204"
0.00080251112582852,0.269851977343891,0.749,0.701,1,"2","GTF2A2"
0.0010559036087805,0.269847100872457,0.603,0.506,1,"2","SLK"
1.7626760578926e-05,0.269769927980952,0.844,0.77,0.36073165524772,"2","KRT10"
5.24094452887258e-05,0.269636299912571,0.679,0.602,1,"2","PPP1R35"
0.00836279407954499,0.269339206556281,0.477,0.413,1,"2","GRIPAP1"
2.17026396853726e-12,0.269236833264726,1,0.991,4.44144521161149e-08,"2","LSP1"
1.15483063483079e-05,0.268956875670176,0.846,0.791,0.236336089418122,"2","BLOC1S1"
0.00171520826539906,0.268779097423375,0.568,0.49,1,"2","YIF1B"
1.3559153799747e-11,0.268663957328413,0.99,0.968,2.77488082511823e-07,"2","UQCR11"
0.00117714896727716,0.268558604707239,0.654,0.6,1,"2","LAMP1"
0,0.267925898549576,0.998,0.997,0,"2","H3F3B"
0.000285972308256666,0.267881352198259,0.551,0.46,1,"2","TUBA1C"
0.00415073857059411,0.267838065099278,0.438,0.359,1,"2","FBXO3"
0.00131587445982406,0.267836586181603,0.621,0.553,1,"2","FLII"
1.45439216225896e-13,0.267778930435525,0.99,0.968,2.97641356006295e-09,"2","UQCRB"
0.00530311731089439,0.267640437241256,0.381,0.312,1,"2","SLC66A2"
0.0012097651802967,0.267262500925008,0.667,0.587,1,"2","GLUD1"
0.00561457645726304,0.266855360903687,0.465,0.392,1,"2","CDC34"
0.00139733402567055,0.266764160534227,0.409,0.321,1,"2","SLA"
2.21844961889595e-06,0.26648691051342,0.858,0.817,0.0454005714507055,"2","RAB7A"
1.35351257535277e-07,0.266411209465396,0.955,0.924,0.00276996348545944,"2","CSK"
0.000596509877713647,0.266295125517746,0.595,0.516,1,"2","CSGALNACT2"
1.31006316905768e-13,0.266202562751118,1,0.992,2.68104427547655e-09,"2","LIMD2"
0.00876930443082546,0.266169484375411,0.335,0.268,1,"2","TWISTNB"
0.000204044981681362,0.26600979428208,0.667,0.596,1,"2","CASP4"
0.00176842086883622,0.265977757046572,0.446,0.362,1,"2","ADCY7"
0.00150011202905254,0.265598700802952,0.589,0.52,1,"2","BLOC1S2"
0.00696985537579975,0.265436205087881,0.57,0.518,1,"2","ERLEC1"
0.000159354775771448,0.265345318574482,0.683,0.595,1,"2","TIPARP"
0.00809246098500416,0.265289439426695,0.296,0.235,1,"2","WDR81"
0.00425625874312319,0.265053362785597,0.447,0.37,1,"2","RMDN1"
0.00277990648866555,0.264942730622022,0.658,0.588,1,"2","POLR2F"
4.71778995736472e-06,0.264606095069006,0.712,0.588,0.0965495714774689,"2","RSU1"
0.000630131370127796,0.264454252305598,0.774,0.728,1,"2","PIM2"
0.000118688646008946,0.264393401274466,0.591,0.493,1,"2","RAB4B"
0.00058320994134764,0.264390241473427,0.72,0.651,1,"2","SRP19"
0.000158278501761977,0.264221203444952,0.724,0.651,1,"2","DECR1"
2.96788258413727e-08,0.264192377318808,0.944,0.932,0.000607377170843693,"2","ARF1"
5.75896774712703e-08,0.264177123253125,1,1,0.00117857274944955,"2","CD4"
3.87245790989255e-13,0.264096326246705,1,0.991,7.9249851125951e-09,"2","ITM2B"
0.000722341082705968,0.263711540422621,0.576,0.493,1,"2","TINF2"
2.34280913558038e-07,0.263522939037343,0.907,0.89,0.00479455889596525,"2","TAF10"
0.000162945596011266,0.263121879290049,0.733,0.663,1,"2","RAB5C"
7.81819273176776e-05,0.262991288670667,0.78,0.714,1,"2","NDUFS8"
8.2982392402009e-07,0.262374507397061,0.848,0.773,0.0169823466050711,"2","ATP6V1F"
6.9214730726852e-06,0.26212292357008,0.805,0.731,0.141647946432503,"2","C1orf43"
0.00533159578533504,0.262088507905821,0.615,0.557,1,"2","RGS14"
5.67633447168259e-05,0.262059413880393,0.607,0.512,1,"2","SIPA1L1"
7.41097401197877e-05,0.261970647852533,0.821,0.769,1,"2","PSMD4"
0.00124011630838772,0.261872337374444,0.358,0.277,1,"2","AHRR"
0.00113545395231673,0.261853929777304,0.636,0.562,1,"2","WBP2"
0.000440762289807495,0.261838987017791,0.586,0.5,1,"2","ABT1"
1.01639555962763e-05,0.261711625347845,0.768,0.69,0.208005351277794,"2","GOLGB1"
0.000197598993907366,0.261667942645406,0.578,0.489,1,"2","DGLUCY"
1.35464151007625e-09,0.261173507990245,0.969,0.945,2.77227385037104e-05,"2","C9orf16"
5.68169801029583e-06,0.261162974479111,0.776,0.699,0.116275949780704,"2","ELOVL5"
0.00124487641634929,0.261125021620647,0.539,0.468,1,"2","MYCBP"
0.0042154808531103,0.260661298831067,0.545,0.487,1,"2","NDUFAF8"
0.00130566075922545,0.260290465047469,0.539,0.458,1,"2","FAM118A"
3.52340024107889e-05,0.259958967818838,0.827,0.78,0.721063859336795,"2","XRN2"
2.46606771003854e-07,0.259531392649739,0.922,0.875,0.00504680756859388,"2","ZAP70"
0.000389197713557721,0.259261120862039,0.634,0.539,1,"2","IBTK"
0.00113535460839564,0.259137356378921,0.554,0.48,1,"2","TIMM17B"
2.7646601954423e-06,0.25912362754593,0.911,0.867,0.0565787708997267,"2","TAX1BP1"
0.000125930209192715,0.258921933999301,0.529,0.427,1,"2","NCOA2"
0.00632784785096208,0.258855977579794,0.389,0.334,1,"2","AKT3"
0.00995914637525774,0.258784236621465,0.498,0.429,1,"2","FAF2"
0.00608569303433715,0.258506565187829,0.5,0.439,1,"2","VMA21"
1.49935957338698e-06,0.258484155952552,0.891,0.82,0.0306843936693646,"2","SSR3"
7.04278556584725e-07,0.258343429956101,0.813,0.744,0.0144130606605064,"2","ARID5B"
0.00231367708670938,0.257183993953363,0.387,0.318,1,"2","CMIP"
6.66133814775094e-16,0.256809122085717,1,0.991,1.36324285193723e-11,"2","FTH1"
4.57809348208826e-08,0.256358947730659,0.963,0.94,0.000936906831109363,"2","ATP6V1G1"
1.01499356919277e-06,0.256267482928509,0.889,0.842,0.02077184339353,"2","RAC1"
3.5527136788005e-14,0.256067690352373,0.996,0.988,7.27062854366523e-10,"2","CD3D"
0.0020662376065419,0.255991689057194,0.525,0.452,1,"2","PSMD12"
0.00156757311867706,0.255937023634125,0.288,0.217,1,"2","FNDC3B"
0.000160392011114396,0.255879228562118,0.739,0.649,1,"2","PHF11"
0.000280819577566316,0.255794325544392,0.609,0.512,1,"2","PSMC3"
0.0089413925290025,0.255570533418258,0.428,0.365,1,"2","SPTLC1"
6.31240898218977e-06,0.254707634737231,0.823,0.749,0.129183449820514,"2","PAG1"
0.00291171409777791,0.254673996244707,0.656,0.613,1,"2","PTPN4"
1.58983937126322e-13,0.253629248016543,1,0.992,3.25360627329019e-09,"2","FTL"
4.7407662024046e-05,0.253569741455392,0.772,0.727,0.970197803322101,"2","RAB11B"
0.00129932685504297,0.253447644449045,0.481,0.392,1,"2","GTF2E2"
0.00370096320233482,0.252994045047274,0.333,0.26,1,"2","ABCD4"
0.00104258606985907,0.252678179895932,0.7,0.624,1,"2","VPS29"
1.14275797500341e-05,0.252307787405978,0.792,0.732,0.233865419584447,"2","ANXA7"
0.000172456397891763,0.252291403121917,0.753,0.69,1,"2","TAF7"
0.00192556697285839,0.252069743905001,0.615,0.548,1,"2","EMC3"
0.000974616699419562,0.252065906037763,0.652,0.571,1,"2","HSBP1"
2.50296321984145e-05,0.252052751730449,0.965,0.941,0.512231422940552,"2","LY6E"
8.77340260010406e-05,0.251863290434456,0.93,0.932,1,"2","ITGB2"
0.00122874690825236,0.251509941351884,0.568,0.491,1,"2","SLAIN2"
1.5129179186335e-05,0.251396201611519,0.677,0.552,0.309618652048347,"2","CARHSP1"
1.7693184235501e-06,0.251302327804159,0.94,0.908,0.0362091015379529,"2","ANXA6"
0.00115730509228906,0.250761833172604,0.833,0.841,1,"2","KLF2"
0.00459099172477639,0.250191067211657,0.525,0.439,1,"2","STARD3"
0,7.62150284691527,0.696,0.007,0,"3","FAM111B"
0,7.15353513446147,0.608,0.014,0,"3","UBE2C"
0,7.10780188926464,0.372,0.003,0,"3","E2F8"
0,6.95692230470783,0.466,0.004,0,"3","TRIP13"
0,6.77766429944711,0.649,0.011,0,"3","MYBL2"
0,6.63904962163431,0.554,0.01,0,"3","GTSE1"
0,6.61939333726587,0.831,0.06,0,"3","RRM2"
0,6.59462309147958,0.264,0.002,0,"3","NEK2"
0,6.55144791649911,0.642,0.013,0,"3","PKMYT1"
0,6.54642666415556,0.75,0.012,0,"3","DTL"
0,6.51308450074844,0.432,0.004,0,"3","KIF18B"
0,6.50865924694046,0.453,0.011,0,"3","CDC20"
0,6.47490121431297,0.554,0.008,0,"3","SPC25"
0,6.43457867021014,0.534,0.01,0,"3","CDCA5"
0,6.40045491844217,0.486,0.009,0,"3","CKAP2L"
0,6.39626746151934,0.385,0.002,0,"3","PBK"
0,6.32555017622393,0.365,0.009,0,"3","PLK1"
0,6.30192360161005,0.628,0.011,0,"3","CDC45"
0,6.23495379750451,0.419,0.005,0,"3","EXO1"
0,6.22625754446898,0.601,0.021,0,"3","CDK1"
0,6.22171396437443,0.5,0.012,0,"3","DLGAP5"
0,6.21978848705857,0.554,0.028,0,"3","HIST1H3G"
0,6.16219261689819,0.311,0.004,0,"3","TEDC2"
0,6.09257295171861,0.811,0.025,0,"3","ASF1B"
0,6.07427147185729,0.5,0.009,0,"3","KIF4A"
0,5.96086941482902,0.507,0.016,0,"3","ESCO2"
0,5.91464604840873,0.98,0.103,0,"3","TYMS"
0,5.90547283146907,0.48,0.008,0,"3","RAD54L"
0,5.90242528967441,0.541,0.018,0,"3","BIRC5"
0,5.8970454001023,0.264,0.002,0,"3","KIF20A"
0,5.86594334234038,0.608,0.023,0,"3","CCNA2"
0,5.8377021715112,0.486,0.01,0,"3","HJURP"
0,5.83195991749687,0.75,0.016,0,"3","CDC6"
0,5.79811479158669,0.777,0.026,0,"3","UHRF1"
0,5.79750425657764,0.507,0.011,0,"3","DSCC1"
0,5.7586228469435,0.588,0.012,0,"3","MCM10"
0,5.75704704411176,0.851,0.037,0,"3","ZWINT"
0,5.75103290448523,0.419,0.008,0,"3","SPC24"
0,5.7276671433876,0.284,0.004,0,"3","CDC25C"
0,5.7258647351617,0.588,0.017,0,"3","RAD51AP1"
0,5.7249156319595,0.514,0.014,0,"3","KIF2C"
0,5.70671632836363,0.642,0.022,0,"3","KIFC1"
0,5.70467653169946,0.419,0.011,0,"3","CDCA3"
0,5.62222100212668,0.595,0.017,0,"3","MND1"
0,5.61784728724074,0.453,0.01,0,"3","SKA3"
0,5.59055758210703,0.5,0.011,0,"3","DEPDC1B"
0,5.57807256911919,0.838,0.035,0,"3","CLSPN"
0,5.56842796047512,0.574,0.021,0,"3","CCNB2"
0,5.55818916403967,0.412,0.01,0,"3","TROAP"
0,5.54664678514529,0.682,0.025,0,"3","CEP55"
0,5.54550122322899,0.919,0.049,0,"3","CDT1"
0,5.54167506375123,0.649,0.021,0,"3","CDCA8"
0,5.51547863510256,0.581,0.017,0,"3","CDCA2"
0,5.51162865060395,0.568,0.024,0,"3","HMMR"
0,5.51083567046596,0.264,0.005,0,"3","NRGN"
0,5.5095297156086,0.399,0.006,0,"3","SKA1"
0,5.50012823956815,0.77,0.047,0,"3","TK1"
0,5.49730297094655,0.358,0.006,0,"3","RECQL4"
0,5.40508659707155,0.581,0.067,0,"3","HIST1H3B"
0,5.37401392342047,0.459,0.01,0,"3","TTK"
0,5.37087647144369,0.709,0.037,0,"3","ASPM"
0,5.36837307261766,0.77,0.043,0,"3","GINS2"
0,5.36094919873584,0.919,0.087,0,"3","PCLAF"
0,5.34593247592311,0.507,0.013,0,"3","POLQ"
0,5.28514874796681,0.669,0.066,0,"3","HIST1H2AH"
0,5.21152816790633,0.426,0.015,0,"3","ANLN"
0,5.18517447422873,0.588,0.019,0,"3","ORC6"
0,5.17661239072328,0.568,0.019,0,"3","CCNE2"
0,5.1719208037598,0.581,0.025,0,"3","DIAPH3"
0,5.14936135116326,0.581,0.024,0,"3","KIF15"
0,5.14920909894342,0.453,0.013,0,"3","CIT"
0,5.13353556438894,0.588,0.015,0,"3","SHCBP1"
0,5.09293565259616,0.547,0.019,0,"3","GGH"
0,5.07690940326994,0.432,0.019,0,"3","KIF14"
0,5.06079950767081,0.25,0.005,0,"3","HASPIN"
0,5.02477316789921,0.635,0.033,0,"3","NCAPG"
0,5.01472022191663,0.385,0.008,0,"3","E2F7"
0,5.00013096499732,0.899,0.107,0,"3","MKI67"
0,4.96956679413305,0.277,0.008,0,"3","ESPL1"
0,4.94259467865057,0.257,0.005,0,"3","CENPI"
0,4.93772930789581,0.453,0.017,0,"3","KIF23"
0,4.91823043599684,0.547,0.023,0,"3","NCAPH"
0,4.9182051913203,0.466,0.017,0,"3","FOXM1"
0,4.91414225809315,0.743,0.08,0,"3","TOP2A"
0,4.84412340004417,0.304,0.009,0,"3","CDC25A"
0,4.83868743841073,0.993,0.281,0,"3","STMN1"
0,4.81296950195511,0.77,0.048,0,"3","WDR34"
0,4.75797317074548,0.804,0.057,0,"3","CENPU"
0,4.75059428053516,0.608,0.041,0,"3","KNL1"
0,4.74999569300044,0.365,0.018,0,"3","CENPA"
0,4.7488952416821,0.365,0.011,0,"3","GINS1"
0,4.73080548619101,0.561,0.025,0,"3","MELK"
0,4.68302558800774,0.615,0.039,0,"3","CDKN3"
0,4.65003555466991,0.493,0.039,0,"3","CCNB1"
0,4.64997190382638,0.507,0.047,0,"3","HIST1H3C"
0,4.64551592953076,0.257,0.008,0,"3","PSMC3IP"
0,4.61304546780107,0.77,0.249,0,"3","HIST1H1B"
0,4.61002778450815,0.669,0.036,0,"3","RAD51"
0,4.60722265736173,0.432,0.018,0,"3","POC1A"
0,4.59434842760143,0.851,0.1,0,"3","FEN1"
0,4.575133718749,0.804,0.06,0,"3","MCM2"
0,4.56276143396869,0.48,0.019,0,"3","SPAG5"
0,4.54631870714577,0.446,0.035,0,"3","AURKB"
0,4.51334952810373,0.628,0.032,0,"3","CTNNAL1"
0,4.45115934833327,0.5,0.022,0,"3","STIL"
0,4.43678874357747,0.689,0.046,0,"3","CENPW"
0,4.41982744987373,0.284,0.011,0,"3","WDR62"
0,4.39438957174402,0.811,0.125,0,"3","NUSAP1"
0,4.37932217879187,0.358,0.016,0,"3","ORC1"
0,4.35418113777206,0.642,0.039,0,"3","ZNF367"
0,4.32856088827395,0.257,0.01,0,"3","ARHGEF39"
0,4.32465087256428,0.75,0.051,0,"3","TCF19"
0,4.28916141986778,0.473,0.05,0,"3","HIST1H3F"
0,4.28860175131609,0.716,0.051,0,"3","TIMELESS"
0,4.25836423185001,0.284,0.009,0,"3","XRCC2"
0,4.24123688563096,0.689,0.049,0,"3","BRCA2"
0,4.23931658092723,0.986,0.666,0,"3","TUBA1B"
0,4.22623793393009,0.547,0.035,0,"3","BUB1B"
0,4.19879677759861,0.527,0.039,0,"3","NEIL3"
0,4.19426251269123,0.473,0.027,0,"3","ZGRF1"
0,4.18324825739817,0.27,0.024,0,"3","HIST1H2AB"
0,4.17538963041417,0.838,0.099,0,"3","MCM4"
0,4.13807275599314,0.297,0.015,0,"3","GINS3"
0,4.13449469854201,0.723,0.045,0,"3","SGO1"
0,4.11799684502824,0.385,0.028,0,"3","HIST1H4I"
0,4.08278984844805,0.736,0.066,0,"3","BRCA1"
0,4.07613408053924,0.459,0.024,0,"3","MTFR2"
0,4.05722928002592,0.939,0.197,0,"3","MCM7"
0,4.04120195260569,0.804,0.114,0,"3","TPX2"
0,4.01441811413929,0.412,0.026,0,"3","GINS4"
0,3.99166566986627,0.338,0.027,0,"3","HIST1H2AJ"
0,3.98310455450993,0.486,0.027,0,"3","DNA2"
0,3.98253797125145,0.784,0.132,0,"3","CENPF"
0,3.97549317279385,0.331,0.021,0,"3","ANKRD9"
0,3.95202099110289,0.338,0.026,0,"3","MXD3"
0,3.94510648621221,0.669,0.056,0,"3","BRIP1"
0,3.93310146714082,0.709,0.067,0,"3","CENPP"
0,3.92518264063235,0.642,0.062,0,"3","KIF11"
0,3.90775395765557,0.811,0.071,0,"3","NCAPG2"
0,3.86312752924428,0.716,0.08,0,"3","E2F1"
0,3.85461563163944,0.459,0.029,0,"3","PLK4"
0,3.85222341559962,0.378,0.026,0,"3","PRR11"
0,3.85199152453303,0.723,0.07,0,"3","CHEK1"
0,3.85028762783511,0.885,0.164,0,"3","MCM5"
0,3.84993635058217,0.642,0.066,0,"3","CENPN"
0,3.7944026934921,0.466,0.029,0,"3","POLE2"
0,3.79397638297578,0.439,0.026,0,"3","CHTF18"
0,3.78310505273846,0.574,0.056,0,"3","NUF2"
0,3.77724245370367,0.561,0.075,0,"3","FBXO5"
0,3.77164050993655,0.264,0.013,0,"3","DDIAS"
0,3.74566791082131,0.351,0.025,0,"3","DERL3"
0,3.73372164122053,0.662,0.063,0,"3","CENPH"
0,3.72879201301712,0.926,0.292,0,"3","PCNA"
0,3.72698890734227,0.426,0.032,0,"3","IMPA2"
0,3.67351511903647,0.574,0.066,0,"3","BUB1"
0,3.66531872197698,0.635,0.084,0,"3","CENPE"
0,3.65204878961769,0.885,0.146,0,"3","CENPM"
0,3.613568535138,0.291,0.016,0,"3","ASRGL1"
0,3.59472122788597,0.345,0.034,0,"3","AURKA"
0,3.58128088418152,0.791,0.119,0,"3","LIG1"
0,3.5752324691722,0.764,0.103,0,"3","ATAD5"
0,3.53505222859714,0.635,0.068,0,"3","FANCG"
0,3.50640307256782,0.405,0.042,0,"3","PHGDH"
0,3.50569934964078,0.541,0.051,0,"3","CENPS"
0,3.49401516601942,0.514,0.04,0,"3","ECT2"
0,3.46465192244408,0.797,0.213,0,"3","H2AFX"
0,3.44395575990145,0.709,0.093,0,"3","RNASEH2A"
0,3.44013618064191,0.676,0.089,0,"3","PRC1"
0,3.43137047700377,0.52,0.064,0,"3","C21orf58"
0,3.41528501115159,0.432,0.036,0,"3","RPL39L"
0,3.40060774828935,0.595,0.059,0,"3","CDK2"
0,3.40024119703787,0.399,0.033,0,"3","FANCB"
0,3.36723888327123,0.541,0.052,0,"3","SLC29A1"
0,3.36633722445392,0.608,0.055,0,"3","CENPJ"
0,3.36490907604727,0.615,0.064,0,"3","CHAF1B"
0,3.35896842711413,0.399,0.031,0,"3","KIF18A"
0,3.34770775073775,0.818,0.147,0,"3","FANCI"
0,3.33445999234487,0.473,0.044,0,"3","MASTL"
0,3.33445915399598,0.311,0.024,0,"3","SLC25A10"
0,3.32495571779853,0.872,0.226,0,"3","HELLS"
0,3.31929200795685,0.459,0.082,0,"3","HIST1H2BH"
0,3.30289636304982,0.439,0.044,0,"3","E2F2"
0,3.28625486675891,0.601,0.078,0,"3","SGO2"
0,3.27244328976807,0.581,0.069,0,"3","WEE1"
0,3.26038309233357,0.608,0.093,0,"3","HMGB3"
0,3.24592982132934,0.588,0.065,0,"3","PAQR4"
0,3.2448893948932,0.331,0.028,0,"3","EFCAB11"
0,3.23947905693515,0.696,0.076,0,"3","WDHD1"
0,3.23374114447032,0.514,0.051,0,"3","ZWILCH"
0,3.23030910429363,0.264,0.025,0,"3","TONSL"
0,3.22165466928762,0.601,0.154,0,"3","HIST1H2AL"
0,3.2184975534142,0.878,0.253,0,"3","ATAD2"
0,3.20576449623343,0.628,0.075,0,"3","DSN1"
0,3.16753753405056,0.466,0.055,0,"3","LINC01572"
0,3.15802373849547,0.412,0.044,0,"3","NT5DC2"
9.72555369571637e-14,3.14795754662138,0.297,0.099,1.99033456382836e-09,"3","GZMB"
0,3.13613635154315,0.696,0.099,0,"3","WDR76"
0,3.13061192038662,0.277,0.026,0,"3","TYMSOS"
0,3.12576350263162,0.277,0.021,0,"3","CCDC15"
0,3.12518361096606,0.777,0.14,0,"3","UBE2T"
0,3.12496501131501,0.993,0.842,0,"3","TUBB"
0,3.12383532410967,0.851,0.247,0,"3","DHFR"
0,3.11854435495663,0.818,0.203,0,"3","MCM6"
0,3.10637070314214,0.736,0.121,0,"3","CHAF1A"
0,3.09415552498537,0.446,0.074,0,"3","AC011603.2"
0,3.08445618832751,0.568,0.068,0,"3","KNTC1"
0,3.0760156990382,0.365,0.038,0,"3","RAD54B"
0,3.0572041414924,1,0.745,0,"3","HMGB2"
0,3.05104488979295,0.52,0.059,0,"3","CCDC34"
0,3.05071213830875,0.642,0.085,0,"3","DDX11"
0,3.01420534148188,0.75,0.213,0,"3","PTTG1"
0,3.01376780000972,0.892,0.219,0,"3","SMC2"
0,2.9903217810294,0.473,0.059,0,"3","FANCL"
0,2.98605544509621,0.52,0.141,0,"3","HIST1H2AM"
0,2.98357109234022,0.709,0.132,0,"3","RFC2"
0,2.96300993636474,0.635,0.076,0,"3","RFC3"
0,2.94840425626948,1,0.946,0,"3","HIST1H4C"
0,2.94387203792236,0.385,0.08,0,"3","HIST1H4F"
0,2.92253663870594,0.75,0.169,0,"3","CKS1B"
0,2.92172325787698,0.541,0.086,0,"3","CIP2A"
0,2.91611710324369,0.412,0.046,0,"3","MCM8"
0,2.90334315940952,0.25,0.033,0,"3","HIST1H1A"
0,2.89817556125352,0.399,0.046,0,"3","FANCC"
0,2.89443738228468,0.473,0.073,0,"3","CCNF"
0,2.89335726917757,0.791,0.168,0,"3","RFC4"
0,2.87930762476804,0.459,0.055,0,"3","SPDL1"
0,2.86087834912173,0.473,0.065,0,"3","TMEM97"
0,2.84645225516909,0.311,0.037,0,"3","LRRCC1"
0,2.84163708977499,0.716,0.126,0,"3","GMNN"
0,2.8398907951354,0.527,0.082,0,"3","CENPQ"
0,2.81922479130058,0.311,0.06,0,"3","HIST2H2AB"
0,2.81259024756099,0.324,0.064,0,"3","HIST1H4D"
0,2.796676143717,0.372,0.038,0,"3","CENPO"
0,2.79093167313349,0.642,0.317,0,"3","HIST1H3D"
0,2.7770299651243,0.601,0.104,0,"3","POLD1"
0,2.77605413675153,0.892,0.348,0,"3","MCM3"
0,2.77458898966184,0.757,0.164,0,"3","RBBP8"
0,2.76794826184737,0.966,0.363,0,"3","LMNB1"
0,2.73728335423537,0.615,0.092,0,"3","FANCD2"
0,2.7338966118721,0.905,0.376,0,"3","UBE2S"
0,2.71973073794573,0.466,0.063,0,"3","TEDC1"
0,2.71250230597532,0.899,0.46,0,"3","TUBB4B"
0,2.7103393996814,0.655,0.1,0,"3","DONSON"
0,2.70160769262262,0.838,0.258,0,"3","TMEM106C"
0,2.69837796546243,0.662,0.104,0,"3","POLA1"
0,2.69667297440486,0.5,0.079,0,"3","SLC43A3"
0,2.69284808054941,0.608,0.118,0,"3","RACGAP1"
0,2.68488537741037,0.622,0.102,0,"3","TUBG1"
0,2.67198431363394,0.838,0.238,0,"3","CDCA7"
0,2.67036760332795,0.622,0.166,0,"3","UNG"
0,2.65549557195865,0.284,0.033,0,"3","AP001347.1"
0,2.64661033874706,0.52,0.094,0,"3","POLA2"
0,2.6464094719551,0.466,0.058,0,"3","OIP5"
0,2.64325708123248,0.838,0.196,0,"3","MAD2L1"
0,2.64214590277348,0.52,0.086,0,"3","NCAPH2"
0,2.62184450774816,0.635,0.111,0,"3","C9orf40"
0,2.60393395024645,0.473,0.084,0,"3","CDKN2C"
0,2.58691848229333,0.25,0.029,0,"3","TMEM237"
0,2.58658228783518,0.838,0.28,0,"3","DNAJC9"
0,2.57822264364461,0.345,0.05,0,"3","TMPO-AS1"
0,2.57556112623825,0.757,0.201,0,"3","DTYMK"
0,2.56748105752942,0.791,0.179,0,"3","ACOT7"
0,2.54504140148845,0.642,0.24,0,"3","HIST1H2AG"
0,2.53782825659253,0.716,0.129,0,"3","FABP5"
0,2.53693815563133,0.824,0.225,0,"3","SNRNP25"
0,2.52501564279082,0.993,0.836,0,"3","H2AFZ"
0,2.52015379424935,0.973,0.744,0,"3","DUT"
0,2.51252026843966,0.649,0.124,0,"3","IFI27L1"
0,2.51003934584219,0.257,0.041,0,"3","STK3"
0,2.50746965097076,0.601,0.122,0,"3","NRM"
0,2.5020071255843,0.486,0.087,0,"3","INCENP"
0,2.50052179301395,0.811,0.301,0,"3","CKS2"
0,2.49614420801296,0.581,0.092,0,"3","CDC7"
0,2.47778424288963,0.682,0.177,0,"3","SAC3D1"
0,2.47707878300218,0.318,0.046,0,"3","C4orf46"
0,2.45675601656748,0.939,0.418,0,"3","SMC4"
0,2.4541569676625,0.75,0.189,0,"3","PXMP2"
0,2.45283673014965,0.48,0.105,0,"3","CCNE1"
0,2.45199466631246,1,0.895,0,"3","HMGN2"
0,2.45024316046029,0.493,0.089,0,"3","MAP3K20"
0,2.43628247209266,0.743,0.18,0,"3","BLM"
0,2.42950367478495,0.507,0.083,0,"3","GEN1"
0,2.42287060640597,0.338,0.048,0,"3","SUV39H2"
0,2.41466487163696,0.453,0.065,0,"3","HAUS8"
0,2.40970635863465,0.682,0.146,0,"3","BARD1"
0,2.39859432334978,0.311,0.049,0,"3","SUV39H1"
0,2.39596215294794,0.926,0.378,0,"3","RRM1"
0,2.39449742648652,0.723,0.189,0,"3","CDCA4"
0,2.39074764004089,0.48,0.067,0,"3","MIS18A"
0,2.37932151469408,0.25,0.035,0,"3","STRIP2"
0,2.36522782262386,0.351,0.067,0,"3","LIN9"
0,2.36096993750431,0.453,0.086,0,"3","ARHGAP11A"
0,2.35571916325162,0.358,0.057,0,"3","XRCC3"
0,2.34643306165086,0.372,0.068,0,"3","KIAA1841"
0,2.34581282358946,0.669,0.186,0,"3","NDC80"
0,2.33532408970767,0.635,0.113,0,"3","RFC5"
0,2.33020470983905,0.682,0.15,0,"3","RMI2"
0,2.30093132353976,0.345,0.064,0,"3","RCCD1"
0,2.29165025198265,0.588,0.112,0,"3","RCC1"
0,2.28523297846855,0.662,0.146,0,"3","BRI3BP"
0,2.28379158393302,0.392,0.072,0,"3","CHAC2"
0,2.2794423991214,0.345,0.07,0,"3","NUDT8"
0,2.26854421732591,0.338,0.067,0,"3","ZNF519"
0,2.26732584590864,0.709,0.164,0,"3","POLD3"
0,2.25767957090162,0.595,0.136,0,"3","SHMT1"
0,2.25084403338005,0.655,0.141,0,"3","HIRIP3"
0,2.24683385192887,0.507,0.086,0,"3","SLC19A1"
0,2.24630614757647,0.953,0.498,0,"3","HNRNPAB"
0,2.24616860435301,0.365,0.06,0,"3","INAFM1"
0,2.24507179264678,0.264,0.045,0,"3","RPP25"
0,2.2410456463341,0.635,0.145,0,"3","CEP152"
0,2.21581196704193,0.466,0.09,0,"3","UCK2"
0,2.2136131843394,0.669,0.211,0,"3","MSH6"
0,2.19275460769898,0.372,0.073,0,"3","HIST1H2BJ"
0,2.18992205071506,0.689,0.19,0,"3","PRIM1"
0,2.18671494951426,0.953,0.552,0,"3","RANBP1"
0,2.18233573464056,0.304,0.052,0,"3","PIR"
0,2.17762823348066,0.791,0.269,0,"3","NCAPD3"
0,2.16338325275387,0.392,0.077,0,"3","FANCA"
0,2.15007196231874,0.899,0.381,0,"3","NUDT1"
0,2.13312048769699,0.568,0.138,0,"3","RFWD3"
0,2.11995315852512,0.682,0.172,0,"3","CEP78"
0,2.11963317805561,0.27,0.053,0,"3","KNSTRN"
0,2.11954083171768,0.689,0.153,0,"3","LRR1"
0,2.11412644432308,0.709,0.249,0,"3","KPNA2"
0,2.11330096216317,0.446,0.162,0,"3","NKG7"
0,2.10977330001682,0.392,0.132,0,"3","HIST1H2AK"
0,2.10073858998975,0.277,0.05,0,"3","B4GALT2"
0,2.09706596092812,0.588,0.119,0,"3","SASS6"
0,2.09382877969757,0.439,0.084,0,"3","FIGNL1"
0,2.09314897041607,0.291,0.056,0,"3","KHDC1"
0,2.0848746039715,0.655,0.149,0,"3","MMS22L"
0,2.08463844262532,0.959,0.548,0,"3","NASP"
0,2.07757227533358,0.257,0.046,0,"3","GSTCD"
0,2.076860564381,0.453,0.08,0,"3","PARPBP"
0,2.07634397714079,0.939,0.617,0,"3","ALYREF"
0,2.07135958880002,0.351,0.059,0,"3","CABLES2"
0,2.06319132781124,0.581,0.195,0,"3","NQO1"
0,2.04665587080013,0.426,0.096,0,"3","POLE"
0,2.0360159354598,0.743,0.224,0,"3","C19orf48"
0,2.03539801367053,0.52,0.114,0,"3","TIPIN"
0,2.0336430881677,0.98,0.548,0,"3","TMPO"
0,2.02356743611082,0.912,0.533,0,"3","SLBP"
0,2.02285418211625,0.345,0.074,0,"3","GPSM2"
0,2.01343316649592,0.493,0.119,0,"3","CLN6"
0,1.99777713143248,0.385,0.089,0,"3","ATAD3A"
0,1.99250007995447,0.757,0.211,0,"3","TEX30"
0,1.98378800902926,0.622,0.171,0,"3","BCL2L12"
0,1.98273505372746,0.804,0.245,0,"3","MSH2"
0,1.98169953394453,0.297,0.071,0,"3","HIST1H4H"
0,1.97154407543552,0.257,0.046,0,"3","SYCP2"
0,1.96820375753833,0.791,0.259,0,"3","VRK1"
0,1.96752122501521,0.324,0.061,0,"3","ARHGAP11B"
0,1.96412724239641,0.831,0.336,0,"3","EZH2"
0,1.95768006261064,0.385,0.077,0,"3","CHEK2"
0,1.94445174397392,0.764,0.287,0,"3","DCTPP1"
0,1.94037417833759,0.264,0.059,0,"3","SLC25A19"
0,1.93483847436751,0.446,0.087,0,"3","CENPL"
0,1.93427359623591,0.547,0.136,0,"3","COPRS"
7.01660951563099e-14,1.93223225420042,0.372,0.142,1.43594913737388e-09,"3","HIST1H2BF"
0,1.93112715771566,0.905,0.489,0,"3","RPA3"
0,1.92919657105032,0.993,0.833,0,"3","DEK"
0,1.92857527433273,0.797,0.341,0,"3","CDK4"
0,1.9170018048011,0.541,0.159,0,"3","EIF4EBP1"
0,1.91551795161565,0.264,0.066,0,"3","C3orf14"
0,1.90714409540363,0.939,0.595,0,"3","SIVA1"
0,1.90616863107167,0.777,0.248,0,"3","KIF20B"
0,1.90559643039487,0.257,0.055,0,"3","ERVMER61-1"
0,1.88916540329178,0.432,0.097,0,"3","RTTN"
0,1.88620203293744,0.716,0.23,0,"3","PRIM2"
0,1.88580127893026,0.845,0.309,0,"3","MTHFD1"
0,1.88460658137207,0.642,0.192,0,"3","CDCA7L"
0,1.88398173682966,0.75,0.232,0,"3","ACYP1"
0,1.88133221254062,0.284,0.061,0,"3","PYCR1"
0,1.87630290563521,0.547,0.135,0,"3","HAUS5"
0,1.86841209582967,0.872,0.45,0,"3","USP1"
0,1.85960089712781,0.946,0.484,0,"3","SMC1A"
0,1.85823389211366,0.358,0.074,0,"3","PRADC1"
0,1.84915326173738,0.365,0.087,0,"3","NETO2"
0,1.84166009635536,0.385,0.106,0,"3","DPY19L1"
0,1.84085021328028,0.547,0.132,0,"3","SCMH1"
0,1.83760528169552,0.824,0.362,0,"3","NSD2"
0,1.81198928722678,0.432,0.092,0,"3","NUDT15"
0,1.81156013062226,0.824,0.408,0,"3","KIF22"
0,1.80597785404447,0.459,0.117,0,"3","SLC27A2"
0,1.80413661705237,0.446,0.11,0,"3","CD83"
0,1.80262138378041,0.311,0.069,0,"3","KCNQ5"
0,1.79894240014126,0.628,0.187,0,"3","SPATS2L"
0,1.79838387413104,0.595,0.147,0,"3","THOP1"
0,1.79822788175169,0.439,0.133,0,"3","PIDD1"
0,1.78978397845489,0.453,0.098,0,"3","GLA"
0,1.78401473714739,0.77,0.293,0,"3","YEATS4"
0,1.78350032162804,0.932,0.541,0,"3","LSM4"
0,1.76851005340757,0.784,0.302,0,"3","NCAPD2"
0,1.76491693772851,0.399,0.1,0,"3","ARNTL2"
0,1.76090797068579,0.257,0.05,0,"3","RFX2"
0,1.7505305804695,0.601,0.19,0,"3","CCDC18"
0,1.74920885626925,0.858,0.358,0,"3","TOPBP1"
0,1.74074916545993,0.953,0.566,0,"3","YWHAH"
0,1.73973676439627,0.716,0.274,0,"3","SLC1A5"
0,1.73777825175791,0.291,0.066,0,"3","POGLUT3"
0,1.73345787502906,0.953,0.555,0,"3","CARHSP1"
0,1.73140456229284,0.615,0.199,0,"3","CDKN1A"
0,1.72430628939863,0.838,0.379,0,"3","EBP"
0,1.71842721075543,0.372,0.098,0,"3","SPATA33"
0,1.71806140009096,0.473,0.132,0,"3","NR2C2AP"
0,1.7087126025234,0.676,0.228,0,"3","FN3KRP"
0,1.70655966300984,0.351,0.086,0,"3","SRR"
8.52561798936335e-10,1.70588789191681,0.27,0.1,1.74476772152321e-05,"3","HIST1H3I"
0,1.70547209393577,0.27,0.057,0,"3","SDC4"
0,1.70222893799269,0.75,0.268,0,"3","RBL1"
0,1.69922093273811,0.432,0.102,0,"3","C1orf112"
0,1.69672833793667,0.291,0.072,0,"3","EPB41L2"
0,1.69545031184971,0.338,0.08,0,"3","MTBP"
0,1.68598813076023,0.905,0.46,0,"3","TFDP1"
0,1.68592631147312,0.851,0.359,0,"3","CENPX"
0,1.68117732226688,0.507,0.161,0,"3","RAD18"
0,1.67920445678151,0.608,0.191,0,"3","ERI1"
0,1.67379267289005,0.973,0.905,0,"3","HIST1H1E"
0,1.67311439169958,0.872,0.505,0,"3","DDX39A"
0,1.67079225655278,0.257,0.058,0,"3","PCBP3"
0,1.66614234055278,0.574,0.179,0,"3","CTPS1"
0,1.66072034629737,0.939,0.569,0,"3","DNMT1"
0,1.65928064450833,0.338,0.08,0,"3","PDLIM7"
0,1.65334618272651,0.736,0.248,0,"3","MCMBP"
0,1.64423597884066,0.689,0.24,0,"3","RAD51C"
0,1.64319224478112,0.642,0.158,0,"3","SPATA5"
0,1.64304907042207,0.318,0.088,0,"3","DHCR24"
7.03881397612349e-14,1.64113752947891,0.25,0.069,1.44049328021367e-09,"3","PM20D2"
0,1.63224559120691,0.574,0.17,0,"3","LMNB2"
0,1.62730779860776,0.709,0.253,0,"3","HAT1"
0,1.62695282191388,0.797,0.345,0,"3","POLD2"
0,1.62385910827406,0.466,0.165,0,"3","SCCPDH"
0,1.60957238904481,0.365,0.102,0,"3","FADS1"
1.33226762955019e-14,1.60764386832649,0.257,0.069,2.72648570387446e-10,"3","NOTCH1"
0,1.60511174837982,0.439,0.108,0,"3","PPP2R3B"
3.24185123190546e-14,1.60502287096993,0.25,0.067,6.63444854609452e-10,"3","NIBAN2"
0,1.58753936065314,0.628,0.212,0,"3","UBR7"
0,1.58458138374371,0.98,0.872,0,"3","H2AFV"
0,1.57908545929336,0.324,0.089,0,"3","SMIM13"
0,1.57566558171329,0.5,0.167,0,"3","PSAT1"
0,1.57222881366816,0.574,0.168,0,"3","ICMT"
0,1.56867736411214,0.581,0.206,0,"3","TTF2"
0,1.56031666704759,0.453,0.12,0,"3","LRRC45"
0,1.55746680253002,0.804,0.386,0,"3","TMEM109"
2.22044604925031e-16,1.55673300114137,0.365,0.111,4.54414283979077e-12,"3","NDC1"
0,1.55092392140533,0.581,0.194,0,"3","NUP155"
2.26485497023532e-14,1.54566841812076,0.291,0.085,4.63502569658658e-10,"3","AL138724.1"
0,1.53953002622062,0.892,0.433,0,"3","CBX5"
0,1.53892074599114,0.351,0.091,0,"3","WRAP53"
0,1.53886053695633,0.459,0.124,0,"3","RMI1"
0,1.53760353541981,0.98,0.757,0,"3","SNRPB"
0,1.53390625129293,0.493,0.158,0,"3","CMSS1"
2.586115765979e-10,1.51756202113794,0.48,0.25,5.29248591507603e-06,"3","CAR"
0,1.51498161895273,0.912,0.503,0,"3","SSRP1"
0,1.51490350832893,0.682,0.26,0,"3","HADH"
0,1.51206064608396,0.372,0.107,0,"3","CIDEB"
0,1.51174045993068,1,0.99,0,"3","HMGB1"
0,1.51042555936075,0.378,0.117,0,"3","LRP8"
0,1.50900927971479,0.311,0.077,0,"3","B3GLCT"
0,1.5045735076178,0.615,0.192,0,"3","SLC1A4"
4.44089209850063e-16,1.5011213423885,0.311,0.087,9.08828567958153e-12,"3","PARP2"
0,1.50101689956978,0.831,0.361,0,"3","SKA2"
0,1.49957374171437,0.338,0.097,0,"3","RNF26"
0,1.49929804986203,0.405,0.105,0,"3","C11orf80"
0,1.49034708227803,0.635,0.241,0,"3","HDGFL3"
0,1.48863425879825,0.385,0.106,0,"3","CEP57L1"
4.44089209850063e-16,1.47745942287196,0.345,0.104,9.08828567958153e-12,"3","C11orf24"
0,1.47327857295214,0.432,0.121,0,"3","KATNAL1"
0,1.47249635639219,0.953,0.653,0,"3","SNRPD1"
0,1.46857998983733,0.845,0.484,0,"3","EIF4A3"
4.72955008490317e-14,1.46807830655244,0.257,0.07,9.67902424875433e-10,"3","KLF11"
0,1.46795448668626,0.554,0.208,0,"3","SEPTIN11"
0,1.46468137738539,0.331,0.093,0,"3","ABHD11"
0,1.45702314033688,0.986,0.728,0,"3","ANP32E"
0,1.45673717215022,0.439,0.141,0,"3","SAMD1"
0,1.45654328233451,0.696,0.322,0,"3","MRPL12"
0,1.44668782172102,0.351,0.102,0,"3","CEP85"
0,1.44056899148875,0.48,0.17,0,"3","RAD1"
0,1.43810417923542,0.655,0.217,0,"3","DPM2"
2.22044604925031e-16,1.43789836451419,0.439,0.157,4.54414283979077e-12,"3","CAMK1"
0,1.43700161813783,0.791,0.459,0,"3","TUBA1C"
0,1.43470710549111,0.534,0.177,0,"3","WDR5"
1.59872115546023e-14,1.43427031655999,0.966,0.884,3.27178284464935e-10,"3","HIST1H1D"
0,1.43264230423005,0.466,0.143,0,"3","PMAIP1"
0,1.43151683815147,0.541,0.191,0,"3","MAGOHB"
0,1.42461023377103,0.932,0.505,0,"3","PSMC3"
0,1.42301195972768,0.764,0.276,0,"3","ITGB3BP"
1.10467190950203e-12,1.42266094245781,0.351,0.129,2.26071106279591e-08,"3","ZW10"
0,1.42069825415205,0.568,0.194,0,"3","APEX2"
0,1.41448998022586,0.689,0.294,0,"3","BTG3"
1.54987134237672e-12,1.41386349087439,0.385,0.146,3.17181170217395e-08,"3","HIST1H3H"
0,1.41057484864996,0.439,0.151,0,"3","RGS16"
0,1.40947150203937,0.959,0.656,0,"3","C12orf75"
0,1.40934321540645,1,0.928,0,"3","RAN"
0,1.40623930795222,0.615,0.226,0,"3","CEP295"
0,1.40318694205156,0.399,0.112,0,"3","APOO"
1.77635683940025e-15,1.40082611813253,0.324,0.096,3.63531427183261e-11,"3","NEMP1"
0,1.39536147714076,0.892,0.518,0,"3","PHF19"
0,1.3928205272939,0.709,0.254,0,"3","DERA"
8.88178419700125e-15,1.39271740309433,0.297,0.086,1.81765713591631e-10,"3","CAD"
0,1.39247725547896,0.777,0.33,0,"3","ACAT2"
1.82076576038526e-14,1.39054878350117,0.358,0.122,3.72619712862843e-10,"3","SLFN11"
0,1.38992889043622,0.264,0.061,0,"3","C5orf30"
4.81313655598115e-10,1.38742831464108,0.885,0.722,9.85008396181541e-06,"3","HIST1H1C"
0,1.38382869056242,0.838,0.458,0,"3","NME1"
0,1.38025577055691,0.926,0.56,0,"3","RBBP7"
0,1.37985560491984,0.432,0.131,0,"3","SKP2"
0,1.3782672433445,0.547,0.205,0,"3","IFI30"
1.95710114780923e-12,1.37257231241368,0.284,0.089,4.00520749899158e-08,"3","SEPTIN8"
0,1.3716840268937,0.547,0.195,0,"3","ARHGAP19"
0,1.36625928494615,0.98,0.914,0,"3","CRIP1"
0,1.36622061226884,0.899,0.536,0,"3","HPRT1"
0,1.36523904023424,0.419,0.128,0,"3","TOE1"
0,1.361594584977,0.5,0.163,0,"3","MYO19"
0,1.35986918173571,0.973,0.745,0,"3","TUBA4A"
0,1.358158817175,0.486,0.172,0,"3","ZMYND19"
5.11670705805045e-11,1.35807625012055,0.257,0.083,1.04713409943002e-06,"3","AL021155.5"
0,1.35794584021442,0.703,0.285,0,"3","POP7"
0,1.35639234056149,0.872,0.43,0,"3","SAE1"
0,1.35537753759721,0.723,0.319,0,"3","PGP"
0,1.35462204045932,0.574,0.214,0,"3","SLC7A1"
0,1.35393177648513,0.682,0.305,0,"3","PSMG1"
1.31925581570158e-11,1.34793276747947,0.25,0.077,2.69985702683329e-07,"3","SGCB"
0,1.34762788234085,0.797,0.437,0,"3","FAM111A"
4.03899136358632e-13,1.34536724700078,0.297,0.093,8.2657958255794e-09,"3","DARS2"
0,1.34481950662696,0.493,0.18,0,"3","TESC"
0,1.3427362877151,0.534,0.211,0,"3","MLH1"
0,1.34242042540729,0.791,0.36,0,"3","MZT1"
0,1.34239140795314,0.541,0.177,0,"3","GPN3"
0,1.34142012555169,0.818,0.39,0,"3","GGCT"
0,1.34004573972103,0.885,0.432,0,"3","SMS"
0,1.33875171444959,0.432,0.137,0,"3","TELO2"
0,1.33207477251529,0.622,0.262,0,"3","CD151"
0,1.33075681071831,0.493,0.165,0,"3","JPT2"
7.105427357601e-15,1.32906095907121,0.324,0.097,1.45412570873305e-10,"3","SLC37A4"
0,1.32679993025856,1,0.974,0,"3","HSP90AA1"
0,1.32565001771843,0.703,0.303,0,"3","MAD2L2"
1.93299004802583e-07,1.32234311642817,0.77,0.609,0.00395586413328486,"3","HIST2H2AC"
0,1.32089369801283,0.743,0.364,0,"3","ECI1"
1.77635683940025e-15,1.32031740244893,0.662,0.337,3.63531427183261e-11,"3","CD59"
0,1.31558563131542,0.872,0.474,0,"3","GMPS"
4.58000304348616e-11,1.31496950440571,0.412,0.184,9.37297622849442e-07,"3","CYP1B1"
0,1.31380826477142,0.541,0.203,0,"3","MRTO4"
1.16129328375791e-13,1.30838388724407,0.372,0.133,2.37658670521057e-09,"3","HPGD"
7.7715611723761e-15,1.30807996319668,0.358,0.116,1.59044999392677e-10,"3","GEMIN4"
9.32587340685131e-15,1.30740866683989,0.426,0.156,1.90853999271212e-10,"3","RBFA"
4.44089209850063e-16,1.30548927451072,0.446,0.156,9.08828567958153e-12,"3","LIN52"
9.52571355128384e-14,1.30163388023185,0.372,0.131,1.94943727827024e-09,"3","MYBL1"
0,1.29686674733163,0.541,0.174,0,"3","CCP110"
0,1.29588896213293,0.709,0.287,0,"3","SMCO4"
0,1.29149920200385,0.973,0.686,0,"3","PRKDC"
0,1.28997124668525,0.689,0.271,0,"3","RCC2"
0,1.28844559736327,0.818,0.402,0,"3","PPIH"
0,1.28682378262583,0.399,0.115,0,"3","PKP4"
0,1.28489563006745,0.507,0.173,0,"3","GMPPB"
0,1.28423183451197,0.838,0.416,0,"3","UQCC2"
0,1.28400447230664,0.541,0.189,0,"3","HLTF"
0,1.28321551746275,0.865,0.457,0,"3","ATP1B3"
1.09301456774347e-11,1.28310400152266,0.291,0.098,2.236854312887e-07,"3","PDSS1"
0,1.28151898952111,0.73,0.369,0,"3","SLC20A1"
8.88178419700125e-16,1.28103618279778,0.52,0.213,1.81765713591631e-11,"3","HAUS2"
3.24984483768276e-12,1.28021643717321,0.297,0.096,6.65080746031776e-08,"3","COLGALT1"
0,1.27970263586498,0.689,0.293,0,"3","RRP7A"
0,1.27960121759557,0.676,0.3,0,"3","CSE1L"
9.35185262562754e-12,1.27940856437624,0.25,0.076,1.91385663983468e-07,"3","FADS2"
8.77964367873574e-13,1.27900953164251,0.297,0.093,1.79675407885327e-08,"3","SNX8"
0,1.27811936211443,0.98,0.924,0,"3","TXN"
0,1.27441060676239,0.892,0.666,0,"3","ANXA2"
4.04010158661094e-12,1.27422610254369,0.284,0.091,8.2680678969993e-08,"3","HPSE"
0,1.27225238259896,0.932,0.602,0,"3","SMC3"
0,1.2627266790944,0.466,0.163,0,"3","KIF21A"
2.43318698522899e-11,1.26196462102718,0.27,0.088,4.97951716527112e-07,"3","MYO1C"
0,1.25974946181066,0.966,0.722,0,"3","CACYBP"
0,1.25815259892899,0.52,0.19,0,"3","RUSC1"
0,1.25475594576562,0.723,0.332,0,"3","ACTL6A"
0,1.25296014198023,1,0.995,0,"3","HNRNPA2B1"
0,1.24844786750828,0.527,0.181,0,"3","CD109"
1.4432899320127e-14,1.24514835691765,0.311,0.092,2.953692845864e-10,"3","CDKN2B-AS1"
0,1.24166000519761,0.764,0.396,0,"3","AHCY"
0,1.23959241858443,0.669,0.292,0,"3","ABI3"
0,1.23677543481035,0.642,0.269,0,"3","PRPS2"
6.66133814775094e-16,1.236519825204,0.473,0.171,1.36324285193723e-11,"3","MBD3"
0,1.23504804117918,0.791,0.346,0,"3","POLE3"
1.30695454458873e-12,1.22814694153051,0.419,0.171,2.67468247550084e-08,"3","FAH"
1.77635683940025e-15,1.22726163778273,0.392,0.127,3.63531427183261e-11,"3","PEA15"
0,1.22681581903022,0.709,0.327,0,"3","CDKN2A"
9.57454115990686e-11,1.22531398445922,0.338,0.131,1.95942984837494e-06,"3","CMPK2"
0,1.22405376308376,0.568,0.199,0,"3","KMT5A"
4.40064207296587e-10,1.22404781152414,0.331,0.136,9.00591400232464e-06,"3","PTMS"
5.86602344476717e-09,1.22147871639375,0.25,0.091,0.00012004816979716,"3","BORA"
0,1.22081432364644,0.784,0.443,0,"3","SDF2L1"
0,1.21967954734545,0.939,0.627,0,"3","BANF1"
0,1.21923542754165,0.696,0.32,0,"3","HACD3"
0,1.21837542973325,0.716,0.374,0,"3","CKAP5"
2.53730370047833e-12,1.21686666044207,0.264,0.079,5.19259202302891e-08,"3","CEP76"
0,1.21631017167698,0.682,0.29,0,"3","NXT1"
2.82929235595475e-12,1.21557842687437,0.284,0.091,5.79014680646139e-08,"3","ELOVL6"
0,1.21522968223755,0.676,0.264,0,"3","FH"
5.77315972805081e-15,1.21460778125433,0.486,0.187,1.1814771383456e-10,"3","MTHFD1L"
2.39959163650383e-11,1.21198127940792,0.432,0.186,4.91076428410508e-07,"3","RANGAP1"
0,1.21142542720054,0.426,0.133,0,"3","EAF2"
0,1.20878729281925,0.966,0.751,0,"3","NUCKS1"
0,1.20738604072396,0.608,0.249,0,"3","ATL3"
0,1.2053099671876,0.574,0.232,0,"3","CBR3"
6.66133814775094e-16,1.20148870399978,0.486,0.182,1.36324285193723e-11,"3","OAS3"
0,1.2002497387783,0.696,0.316,0,"3","POLR3K"
0,1.20004688014838,0.5,0.178,0,"3","NUP188"
0,1.19986597941777,0.865,0.493,0,"3","RHEB"
0,1.19955244658373,0.534,0.198,0,"3","PGRMC1"
2.01172412062078e-13,1.19938925340734,0.405,0.151,4.11699341285043e-09,"3","MICB"
0,1.196651485695,0.899,0.596,0,"3","HSPB11"
0,1.19490880700364,0.939,0.664,0,"3","HMGA1"
1.65921276717995e-10,1.19174987895907,0.277,0.096,3.39557892803377e-06,"3","FHL1"
1.17683640610267e-14,1.19126043162532,0.743,0.417,2.40839570508911e-10,"3","CKAP2"
0,1.19102295170891,0.966,0.776,0,"3","IDH2"
0,1.18969185100381,0.568,0.214,0,"3","CFAP20"
7.12811143444014e-10,1.18870611396081,0.48,0.246,1.45876800505818e-05,"3","HLA-DRB5"
3.99680288865056e-15,1.18786790011768,0.426,0.147,8.17945711162338e-11,"3","REEP4"
3.86271015173634e-11,1.18657084710299,0.372,0.154,7.90503632552841e-07,"3","TNFRSF18"
0,1.18322761540856,0.986,0.758,0,"3","ANXA5"
3.89519894117285e-08,1.17959291221505,0.426,0.21,0.000797152463311024,"3","HIST1H2BC"
6.68420874205822e-11,1.17863699299389,0.304,0.109,1.36792331906221e-06,"3","FAR2"
2.66453525910038e-15,1.1768175965651,0.466,0.174,5.45297140774892e-11,"3","AL441992.1"
0,1.17494546165706,0.858,0.466,0,"3","COPS3"
0,1.17382987963735,1,0.817,0,"3","SRSF2"
0,1.17303859600106,0.811,0.429,0,"3","EXOSC8"
3.60156349188401e-13,1.17066216169681,0.439,0.172,7.37059968614062e-09,"3","LAS1L"
0,1.16810515817216,0.716,0.319,0,"3","UBE2E3"
0,1.1679082025998,1,0.774,0,"3","SRSF10"
0,1.16760244918367,0.716,0.33,0,"3","NUP107"
0,1.16461383721608,0.919,0.563,0,"3","LSM3"
0,1.16068720094952,1,0.996,0,"3","PTMA"
1.38111744263369e-13,1.16005299530182,0.5,0.208,2.82645684634986e-09,"3","INTS7"
0,1.15738214193933,0.446,0.15,0,"3","NUP85"
1.19695364730887e-11,1.15734689966512,0.405,0.164,2.44956563921761e-07,"3","MIS12"
0,1.15709102532047,0.993,0.903,0,"3","HNRNPA3"
9.76996261670138e-15,1.15671333812607,0.541,0.226,1.99942284950794e-10,"3","MRE11"
1.70889347117509e-09,1.15556962958761,0.284,0.105,3.49725048875982e-05,"3","ZNF100"
0,1.15481116604388,0.574,0.199,0,"3","PDXP"
3.91886523232188e-12,1.15454761611499,0.405,0.157,8.01995769794672e-08,"3","CTNNBIP1"
0,1.14871020960949,0.811,0.413,0,"3","NOP56"
6.49702514010642e-13,1.14809430244677,0.365,0.128,1.32961619492278e-08,"3","NAGA"
7.63378249502011e-11,1.14765262445318,0.331,0.125,1.56225358760587e-06,"3","TOP3A"
6.53865628308381e-10,1.14616240148446,0.324,0.126,1.3381360083331e-05,"3","GIHCG"
0,1.14429958158953,0.669,0.304,0,"3","LRRC59"
1.40081279909055e-11,1.14405895914161,0.27,0.086,2.8667633933388e-07,"3","Z94721.1"
0,1.14195708873068,0.811,0.428,0,"3","DHX15"
0,1.14188754710323,0.858,0.482,0,"3","ARL6IP6"
0,1.14165679989729,0.872,0.512,0,"3","MTHFD2"
8.88178419700125e-16,1.13869191844632,0.574,0.245,1.81765713591631e-11,"3","USP37"
1.08801856413265e-14,1.13836636309335,0.493,0.196,2.22662999149748e-10,"3","BUD13"
6.66133814775094e-15,1.13547245492827,0.439,0.157,1.36324285193723e-10,"3","PBX3"
1.5280367637871e-08,1.13449743622546,0.351,0.17,0.00031271272370903,"3","LINC00892"
0,1.13444592986336,0.622,0.242,0,"3","SEPHS1"
2.61657362443657e-12,1.12935789837962,0.419,0.165,5.35481792240944e-08,"3","HIST1H4E"
0,1.1286480073584,0.872,0.47,0,"3","BOLA3"
4.96247487546952e-12,1.12790923994138,0.547,0.276,1.01557048326484e-07,"3","ITM2C"
1.47950480755554e-08,1.126012855136,0.297,0.12,0.000302780658866242,"3","ITPRIPL1"
3.27970983704517e-11,1.1232447223489,0.473,0.211,6.71192618151295e-07,"3","LAPTM4B"
2.22710738739806e-13,1.11905421160192,0.486,0.201,4.55777526831014e-09,"3","FBXO45"
8.88178419700125e-16,1.11817717332703,0.655,0.317,1.81765713591631e-11,"3","PMVK"
1.4432899320127e-14,1.117780705316,0.615,0.303,2.953692845864e-10,"3","HOPX"
0,1.11449402976277,0.716,0.366,0,"3","GUSB"
0,1.11118059498278,0.804,0.47,0,"3","TACC3"
5.11812814352197e-13,1.11025539906779,0.453,0.177,1.04742492457177e-08,"3","LIN54"
0,1.10978577754541,0.892,0.578,0,"3","DAZAP1"
0,1.10963104289493,0.966,0.874,0,"3","GSTP1"
1.11407216785153e-09,1.1086905664915,0.385,0.167,2.27994869150816e-05,"3","PRKD3"
1.33226762955019e-15,1.10849952005063,0.507,0.189,2.72648570387446e-11,"3","LRRC42"
0,1.10682420411432,0.966,0.848,0,"3","PA2G4"
1.18121068481969e-11,1.10633864254272,0.351,0.129,2.41734766648349e-07,"3","PPRC1"
0,1.10587367986969,0.831,0.488,0,"3","ZDHHC12"
0,1.10315995149493,0.75,0.349,0,"3","HAUS1"
5.466049834979e-10,1.10308845678442,0.392,0.168,1.11862709872845e-05,"3","GOT1"
0,1.10294330835376,0.993,0.932,0,"3","SLC25A5"
0,1.10210963558258,0.75,0.382,0,"3","CGAS"
0,1.10186661121657,0.75,0.368,0,"3","EEF1E1"
0,1.09626075160087,0.953,0.766,0,"3","H2AFY"
7.90658649663101e-11,1.09563990739955,0.365,0.141,1.61808292653554e-06,"3","FBXO4"
6.34892138862142e-12,1.08934764859611,0.385,0.145,1.29930676218137e-07,"3","TSPAN3"
2.09865569367196e-09,1.08860460151183,0.264,0.094,4.29489887709966e-05,"3","PDF"
1.86073378927176e-13,1.08547915971309,0.419,0.157,3.80799169974466e-09,"3","SPINDOC"
0,1.08522684965897,0.777,0.409,0,"3","VBP1"
0,1.0833453688722,0.98,0.876,0,"3","SRSF7"
2.44249065417534e-15,1.08005447558489,0.493,0.185,4.99855712376984e-11,"3","PACSIN2"
0,1.07886698746417,0.635,0.247,0,"3","NDUFAF6"
9.31917760738088e-08,1.07875609077688,0.264,0.104,0.0019071696973505,"3","VANGL1"
6.4489682483071e-09,1.07778104063314,0.25,0.088,0.000131978135201605,"3","MPV17L2"
6.29187379974638e-08,1.07688097842097,0.27,0.11,0.0012876319731181,"3","KRT7"
8.43769498715119e-15,1.07576203562511,0.568,0.238,1.72677427912049e-10,"3","CHAMP1"
0,1.07558476487618,0.858,0.457,0,"3","PGD"
4.44089209850063e-16,1.07551090664948,0.595,0.251,9.08828567958153e-12,"3","ACD"
0,1.0729348229211,0.858,0.537,0,"3","CYCS"
2.32303065672568e-12,1.06925733139373,0.649,0.35,4.7540822389891e-08,"3","CDK2AP1"
5.77315972805081e-15,1.06921398834424,0.534,0.214,1.1814771383456e-10,"3","BTBD6"
3.10862446895044e-15,1.06867175433174,0.689,0.347,6.36179997570707e-11,"3","SVIP"
0,1.06775925872686,0.858,0.621,0,"3","ATP5MC1"
0,1.06702775883126,0.98,0.88,0,"3","SNRPG"
4.6149906118842e-10,1.06591590991414,0.277,0.097,9.44457828722101e-06,"3","MSANTD3"
1.0769163338864e-13,1.06395463051548,0.601,0.266,2.20390927729852e-09,"3","TOR3A"
7.01660951563099e-14,1.06136773008678,0.5,0.204,1.43594913737388e-09,"3","KHSRP"
0,1.05866915608384,0.615,0.244,0,"3","CEP128"
3.5527136788005e-15,1.0569077895934,0.459,0.164,7.27062854366523e-11,"3","SYNJ2"
1.07389741543784e-09,1.05658269013026,0.311,0.118,2.19773106069354e-05,"3","AP002495.1"
0,1.05643183814299,0.784,0.359,0,"3","CASP8AP2"
2.30704344517108e-13,1.05628574191118,0.554,0.242,4.72136441054261e-09,"3","EBNA1BP2"
0,1.05497704036563,0.926,0.567,0,"3","RECQL"
3.64175356537544e-12,1.0535848127593,0.561,0.268,7.45284867154083e-08,"3","HCFC1"
1.02140518265514e-13,1.0511361662602,0.608,0.296,2.09030570630375e-09,"3","MCUR1"
0,1.05076042944938,0.872,0.497,0,"3","SNRNP40"
2.8199664825479e-14,1.04976889481585,0.561,0.24,5.77106140653427e-10,"3","TUBGCP3"
1.1300253399682e-08,1.04912659806303,0.277,0.106,0.000231259685824492,"3","FANCM"
9.90774129405736e-11,1.0475405282894,0.345,0.132,2.02761925582884e-06,"3","PPIL1"
9.10382880192628e-15,1.04652732979725,0.284,0.079,1.86309856431421e-10,"3","MYB"
1.55431223447522e-15,1.04481170018194,0.581,0.243,3.18089998785354e-11,"3","HRAS"
9.76996261670138e-14,1.04446229516842,0.459,0.175,1.99942284950794e-09,"3","SAAL1"
0,1.04411800643324,0.723,0.31,0,"3","NABP2"
2.01616501271928e-12,1.04113355254953,0.432,0.171,4.12608169853002e-08,"3","ACAD9"
0,1.03452794477213,0.986,0.806,0,"3","HNRNPR"
1.33226762955019e-15,1.03353569321343,0.669,0.295,2.72648570387446e-11,"3","HTRA2"
0,1.03273534281856,0.919,0.668,0,"3","SUPT16H"
0,1.03015261132837,0.905,0.565,0,"3","SNRPA1"
2.20579525755937e-08,1.02993243765416,0.351,0.154,0.000451415999459526,"3","ACAP3"
3.90798504668055e-14,1.0279999371909,0.676,0.335,7.99769139803175e-10,"3","TOMM40"
5.99520433297585e-14,1.02524955212718,0.736,0.394,1.22691856674351e-09,"3","GPAA1"
5.75761660570606e-13,1.02414573392534,0.514,0.214,1.17829623835775e-08,"3","ZDHHC13"
0,1.02389280589982,0.959,0.781,0,"3","RAD21"
1.30118138486068e-13,1.02344520037575,0.669,0.34,2.66286770411739e-09,"3","TIMM10"
0,1.0228328197008,0.946,0.647,0,"3","PSMB2"
1.20100620559782e-08,1.02250227407051,0.392,0.19,0.000245785919975594,"3","RAMP1"
2.54486317352587e-07,1.02154008117459,0.257,0.107,0.00520806248462069,"3","HBEGF"
3.37640906344916e-08,1.02107561971063,0.25,0.093,0.00069098211483487,"3","GCA"
4.44089209850063e-16,1.02086097506673,0.703,0.345,9.08828567958153e-12,"3","TPRKB"
2.04192218689059e-11,1.02056842390482,0.378,0.139,4.17879375547159e-07,"3","WDYHV1"
6.66133814775094e-16,1.01733139093376,0.757,0.388,1.36324285193723e-11,"3","CSRP1"
6.91608992298143e-11,1.01516955297685,0.378,0.152,1.41537780273815e-06,"3","UBL7-AS1"
1.55431223447522e-14,1.01442999125127,0.676,0.327,3.18089998785354e-10,"3","UBL4A"
6.28765262078446e-10,1.01300638066887,0.331,0.125,1.28676810884354e-05,"3","CHCHD4"
9.10382880192628e-14,1.0112194015043,0.554,0.244,1.86309856431421e-09,"3","SLF1"
9.47042444465751e-12,1.01047762254155,0.318,0.106,1.93812236259916e-07,"3","GNPNAT1"
1.32585054046785e-11,1.0096145884647,0.345,0.123,2.71335313106746e-07,"3","CCHCR1"
0,1.00909521551464,0.75,0.376,0,"3","DLEU2"
6.32827124036339e-14,1.00682916685143,0.642,0.3,1.29508070934037e-09,"3","NUP160"
0,1.00666092143787,0.865,0.48,0,"3","PAICS"
1.11022302462516e-15,1.00625526343727,0.75,0.394,2.27207141989538e-11,"3","HSPH1"
1.06581410364015e-12,1.00603088722942,0.574,0.269,2.18118856309957e-08,"3","FARSB"
6.85497436592186e-10,1.00600782697595,0.264,0.089,1.40287050398591e-05,"3","CENPV"
9.68913838050867e-12,1.00377361177341,0.338,0.118,1.9828821695711e-07,"3","EXOSC2"
0,1.00358152806433,0.878,0.559,0,"3","PTBP1"
0,1.00355059490428,0.865,0.469,0,"3","PSMD14"
3.05957659207934e-09,1.00271934634246,0.297,0.111,6.26142349569037e-05,"3","KCTD6"
0,1.00265812442894,0.986,0.936,0,"3","HNRNPF"
1.3636203277656e-11,1.00261842843527,0.493,0.217,2.7906490007723e-07,"3","BLVRB"
1.23757539771674e-08,0.999798997289132,0.311,0.126,0.000253269805142731,"3","FNDC10"
0,0.997573422282987,0.838,0.483,0,"3","CCDC167"
2.99274605097821e-10,0.997251058134765,0.324,0.121,6.12465479332691e-06,"3","RAD51D"
0,0.996903537389938,0.696,0.31,0,"3","WWOX"
0,0.995255271649192,0.912,0.674,0,"3","TOMM5"
0,0.994971328737783,0.986,0.901,0,"3","CALR"
0,0.994928197443431,0.777,0.383,0,"3","GART"
2.07367456539487e-12,0.994689524318446,0.493,0.205,4.2437749980806e-08,"3","NUP205"
0,0.993205388347932,0.953,0.658,0,"3","HNRNPM"
6.66133814775094e-16,0.987620090951098,0.824,0.504,1.36324285193723e-11,"3","HDGF"
9.23544556385991e-08,0.985170266280239,0.291,0.121,0.00189003393464393,"3","SRD5A3"
1.01530117646575e-10,0.984058631682205,0.351,0.135,2.07781385763717e-06,"3","ABHD5"
2.70894418008538e-14,0.983262199963133,0.703,0.347,5.54385426454473e-10,"3","IMPDH1"
4.44297709734087e-10,0.982628484427842,0.25,0.08,9.0925526297081e-06,"3","AP4M1"
8.88178419700125e-16,0.982268026470321,0.689,0.327,1.81765713591631e-11,"3","MPDU1"
0,0.981955643907831,0.811,0.415,0,"3","SNX10"
1.59650070941098e-11,0.980288843201485,0.5,0.221,3.26723870180956e-07,"3","NFYB"
5.99520433297585e-15,0.979988590838125,0.736,0.356,1.22691856674351e-10,"3","MRPL27"
0,0.979550223451439,0.993,0.856,0,"3","SRSF3"
0,0.979039490031507,0.939,0.591,0,"3","CENPK"
2.22044604925031e-16,0.9780591014828,0.709,0.328,4.54414283979077e-12,"3","EXOSC9"
0,0.977373936429806,0.986,0.832,0,"3","RALY"
0,0.977349892023243,0.797,0.468,0,"3","CMC2"
1.85712711875397e-09,0.976915730281203,0.399,0.176,3.80061064852999e-05,"3","TXNDC5"
0,0.975682017917012,0.797,0.409,0,"3","POLE4"
9.72668612320149e-11,0.975002387442436,0.385,0.15,1.99056631511318e-06,"3","TADA2A"
2.01279921618891e-08,0.973388972283948,0.365,0.16,0.00041191935959306,"3","ZNF718"
2.88657986402541e-14,0.97288815353272,0.486,0.184,5.907385691728e-10,"3","CNP"
8.94395668638026e-13,0.972048696517633,0.608,0.292,1.83038073586772e-08,"3","GALK1"
0,0.96982664357406,0.912,0.616,0,"3","ARPC5L"
9.26814180957081e-13,0.968927510297927,0.419,0.154,1.89672522132867e-08,"3","MPND"
3.30846461338297e-14,0.968082795898158,0.662,0.311,6.77077283128824e-10,"3","SIGMAR1"
0,0.96737501627983,0.703,0.321,0,"3","PPIF"
0,0.966763788688816,0.791,0.477,0,"3","RNASEH2C"
6.65934254406864e-08,0.966387423296135,0.297,0.125,0.00136283445164365,"3","DUSP14"
2.80055978407745e-11,0.96427010997085,0.473,0.207,5.7313455981145e-07,"3","CEBPG"
0,0.963827337233383,0.831,0.547,0,"3","FAF1"
2.03168593060354e-11,0.963092964827357,0.459,0.198,4.15784525698015e-07,"3","PCGF6"
6.60960175480341e-12,0.959706682182588,0.318,0.106,1.35265499912052e-07,"3","NET1"
2.38697950294409e-13,0.958765116247003,0.723,0.377,4.88495355277507e-09,"3","UCHL5"
3.36739525153007e-11,0.958559830966538,0.514,0.228,6.89137438225629e-07,"3","TCOF1"
1.37667655053519e-14,0.958425854769487,0.655,0.283,2.81736856067027e-10,"3","NUP37"
0,0.957778962341243,0.959,0.782,0,"3","CKLF"
2.36699548850083e-13,0.957747211087066,0.75,0.449,4.84405626721696e-09,"3","STIP1"
0,0.956710052336232,0.919,0.595,0,"3","NUDT21"
3.46886230850885e-09,0.956616983998867,0.27,0.104,7.09902671436335e-05,"3","ATP8B4"
4.49106359434737e-07,0.956098175719708,0.27,0.113,0.00919096164583189,"3","TWSG1"
0,0.955263629444048,0.885,0.603,0,"3","FDPS"
1.79493108820594e-07,0.95314271702047,0.446,0.238,0.00367332647201346,"3","CTSH"
2.83284506963355e-12,0.952950943490097,0.601,0.292,5.79741743500506e-08,"3","TMEM107"
1.33226762955019e-15,0.952621266245976,0.723,0.369,2.72648570387446e-11,"3","CBX1"
0,0.951927787982896,0.878,0.61,0,"3","COX17"
3.20897530770026e-10,0.951547926171386,0.595,0.303,6.56716796720858e-06,"3","RUVBL2"
0,0.950579673416111,0.926,0.659,0,"3","SNRPE"
6.84341472378946e-13,0.948984488887373,0.595,0.276,1.40050482322351e-08,"3","TBC1D10B"
0,0.948454344710733,0.993,0.964,0,"3","COX8A"
2.63788990650937e-13,0.946955191782198,0.635,0.3,5.39844169367143e-09,"3","BRIX1"
0,0.946633208645829,0.926,0.579,0,"3","SUMO3"
5.69454261523106e-10,0.945695520333086,0.358,0.143,1.16538814620704e-05,"3","TIMM21"
2.28521201961485e-09,0.945032958697567,0.358,0.147,4.67668639814178e-05,"3","DPYSL2"
1.63680180520487e-11,0.94430398538734,0.486,0.202,3.34971489435176e-07,"3","ADCK2"
1.96862526280484e-11,0.94404233025561,0.743,0.463,4.0287916003301e-07,"3","HLA-DRA"
7.06437199848864e-08,0.943463652386344,0.27,0.107,0.0014457237294907,"3","SRXN1"
0,0.943263695258637,0.899,0.565,0,"3","TXNRD1"
0,0.943197246309629,0.912,0.647,0,"3","CCT5"
0,0.942819746881172,0.959,0.612,0,"3","TMEM160"
2.22044604925031e-16,0.941440950159101,0.905,0.606,4.54414283979077e-12,"3","LSM5"
4.66293670342566e-15,0.94133071781348,0.709,0.36,9.54269996356061e-11,"3","RNF168"
0,0.940530043760751,0.939,0.714,0,"3","YWHAQ"
6.66133814775094e-15,0.938959232634708,0.723,0.389,1.36324285193723e-10,"3","CHRAC1"
9.10889808025672e-09,0.93855024494943,0.264,0.096,0.000186413599212454,"3","TAF5"
7.39874828070697e-12,0.938322842280002,0.534,0.246,1.51415383564668e-07,"3","TRIOBP"
0,0.93782993850055,0.885,0.511,0,"3","TPGS2"
5.1300799101428e-05,0.935906558091759,0.689,0.524,1,"3","GZMA"
0,0.935205280855496,0.966,0.775,0,"3","MAZ"
3.14415160573844e-13,0.933236402446829,0.601,0.279,6.43450626114372e-09,"3","PCNT"
5.30686605770825e-14,0.932561701408245,0.601,0.264,1.08605013870999e-09,"3","AKIP1"
4.44089209850063e-16,0.932205386566922,0.851,0.51,9.08828567958153e-12,"3","MEA1"
4.39936975737965e-12,0.930713029091319,0.73,0.428,9.00331020847744e-08,"3","MRPL17"
8.77023564882506e-10,0.930647622063369,0.419,0.18,1.79482872553205e-05,"3","GCSH"
0,0.930479502161032,0.993,0.979,0,"3","CHCHD2"
4.18858281392431e-11,0.92881749017618,0.541,0.26,8.57193472869611e-07,"3","HPF1"
4.07737177354761e-10,0.927120572416374,0.486,0.232,8.34434133456519e-06,"3","NOP16"
0,0.926895963459384,0.939,0.755,0,"3","NDUFA6"
0,0.926205843934993,0.939,0.686,0,"3","ILF2"
1.11022302462516e-15,0.925534716920559,0.831,0.517,2.27207141989538e-11,"3","UBE2A"
0,0.924708819644925,0.926,0.718,0,"3","PRDX3"
0,0.921478588631394,0.899,0.578,0,"3","TCP1"
3.44111288352877e-08,0.919764446647789,0.25,0.093,0.000704223751614164,"3","MORC4"
0,0.917778776139375,0.912,0.565,0,"3","BAZ1B"
4.44089209850063e-16,0.915849701255942,0.764,0.382,9.08828567958153e-12,"3","COMMD4"
5.88164406067904e-10,0.914956399457987,0.27,0.092,1.20367845701796e-05,"3","TIMM8A"
0,0.91459080152486,0.872,0.546,0,"3","EFHD2"
8.01581023779363e-14,0.914518484157983,0.75,0.379,1.64043556516447e-09,"3","NUP62"
0,0.913158758411619,0.959,0.733,0,"3","MRPL51"
2.68673971959288e-14,0.90963740001429,0.946,0.749,5.49841283614683e-10,"3","MT2A"
2.22926122006584e-11,0.90948851497483,0.696,0.371,4.56218308686474e-07,"3","CNOT9"
2.486026939863e-10,0.909316823581205,0.324,0.119,5.08765413242962e-06,"3","PAXIP1"
3.33421330767081e-07,0.907489672707945,0.284,0.12,0.00682346753414831,"3","TRIP6"
1.87006548024726e-08,0.906893899282719,0.412,0.187,0.000382708900532602,"3","SLC25A17"
6.59472476627343e-14,0.906550905274829,0.872,0.565,1.34961042341786e-09,"3","PLP2"
9.25926002537381e-14,0.906136373124765,0.743,0.408,1.89490756419275e-09,"3","SRRT"
2.02093008994098e-10,0.904386440633862,0.561,0.273,4.13583342906421e-06,"3","SPTSSA"
2.02324823561639e-11,0.902176133306,0.507,0.226,4.14057751418895e-07,"3","NUP93"
4.30375687110462e-06,0.898910017664292,0.432,0.237,0.0880763843671561,"3","CTSW"
1.88974418335874e-08,0.898495004609491,0.264,0.098,0.000386736147124367,"3","IFT22"
0,0.897533611106809,0.966,0.761,0,"3","PPM1G"
6.13316908371075e-09,0.897522808692583,0.318,0.128,0.000125515305298141,"3","SUSD1"
3.88578058618805e-14,0.896665250562794,0.662,0.301,7.95224996963384e-10,"3","EXOSC3"
0,0.894945186793212,0.865,0.497,0,"3","MRPL11"
0,0.894600781818318,0.966,0.717,0,"3","TRA2B"
0,0.894529258189725,0.986,0.857,0,"3","CBX3"
1.10752074178322e-10,0.894460195285105,0.635,0.331,2.26654119805936e-06,"3","PAFAH1B3"
2.36588526547621e-12,0.894207437358024,0.662,0.333,4.84178419579706e-08,"3","MED30"
0,0.893408997263998,0.966,0.719,0,"3","ANAPC11"
0,0.891755631081683,1,0.954,0,"3","YBX1"
9.99200722162641e-15,0.890914406129796,0.736,0.391,2.04486427790584e-10,"3","EIF2S1"
2.33235653013253e-12,0.88959482111658,0.568,0.255,4.77316763891622e-08,"3","SLF2"
6.04849503815785e-11,0.888480846437927,0.5,0.237,1.237824509559e-06,"3","DUSP6"
2.9255509126358e-10,0.88836008355485,0.48,0.218,5.98713994270916e-06,"3","PRPF4"
1.12194475931915e-10,0.888236109103361,0.385,0.15,2.29605994994664e-06,"3","TTLL12"
1.7874590696465e-13,0.885619870040826,0.804,0.511,3.65803498603157e-09,"3","RPA2"
0,0.88546154514507,0.885,0.69,0,"3","LSM2"
1.05364605929026e-09,0.884737741066277,0.291,0.103,2.15628666033751e-05,"3","HNRNPA1P48"
0,0.884179180999944,0.98,0.913,0,"3","HNRNPD"
1.34918656802263e-06,0.883890218831224,0.25,0.103,0.0276111031145831,"3","NPM3"
1.54543045027822e-13,0.881516348008698,0.628,0.285,3.16272341649437e-09,"3","CCDC137"
1.80744308408975e-13,0.881052016688423,0.628,0.274,3.69893227158968e-09,"3","VRK2"
4.01900734914307e-14,0.880265693099618,0.642,0.295,8.22489854002129e-10,"3","HMGXB4"
0,0.878929187839007,0.993,0.894,0,"3","TALDO1"
4.3041348263273e-10,0.878418298627882,0.419,0.179,8.80841192207882e-06,"3","VKORC1L1"
0,0.877993990066497,0.885,0.588,0,"3","RPA1"
1.16795462190566e-13,0.877581984000679,0.73,0.391,2.39021913372994e-09,"3","PIGX"
1.11036861261127e-07,0.876782287717185,0.554,0.321,0.00227236936570896,"3","PRDX4"
2.39121846301593e-06,0.876265938251958,0.311,0.149,0.048936285845621,"3","MAK16"
2.22044604925031e-15,0.876066304177437,0.932,0.805,4.54414283979077e-11,"3","JPT1"
1.55431223447522e-15,0.874675983817125,0.851,0.579,3.18089998785354e-11,"3","NUDC"
9.73699787465421e-10,0.874572645093723,0.358,0.141,1.99267661504798e-05,"3","TTL"
8.3366646919103e-12,0.873967773431878,0.669,0.352,1.70609842919944e-07,"3","TIMM23"
0,0.873229317831341,0.878,0.643,0,"3","ADRM1"
1.12669705787383e-07,0.873079971184712,0.392,0.184,0.00230578552893879,"3","MMAB"
1.39756127826018e-06,0.872197330237122,0.297,0.134,0.0286010915595947,"3","TXNDC16"
7.68589636379602e-11,0.872128747119943,0.338,0.123,1.57291869085086e-06,"3","COQ2"
5.57413892821046e-10,0.87188796181427,0.541,0.261,1.14074753165827e-05,"3","C1orf35"
3.24343218949252e-10,0.87081298887624,0.608,0.319,6.63768397579645e-06,"3","SNHG15"
4.88498130835069e-15,0.869259805353449,0.716,0.375,9.99711424753968e-11,"3","MIR4435-2HG"
1.37541210865066e-06,0.869254276526643,0.27,0.118,0.0281478088035358,"3","HIST1H3A"
0,0.86841231460611,0.919,0.691,0,"3","ELOC"
1.53090851107152e-09,0.866902707665715,0.351,0.14,3.13300426790786e-05,"3","ZNF714"
4.14541512228084e-10,0.866769175010148,0.676,0.385,8.48359204774773e-06,"3","TFRC"
0,0.865568284009099,0.946,0.763,0,"3","CDK2AP2"
1.94316014390239e-08,0.865152206565728,0.365,0.16,0.000397667723449624,"3","ENTPD1-AS1"
8.84934281408789e-09,0.863775001672602,0.905,0.742,0.000181101800690309,"3","LGALS1"
1.08835163104004e-11,0.863579790573014,0.385,0.141,2.22731161292344e-07,"3","PIGU"
8.17237655326153e-09,0.862550443254151,0.439,0.205,0.000167247686162497,"3","CENPB"
2.16563234900491e-07,0.862383023574724,0.257,0.103,0.00443196660223855,"3","ARL13B"
3.95920729534538e-08,0.862108038095511,0.439,0.211,0.000810251772992432,"3","KNOP1"
1.55479166719097e-05,0.861328671576186,0.277,0.135,0.318188114690632,"3","KLHL8"
2.86080936717781e-10,0.860919315272216,0.48,0.217,5.85464636992938e-06,"3","IDH3A"
6.07291994469961e-13,0.860787545559697,0.723,0.403,1.24282306668277e-08,"3","NELFE"
2.22044604925031e-16,0.860470168361823,0.946,0.811,4.54414283979077e-12,"3","LBR"
3.14770431941724e-12,0.85952372861408,0.561,0.249,6.44177688968739e-08,"3","ODF2"
1.1003197242232e-08,0.859216200816367,0.676,0.415,0.000225180431562277,"3","TSTA3"
4.52320403354634e-11,0.85867665364214,0.392,0.152,9.25673705465258e-07,"3","ITPR3"
5.72626146499999e-09,0.858310112641489,0.439,0.209,0.000117187940881225,"3","RAD9A"
8.03665800575004e-10,0.857735860186203,0.541,0.261,1.64470206087675e-05,"3","AP1B1"
5.15257037037031e-09,0.85622235087078,0.669,0.382,0.000105447352629628,"3","CD320"
4.06585876078225e-12,0.855725044272999,0.676,0.342,8.32077995394087e-08,"3","RPP30"
0,0.854976523161895,0.892,0.591,0,"3","RABL6"
4.68115768370581e-09,0.854156990945618,0.331,0.134,9.57998919970393e-05,"3","SELENOI"
3.62018637289907e-10,0.853976275506086,0.385,0.153,7.40871141213795e-06,"3","PARD6A"
3.00632851946148e-11,0.852712670829876,0.642,0.325,6.15245131507791e-07,"3","NOLC1"
1.50768286744096e-13,0.851405447578173,0.791,0.449,3.08547298821793e-09,"3","SH3GLB2"
9.86566384142407e-12,0.851037089159665,0.493,0.22,2.01900810514744e-07,"3","OSM"
3.10862446895044e-15,0.849979848803789,0.831,0.516,6.36179997570707e-11,"3","PSMD1"
1.82104042956155e-09,0.849870505933356,0.541,0.265,3.72675923909771e-05,"3","DPP3"
2.99494762323604e-09,0.848553202872472,0.466,0.217,6.12916031095256e-05,"3","SLC38A5"
2.97415159167258e-08,0.848215059654239,0.405,0.193,0.000608660123235794,"3","TEX14"
0,0.84803584462929,1,0.991,0,"3","CFL1"
2.09223016689464e-08,0.847119809422125,0.365,0.157,0.000428174903654988,"3","CNNM3"
4.26350066362602e-11,0.847045831975308,0.459,0.198,8.72525410811065e-07,"3","ALMS1"
3.99105116732912e-07,0.846959934068462,0.439,0.228,0.00816768621393904,"3","RAP2A"
0,0.846437602836189,0.973,0.839,0,"3","HSPD1"
2.9648161259388e-08,0.846102120339135,0.345,0.143,0.000606749620173375,"3","SLC25A25"
1.14636613757213e-07,0.84601186253217,0.412,0.212,0.00234603830054136,"3","CD70"
9.72777414176562e-13,0.843596655257711,0.689,0.355,1.99078897811233e-08,"3","HAUS4"
1.82435282436444e-08,0.843551235850303,0.453,0.218,0.000373353805506182,"3","MANEA"
2.19932718703575e-08,0.842421617216609,0.331,0.139,0.000450092308826866,"3","POT1"
2.80510747963092e-09,0.840985791880901,0.338,0.136,5.74065245706468e-05,"3","TJP2"
9.43656264240644e-11,0.840906089104884,0.568,0.265,1.93119254476848e-06,"3","DUSP23"
6.11902866820557e-07,0.839651930680676,0.351,0.17,0.0125225921694827,"3","RAB3IP"
2.0238385611826e-07,0.839457511185361,0.318,0.14,0.00414178561546019,"3","EMC9"
0,0.839197213930883,1,0.992,0,"3","VIM"
4.16323420182607e-10,0.838621736306623,0.412,0.169,8.52005879403706e-06,"3","FOXRED1"
2.53819187889803e-12,0.837918428464247,0.696,0.373,5.19440968016482e-08,"3","PANK2"
1.46516132559782e-11,0.837717303690087,0.655,0.322,2.99845265283594e-07,"3","GOT2"
2.09706401133047e-08,0.837123959547067,0.385,0.174,0.000429164149918781,"3","ST3GAL3"
4.71178651650916e-13,0.836716679861544,0.736,0.373,9.642671106036e-09,"3","MRPS26"
3.06421554796543e-12,0.836608159583216,0.75,0.434,6.27091711891126e-08,"3","PRPF19"
7.32610276887868e-08,0.836316034751114,0.338,0.146,0.00149928693165102,"3","ATPAF2"
0,0.835629879742809,1,0.896,0,"3","PRDX1"
2.37939756786432e-09,0.834750261843485,0.52,0.259,4.86943712263432e-05,"3","PARVB"
1.17785781128532e-11,0.834392199194554,0.5,0.216,2.41048601079541e-07,"3","PDE4A"
8.36551938832031e-10,0.834022482747021,0.568,0.272,1.71200354281975e-05,"3","MFSD14B"
7.42517158869305e-13,0.833194786758666,0.811,0.472,1.51956136562603e-08,"3","ELAVL1"
4.9737991503207e-14,0.832512280899691,0.757,0.416,1.01788799611313e-09,"3","IPO5"
0,0.83178838952947,0.953,0.689,0,"3","TRIM28"
3.59911182190586e-07,0.830992413365908,0.257,0.104,0.00736558234353035,"3","CLPB"
0,0.828959589743132,0.939,0.73,0,"3","CCT6A"
2.31277219597814e-11,0.827975065557935,0.507,0.225,4.73308829906927e-07,"3","ARHGAP10"
6.50368647825417e-13,0.825685251910275,0.797,0.502,1.33097943777472e-08,"3","MAT2A"
1.83055792746245e-11,0.825138613411834,0.493,0.21,3.7462367985519e-07,"3","OBI1"
3.95239396766556e-14,0.824626338790538,0.885,0.652,8.08857425482756e-10,"3","GSTO1"
0,0.824032802884623,0.959,0.882,0,"3","ERH"
1.18061116438639e-12,0.823709747777587,0.804,0.445,2.41612074791675e-08,"3","AHSA1"
1.2923453418523e-08,0.823438815274355,0.527,0.293,0.000264478474210073,"3","HLA-DQB1"
4.045874746339e-11,0.822443225683469,0.338,0.119,8.27988266838275e-07,"3","ACER3"
0,0.82214773903764,0.98,0.835,0,"3","POLR2L"
6.55562271134613e-11,0.822143267742601,0.682,0.362,1.34160818787699e-06,"3","NSMCE4A"
6.30384633382164e-13,0.821358253058964,0.831,0.577,1.2900821522166e-08,"3","PHB"
0.000869077578885769,0.821087568011662,0.25,0.143,1,"3","PTP4A3"
4.40314451566337e-13,0.820394218372516,0.804,0.461,9.01103525130509e-09,"3","MYCBP"
1.41345856818909e-06,0.819948074655977,0.257,0.108,0.0289264295979896,"3","DGCR8"
8.43147773821329e-12,0.819906017526436,0.73,0.384,1.72550191912535e-07,"3","TCTEX1D2"
9.17932396760079e-13,0.819800948267871,0.75,0.408,1.8785486499695e-08,"3","NUP58"
7.89368570508486e-13,0.818897811209513,0.851,0.535,1.61544277954562e-08,"3","ACTN4"
0,0.818029009495029,0.959,0.828,0,"3","UQCRQ"
9.67809765661798e-09,0.817660846987242,0.52,0.267,0.000198062268542687,"3","HLA-DMA"
8.93064200369054e-09,0.816642922881974,0.385,0.168,0.000182765588605527,"3","SLCO4A1"
3.08833669682151e-06,0.815366633049369,0.311,0.147,0.0632028105004523,"3","SLC4A2"
6.34825525480665e-13,0.814709797740815,0.811,0.486,1.29917043789618e-08,"3","MRPL13"
2.86995938125756e-09,0.814601226205664,0.5,0.231,5.87337187374359e-05,"3","HAUS3"
3.5527136788005e-15,0.813809693586094,0.912,0.637,7.27062854366523e-11,"3","SNRPC"
7.01096958266589e-11,0.81316082504868,0.486,0.212,1.43479492509258e-06,"3","SLC16A1"
8.24462942583537e-07,0.812358006530658,0.297,0.132,0.0168726341199721,"3","NAA40"
9.98241422855983e-09,0.812280581376011,0.601,0.35,0.000204290107187477,"3","CXCR3"
2.55355736555885e-11,0.811916228537143,0.709,0.383,5.22585514861618e-07,"3","MRPL37"
1.31389565893869e-10,0.811046905610197,0.595,0.299,2.68888746601803e-06,"3","ARMC1"
5.24947851854307e-08,0.810673713135401,0.27,0.105,0.00107430577881984,"3","SFR1"
1.27511334824248e-11,0.810671987409053,0.791,0.533,2.60951946717825e-07,"3","TMX1"
4.34059677090204e-10,0.810516474207555,0.554,0.262,8.88303129165102e-06,"3","RHNO1"
1.3197525294828e-09,0.810294464642109,0.412,0.181,2.70087355158655e-05,"3","CCDC50"
1.12798659301916e-13,0.807118137512185,0.865,0.545,2.30842456261371e-09,"3","SLC25A39"
4.19090056427152e-05,0.807021434721422,0.264,0.128,0.857667800478166,"3","PIGQ"
3.31903291517222e-06,0.80599971188532,0.25,0.105,0.0679240086089994,"3","GEMIN2"
9.77289804637849e-10,0.805764862876852,0.365,0.147,2.00002358519136e-05,"3","CCDC138"
1.52766688188422e-13,0.805582279789394,0.824,0.464,3.12637027377605e-09,"3","AKT1"
2.68451927354363e-13,0.804556175497825,0.635,0.285,5.49386869330704e-09,"3","LRRC58"
0,0.80441917459412,1,0.993,0,"3","PPIA"
2.5896260469338e-08,0.802902048660122,0.588,0.321,0.000529966970505003,"3","PAK1"
0,0.802885203818132,1,0.999,0,"3","ACTB"
2.0436768783938e-06,0.802109796148406,0.277,0.123,0.041823847316329,"3","DLG3"
2.2040074210139e-09,0.799025015336138,0.405,0.177,4.51050118710494e-05,"3","PPCDC"
9.06452690685455e-12,0.798625113924449,0.764,0.441,1.85505543148778e-07,"3","PHF5A"
6.92724522632915e-07,0.798089731314646,0.284,0.123,0.0141766073556826,"3","INO80C"
4.00887101292824e-10,0.79774368218219,0.615,0.32,8.20415452795764e-06,"3","THOC6"
1.76947345664757e-11,0.797304008072387,0.757,0.435,3.62122742902926e-07,"3","RIF1"
3.00226510319135e-12,0.797130616529315,0.459,0.177,6.14413553368109e-08,"3","MPP1"
8.88178419700125e-16,0.79669120308861,0.899,0.556,1.81765713591631e-11,"3","SHMT2"
0,0.796403383581032,0.986,0.913,0,"3","XRCC5"
2.05514519602268e-06,0.796293250181591,0.405,0.206,0.0420585464366041,"3","IFT27"
2.75210654265834e-09,0.795092206578958,0.507,0.247,5.63218603955029e-05,"3","BAG2"
3.57922447236092e-08,0.794470289814385,0.75,0.53,0.000732488288268662,"3","TUBA1A"
1.27823973627983e-10,0.792868773957419,0.514,0.222,2.61591762029667e-06,"3","HAUS6"
4.96669281258022e-08,0.792712524272944,0.628,0.384,0.00101643368409454,"3","HLA-DRB1"
2.22044604925031e-16,0.792578405760316,0.905,0.646,4.54414283979077e-12,"3","SF3B4"
1.67763580805058e-10,0.792447118745583,0.601,0.292,3.43328168117552e-06,"3","ATP2A2"
1.30839827860996e-09,0.791545982531188,0.595,0.308,2.67763707717528e-05,"3","CYB5A"
3.70515174097363e-10,0.791001169167479,0.493,0.22,7.58259303790254e-06,"3","C1orf174"
0,0.790903728795289,0.973,0.779,0,"3","PDIA6"
4.60349536268723e-11,0.790233772363687,0.682,0.368,9.42105325973941e-07,"3","MRPS11"
0,0.790088158444946,0.98,0.907,0,"3","CALM3"
4.68688865495892e-10,0.78988363060624,0.534,0.263,9.59171763237343e-06,"3","EIF2B3"
3.10862446895044e-15,0.787838059148531,0.878,0.549,6.36179997570707e-11,"3","IER3IP1"
9.52571355128384e-14,0.78782482975884,0.878,0.585,1.94943727827024e-09,"3","DHX9"
6.39184705164553e-10,0.78764703929479,0.547,0.259,1.30809149911926e-05,"3","SLC39A3"
1.09799724867798e-09,0.786989113953799,0.453,0.2,2.2470513694195e-05,"3","FHOD1"
5.77645264954185e-10,0.786789321286448,0.608,0.317,1.18215103472874e-05,"3","RBM14"
2.63944421874385e-12,0.786680282246912,0.804,0.452,5.40162259365928e-08,"3","OXCT1"
2.55308996166548e-09,0.786324817641756,0.581,0.303,5.2248986065484e-05,"3","COMTD1"
4.57569448997219e-09,0.785968025565941,0.466,0.213,9.36415877372809e-05,"3","TOR2A"
6.82011291885942e-09,0.78542900134298,0.324,0.129,0.000139573610884458,"3","MPP6"
2.66453525910038e-15,0.785402539193348,0.899,0.584,5.45297140774892e-11,"3","XPO1"
5.55111512312578e-15,0.785366396558766,0.919,0.708,1.13603570994769e-10,"3","NDUFS6"
6.66133814775094e-16,0.783656711925761,0.939,0.671,1.36324285193723e-11,"3","ACAA2"
0,0.782480185695019,0.966,0.799,0,"3","ARHGDIA"
1.46749279394953e-12,0.781485936111766,0.899,0.78,3.00322400281772e-08,"3","HSPE1"
3.57119209626333e-06,0.780206827199201,0.304,0.15,0.0730844462500291,"3","PHLDA3"
2.43892461782025e-10,0.780185670747942,0.446,0.184,4.99125923036914e-06,"3","ISOC1"
5.90638649100583e-13,0.7788931878331,0.628,0.282,1.20874199538434e-08,"3","IPO9"
1.75415237890775e-14,0.778428844585342,0.919,0.711,3.5898728434347e-10,"3","RBBP4"
3.36194827532665e-09,0.77809731379294,0.527,0.254,6.880227145456e-05,"3","MGME1"
1.571561247804e-07,0.778018682307069,0.284,0.116,0.00321620009363088,"3","NNT-AS1"
0,0.77678298861836,1,0.97,0,"3","ANP32B"
1.90896232155069e-07,0.776445602192134,0.554,0.302,0.00390669139105349,"3","AL133415.1"
0,0.776161672040051,0.966,0.793,0,"3","BLOC1S1"
6.69970652289464e-08,0.775172474597803,0.372,0.166,0.00137109493991039,"3","ALCAM"
1.71185288166953e-11,0.77465894902434,0.73,0.422,3.50330692233669e-07,"3","CAMTA1"
2.22215579270824e-11,0.774593365467656,0.73,0.398,4.5476418297774e-07,"3","AFG3L2"
7.30526750203353e-14,0.773502684766684,0.905,0.633,1.49502299429116e-09,"3","CYC1"
0,0.772952500251312,1,0.996,0,"3","PFN1"
1.46971323999878e-12,0.771119731643948,0.797,0.466,3.00776814565751e-08,"3","TNF"
3.67293973013716e-10,0.768822761864472,0.764,0.464,7.5166711577257e-06,"3","ADI1"
9.91014754037067e-07,0.768594674064601,0.338,0.158,0.0202811169413686,"3","TAF9B"
7.6284756289624e-11,0.768450863431472,0.682,0.362,1.56116753746716e-06,"3","TMEM14A"
9.99045290939193e-12,0.76800640163451,0.858,0.575,2.04454618790706e-07,"3","SNRPA"
1.05508233261276e-08,0.767176635993031,0.446,0.205,0.0002159225993692,"3","SURF2"
1.51327395059297e-10,0.76714093703334,0.682,0.359,3.09691513988852e-06,"3","GSS"
3.61892535938324e-08,0.766797130876922,0.622,0.354,0.00074061307479778,"3","AMD1"
2.2311035241529e-09,0.76644453409175,0.568,0.29,4.56595336217891e-05,"3","UBXN2A"
1.76884951130774e-09,0.765994278419638,0.716,0.446,3.61995052489128e-05,"3","CRELD2"
3.81078944644564e-06,0.765521585127084,0.25,0.108,0.07798780602151,"3","PUSL1"
6.00758822688618e-08,0.765304773353968,0.466,0.235,0.00122945293063226,"3","PCK2"
1.26772293773669e-07,0.765064307442179,0.426,0.208,0.00259439499207814,"3","CPSF4"
5.36282129814936e-12,0.765026475500952,0.797,0.482,1.09750137866627e-07,"3","CISD3"
1.08583311231314e-08,0.764866018522868,0.324,0.132,0.000222215746434884,"3","MAGI3"
3.88578058618805e-14,0.762134911306223,0.878,0.649,7.95224996963384e-10,"3","NDUFB6"
1.55129242784824e-11,0.76099471132206,0.818,0.535,3.17471995359142e-07,"3","TACC1"
2.74912981268471e-10,0.760797123018081,0.764,0.47,5.62609416165927e-06,"3","LAP3"
4.7004715675314e-09,0.760027317845372,0.439,0.197,9.619515062953e-05,"3","SFXN4"
3.70474346755856e-08,0.759563700485332,0.507,0.251,0.000758175750635859,"3","POLR2D"
5.8543392356114e-11,0.758971287999558,0.818,0.508,1.19809052456787e-06,"3","HINT2"
3.33089493098626e-07,0.757799782233116,0.439,0.217,0.00681667647626338,"3","IFRD2"
8.01375348302713e-08,0.757546488412728,0.365,0.164,0.0016400146503015,"3","STX11"
5.77626835251976e-12,0.756730857410354,0.703,0.354,1.18211331834317e-07,"3","GLIPR2"
1.01923305728668e-06,0.755713035485882,0.27,0.116,0.020858604517372,"3","Z93241.1"
8.13296985313627e-10,0.75565796208825,0.736,0.448,1.66441228044434e-05,"3","LMF2"
1.89058990684998e-10,0.75497559978495,0.277,0.093,3.86909224436849e-06,"3","PHLPP1"
9.47142288820757e-07,0.754913045624526,0.297,0.136,0.0193832669407168,"3","MICAL2"
1.30467035841519e-07,0.753760771103577,0.277,0.11,0.0026700078884967,"3","PHF7"
1.37667655053519e-14,0.753466539049657,0.905,0.647,2.81736856067027e-10,"3","PSMD2"
1.18288763228946e-08,0.752725198182842,0.635,0.348,0.000242077953948039,"3","BCAT2"
9.66012358993851e-09,0.751976246738552,0.608,0.322,0.000197694429268092,"3","UBAC1"
1.90962046175969e-09,0.751223006740996,0.716,0.39,3.9080382749912e-05,"3","OTULINL"
3.14097977383021e-06,0.751049515126977,0.318,0.153,0.0642801510714353,"3","NOM1"
4.08749558644672e-08,0.750289844305138,0.372,0.163,0.000836505971766321,"3","TUBGCP5"
0,0.749425596626117,0.986,0.925,0,"3","PSMA7"
1.55431223447522e-15,0.748728323104047,0.926,0.681,3.18089998785354e-11,"3","ILF3"
1.15258913524485e-11,0.748602730035574,0.797,0.501,2.35877366527859e-07,"3","PNP"
1.37445610448594e-12,0.748325787126985,0.878,0.526,2.81282441783048e-08,"3","ITGB1BP1"
1.25854882071508e-12,0.747844281336593,0.919,0.676,2.57562016159341e-08,"3","MIS18BP1"
2.94553588631175e-07,0.747371515002244,0.5,0.266,0.00602803919133699,"3","TMEM70"
3.31103233719432e-09,0.74725986618078,0.682,0.402,6.77602767806817e-05,"3","DCPS"
0,0.746848094583959,0.986,0.937,0,"3","COX5A"
1.26376464848477e-10,0.745864832377056,0.858,0.597,2.58629435312407e-06,"3","STAG1"
1.76700018639231e-06,0.745794556131195,0.446,0.244,0.0361616588145186,"3","BOP1"
4.35626461348093e-07,0.745480798086871,0.419,0.202,0.00891509553148873,"3","FDXR"
2.44249065417534e-15,0.74542348928544,0.959,0.817,4.99855712376984e-11,"3","TPM4"
8.5918272496599e-10,0.74531135705286,0.662,0.373,1.7583174466429e-05,"3","BCAP29"
1.21616703880889e-05,0.745062469393151,0.426,0.247,0.24888858449224,"3","GNA15"
1.38950889505551e-06,0.743485487690623,0.534,0.322,0.0284362995373111,"3","DKC1"
5.50385181874447e-09,0.742387106059414,0.73,0.438,0.000112636327470605,"3","ARPP19"
0,0.742377211437287,0.986,0.918,0,"3","GNG5"
9.32587340685131e-15,0.742147945604353,0.642,0.299,1.90853999271212e-10,"3","AHI1"
1.20926819713318e-06,0.742014385416114,0.264,0.112,0.0247476736543306,"3","NEMP2"
2.79996419960682e-06,0.74153386270387,0.264,0.114,0.0573012673449536,"3","SLC5A6"
4.49054127216186e-11,0.741089740179306,0.723,0.443,9.18989271347925e-07,"3","ODC1"
7.58911339104884e-07,0.741014491349339,0.439,0.225,0.0155311205547815,"3","ZNF598"
0,0.740864870868386,0.966,0.794,0,"3","SNRPF"
8.47233394551949e-12,0.740696160240841,0.899,0.652,1.73386314195056e-07,"3","NHP2"
5.86077720576839e-07,0.739853207984026,0.311,0.14,0.011994080551605,"3","DUSP28"
0,0.739012133210641,0.966,0.72,0,"3","MRPL41"
3.08996828124464e-10,0.738044025726528,0.736,0.426,6.32362008756715e-06,"3","ELOVL1"
4.48692825694152e-06,0.73769941302883,0.338,0.163,0.0918249867783083,"3","SHQ1"
0.000220223143091003,0.73760962313911,0.392,0.237,1,"3","MIR181A1HG"
1.27431398766475e-12,0.73757813033845,0.797,0.43,2.60788357575592e-08,"3","SMARCA4"
2.8058671401876e-06,0.736521353070307,0.25,0.107,0.0574220710239393,"3","SYCE1L"
3.35745431456758e-09,0.735740615709465,0.716,0.394,6.87103025476254e-05,"3","PPT1"
4.48350712112244e-09,0.735720206145729,0.574,0.299,9.17549732337708e-05,"3","TAF1B"
2.90059087859618e-11,0.73542605134421,0.791,0.449,5.93605923304708e-07,"3","SLC25A11"
2.85405921118809e-10,0.735217169335764,0.595,0.281,5.84083217569642e-06,"3","GPANK1"
4.26010795528953e-08,0.735014157925014,0.541,0.278,0.000871831093050002,"3","NTMT1"
1.58776114000947e-05,0.734537064947188,0.311,0.151,0.324935317302938,"3","OSBPL11"
1.40913503088314e-10,0.734427797304953,0.777,0.501,2.88379484070234e-06,"3","POLR2K"
3.76482639730114e-07,0.733420138629097,0.324,0.148,0.00770471722207677,"3","XRCC4"
4.8926418472206e-11,0.733249637560436,0.831,0.526,1.0012791540337e-06,"3","NENF"
0.00022813272352562,0.733198971636505,0.277,0.151,1,"3","ID3"
0,0.730396331458573,0.993,0.93,0,"3","PSME2"
1.0054386212488e-09,0.730228080375193,0.845,0.618,2.05763013838567e-05,"3","RTN3"
9.72632563378539e-08,0.729010496516321,0.466,0.223,0.00199049254095418,"3","NIF3L1"
3.04683828611374e-07,0.728543441600148,0.845,0.583,0.00623535455253177,"3","SLC3A2"
6.93345725277794e-08,0.727014361245578,0.507,0.267,0.00141893202678101,"3","NCR3"
7.90109244697135e-09,0.726838034946642,0.52,0.259,0.000161695856927269,"3","ABHD12"
1.20894914079628e-07,0.726775710474823,0.588,0.332,0.00247411441663958,"3","AGPS"
1.44676310931402e-08,0.726766245663745,0.466,0.215,0.000296080070321114,"3","SLC25A22"
2.79399504421463e-07,0.726610694269194,0.561,0.333,0.00571791085798523,"3","MRPS25"
9.48962014080124e-07,0.72558272673861,0.324,0.15,0.0194205076181497,"3","ZNF66"
4.19122070383082e-10,0.725391587591739,0.784,0.505,8.57733317038978e-06,"3","DDB2"
0,0.724460096230324,0.993,0.977,0,"3","TPM3"
0,0.724357262151165,1,0.893,0,"3","SFPQ"
3.76391540157783e-09,0.724011935379778,0.534,0.254,7.70285286932904e-05,"3","TSFM"
1.85542017165918e-05,0.723826479682156,0.291,0.141,0.379711738130052,"3","TPMT"
1.59295845825191e-06,0.723516756944172,0.297,0.131,0.0325998948481254,"3","BCS1L"
8.4821039081362e-14,0.722175190507375,0.851,0.551,1.73586256480007e-09,"3","NIBAN1"
3.59910754532677e-08,0.721818193748927,0.581,0.319,0.000736557359151124,"3","CCDC14"
2.02677692406894e-08,0.721588625892838,0.426,0.194,0.000414779897510709,"3","CDC23"
2.22044604925031e-16,0.72111709486342,0.939,0.745,4.54414283979077e-12,"3","AP2S1"
0,0.720296116393758,1,0.939,0,"3","CALM2"
4.26188713209541e-08,0.720051120346223,0.432,0.206,0.000872195201583326,"3","RBM15"
2.1974224884147e-08,0.719873176223363,0.649,0.361,0.000449702512254069,"3","FGD5-AS1"
2.93350725710795e-07,0.719866187319293,0.399,0.192,0.00600342260167142,"3","MAP3K13"
2.04837102835143e-09,0.719009963816913,0.52,0.249,4.19199130952119e-05,"3","SFMBT1"
1.68395060606841e-06,0.718213147851776,0.378,0.192,0.03446204915319,"3","WRN"
1.73685527338208e-06,0.717433544317293,0.311,0.141,0.0355447431697642,"3","PUS1"
4.79281137000243e-08,0.716477136305635,0.804,0.582,0.000980848846870996,"3","PPP1R14B"
0,0.716240524535142,1,0.93,0,"3","PTGES3"
4.67198569364946e-06,0.715995613434756,0.345,0.168,0.0956121872205362,"3","SSH1"
2.02565827689405e-06,0.71523711753951,0.419,0.216,0.0414550966366367,"3","ZDHHC16"
2.45254927477845e-11,0.71504562194335,0.872,0.582,5.01914209083409e-07,"3","RAB8A"
3.02777607208427e-07,0.714639038438619,0.399,0.193,0.00619634373152045,"3","CSTF2"
4.73923809085619e-08,0.712706533184398,0.554,0.29,0.000969885075293719,"3","TTF1"
6.68891544375327e-08,0.711717157343354,0.358,0.162,0.00136888654556411,"3","TGFBR3"
7.60081089179465e-07,0.711339685006955,0.304,0.132,0.0155550594900578,"3","FASN"
7.61380682945401e-08,0.711112710254843,0.568,0.309,0.00155816556764776,"3","TAF6"
0,0.710901937420379,0.966,0.764,0,"3","PARP1"
1.21844686251649e-06,0.710295281951138,0.446,0.233,0.0249355150413999,"3","NUDCD1"
2.90501527278053e-08,0.709995013622317,0.52,0.261,0.000594511375574536,"3","GON7"
1.39487976724695e-09,0.708960357995726,0.804,0.579,2.85462144367088e-05,"3","TXNDC17"
5.51109056390331e-07,0.708542018910531,0.547,0.312,0.0112784468390281,"3","INSIG1"
3.61386476299685e-11,0.707579603253286,0.804,0.444,7.39577423747306e-07,"3","PLEKHJ1"
0,0.707178128069933,0.98,0.85,0,"3","XRCC6"
2.2790071319001e-07,0.70679842681276,0.419,0.203,0.00466398809543356,"3","HERC5"
1.40235290047031e-09,0.705217099792973,0.709,0.399,2.86991521081248e-05,"3","IPO7"
6.06079302301055e-08,0.705133879796707,0.5,0.246,0.00124034129215911,"3","DPAGT1"
7.24510039962212e-07,0.704887781240194,0.284,0.119,0.0148270979678267,"3","ANKRD40"
6.43937865252298e-08,0.704410898747571,0.372,0.163,0.00131781884123883,"3","PDRG1"
0,0.704300315353387,0.966,0.793,0,"3","IFI16"
2.22044604925031e-16,0.703900901302713,0.966,0.756,4.54414283979077e-12,"3","PSMB6"
2.22017046747069e-07,0.702989556786509,0.466,0.235,0.00454357886167878,"3","HSPBP1"
2.22044604925031e-16,0.702892320939619,0.939,0.754,4.54414283979077e-12,"3","RNPS1"
3.59401508553958e-09,0.702709602959734,0.554,0.283,7.35515187255675e-05,"3","DUSP4"
6.17601743080343e-08,0.702456448989139,0.358,0.156,0.00126392196721392,"3","MBNL3"
2.00528482707796e-12,0.70128901668924,0.939,0.746,4.10381539861504e-08,"3","NAA38"
3.47097057762369e-08,0.701104320171317,0.372,0.159,0.000710334128710688,"3","HENMT1"
5.8150941071311e-06,0.699264335611855,0.27,0.121,0.119005900902438,"3","NLRX1"
1.20053498220418e-05,0.698228545135524,0.304,0.148,0.245689484108086,"3","GEMIN6"
1.21383468165703e-07,0.696943549639439,0.662,0.395,0.00248411267601112,"3","ETF1"
2.50266434242974e-07,0.696305220475829,0.473,0.238,0.00512170257678246,"3","C15orf39"
2.45554188167407e-05,0.695780350805218,0.459,0.272,0.502526646084599,"3","HIST1H2BN"
9.8605009446473e-07,0.695017963351573,0.52,0.275,0.0201795151832207,"3","PTPMT1"
2.89784314988495e-07,0.694861935907706,0.615,0.36,0.00593043600623955,"3","ACAT1"
2.22044604925031e-16,0.694130521490962,0.986,0.882,4.54414283979077e-12,"3","EIF5A"
1.21779566431002e-08,0.692509473063542,0.595,0.307,0.000249221882701045,"3","EXOC6"
3.3255080866823e-07,0.692483147793947,0.412,0.197,0.00680565229939534,"3","KCTD9"
1.00914960832199e-08,0.691124452058641,0.412,0.178,0.000206522467343095,"3","PPP2R1B"
3.44467920854186e-09,0.690522117861599,0.777,0.471,7.04953600028091e-05,"3","ADIPOR1"
1.0795537797037e-09,0.689736809921923,0.703,0.39,2.20930681016362e-05,"3","ANKLE2"
3.48777889014329e-07,0.689367758138619,0.507,0.265,0.00713773949867824,"3","FTSJ3"
4.02999633664081e-09,0.689143623456576,0.736,0.417,8.24738750293541e-05,"3","PFDN6"
4.44089209850063e-16,0.688798644414974,0.953,0.741,9.08828567958153e-12,"3","RBM17"
3.8179346351086e-09,0.688735267025556,0.75,0.44,7.81340323074975e-05,"3","CCDC124"
1.34648621141764e-08,0.688634680371233,0.703,0.437,0.00027555840316662,"3","NUP153"
1.42766380939463e-08,0.68857843733721,0.534,0.254,0.000292171398592611,"3","NQO2"
1.74241469919068e-07,0.68834660393322,0.378,0.169,0.00356585168189372,"3","TMEM218"
1.06057259863235e-07,0.688270019325171,0.365,0.163,0.0021704618231011,"3","CEP97"
6.46040738305764e-06,0.687352016369753,0.412,0.222,0.132212237094275,"3","LIMK2"
0,0.687184306015031,1,0.97,0,"3","NCL"
8.72118155470503e-10,0.686974389212302,0.561,0.266,1.78478980517038e-05,"3","TMEM209"
2.83554224322913e-07,0.686894067619594,0.48,0.249,0.00580293720076841,"3","SFMBT2"
1.37077726947155e-09,0.686386213595809,0.601,0.299,2.80529568197352e-05,"3","RAVER1"
7.67891750186322e-10,0.686343207222378,0.804,0.496,1.57149046675631e-05,"3","CYB5B"
6.25644402951764e-09,0.686268232228111,0.791,0.551,0.000128038127064078,"3","FKBP3"
3.33066907387547e-15,0.686126794705184,0.939,0.841,6.81621425968615e-11,"3","PSMA2"
7.19681353400503e-07,0.685371657763772,0.432,0.218,0.0147282788973413,"3","UTP11"
1.80168990837615e-10,0.685253339452973,0.831,0.575,3.68715839749179e-06,"3","POLR2I"
2.33857377907043e-11,0.685244846850654,0.926,0.741,4.78589123886763e-07,"3","DNAJA1"
1.88350231611345e-06,0.684893527969833,0.351,0.166,0.0385458748992618,"3","FZR1"
3.61030183526623e-09,0.684396935021433,0.757,0.476,7.38848270587233e-05,"3","MRPS16"
1.26639143616103e-10,0.684294512799164,0.838,0.594,2.59167007410355e-06,"3","LAGE3"
4.3897330215259e-11,0.684065306121281,0.858,0.591,8.98358862855275e-07,"3","PTPN7"
1.5890319726708e-08,0.683216304782662,0.541,0.274,0.000325195393207078,"3","PSMG3"
0,0.682921143123145,0.973,0.892,0,"3","CCND3"
0,0.682841479641907,0.986,0.849,0,"3","DBI"
2.03452151792405e-07,0.682704714954256,0.608,0.35,0.00416364828643156,"3","CDK5RAP2"
1.14484253854741e-07,0.68252940072862,0.439,0.211,0.00234292025513727,"3","AMDHD2"
2.59262793456116e-08,0.68215230752043,0.52,0.268,0.000530581306807942,"3","TRIM26"
6.34118535458583e-10,0.682012709221821,0.838,0.535,1.29772358281599e-05,"3","EIF4G1"
1.05675468375921e-11,0.68167021233219,0.912,0.648,2.16264846031322e-07,"3","RAB5IF"
1.72491044558853e-07,0.681659566309689,0.507,0.268,0.00353002922689694,"3","IRAK1"
3.64205776648419e-09,0.680432739818649,0.568,0.278,7.45347121910989e-05,"3","TIMM50"
3.25108744370084e-08,0.679758001444144,0.682,0.432,0.000665335045353377,"3","PLSCR1"
4.12072057121016e-06,0.67972953606252,0.345,0.163,0.0843305464898159,"3","METRN"
1.9104041568685e-06,0.67888520049213,0.392,0.194,0.0390964210703137,"3","NME4"
6.53027287800256e-08,0.678718902602434,0.547,0.282,0.00133642034448322,"3","THAP7"
0,0.678640118617971,0.939,0.842,0,"3","HNRNPA0"
8.51611314800493e-09,0.678155734654338,0.399,0.17,0.000174282255573921,"3","KATNB1"
1.64313007644523e-14,0.677818158796274,0.946,0.714,3.36266570144517e-10,"3","PSMA3"
3.99680288865056e-15,0.677159292931882,0.932,0.716,8.17945711162338e-11,"3","PSMC5"
3.72331254716585e-09,0.675244763881484,0.953,0.813,7.6197591277749e-05,"3","FLNA"
1.45646383842291e-10,0.675210500330525,0.655,0.326,2.98065324533248e-06,"3","NFKBIB"
1.44199319151994e-09,0.674986804795566,0.736,0.403,2.95103906644556e-05,"3","FDX1"
1.10850462142764e-09,0.674877603264954,0.628,0.313,2.26855470775167e-05,"3","DDX23"
7.64709788603213e-07,0.674818988476298,0.345,0.158,0.0156497858237648,"3","ASB16-AS1"
1.15860654403832e-11,0.674713229724188,0.878,0.631,2.37108829237442e-07,"3","UQCRC1"
4.66332590542962e-07,0.674115580152702,0.486,0.255,0.00954349646546171,"3","PHTF1"
0,0.672866408509319,0.966,0.84,0,"3","WDR1"
3.01383362710794e-11,0.67117431239265,0.858,0.515,6.1678105178764e-07,"3","UFD1"
1.50453146563478e-06,0.670754303506863,0.453,0.242,0.0307902364442159,"3","BICD1"
4.35496083639464e-12,0.670314868678061,0.878,0.579,8.91242735168163e-08,"3","PCMT1"
2.9400823220449e-07,0.669772006572079,0.466,0.238,0.00601687847206489,"3","UMPS"
9.56660528572684e-10,0.668699250813364,0.851,0.619,1.957805771724e-05,"3","STOML2"
4.77438317103562e-07,0.667702106453705,0.486,0.256,0.0097707751595244,"3","PERP"
1.0077876311243e-09,0.666821636122268,0.858,0.686,2.06243738709588e-05,"3","SUZ12"
1.50583989722008e-11,0.666803854984039,0.919,0.686,3.0817013496609e-07,"3","YWHAE"
6.66133814775094e-16,0.666613429030853,0.959,0.825,1.36324285193723e-11,"3","UBE2I"
1.68893424901118e-05,0.665591813385818,0.588,0.373,0.345640394060137,"3","ITGAE"
5.58104078507426e-08,0.665037334543121,0.595,0.327,0.00114215999666545,"3","DCLRE1C"
0.000290351380345166,0.664814988464631,0.277,0.143,1,"3","DDX28"
6.80697098687233e-09,0.664566165172333,0.858,0.591,0.000139304661246342,"3","SRM"
4.81723696998948e-06,0.664146832685738,0.318,0.148,0.0985847545908347,"3","UCK1"
4.34963176587644e-12,0.664081543231388,0.939,0.775,8.90152140886613e-08,"3","TAF15"
0,0.663958592421084,0.986,0.932,0,"3","HMGN1"
0.0001851514916551,0.662536607222324,0.466,0.293,1,"3","TNFRSF4"
2.00684818369989e-05,0.661335837378228,0.324,0.159,0.410701480794183,"3","LDLR"
2.10791028036894e-05,0.66116809621469,0.324,0.163,0.431383838877504,"3","SCPEP1"
1.30922872543238e-09,0.661022095565225,0.858,0.634,2.67933658659736e-05,"3","TMEM14C"
2.02213567779275e-06,0.6605757665876,0.48,0.252,0.0413830066460286,"3","SART3"
2.30627451580645e-07,0.660124411004107,0.365,0.168,0.0047197907965979,"3","C2CD3"
1.9823300270172e-06,0.659514444415283,0.372,0.179,0.040568384002907,"3","VAT1"
7.4494530304392e-06,0.65947473323041,0.264,0.119,0.152453056267938,"3","DEPDC5"
1.58775635505926e-06,0.657751856443666,0.378,0.187,0.0324934338062877,"3","LACTB2"
1.02314757333133e-07,0.657526690194475,0.439,0.208,0.00209387150882256,"3","POC5"
6.11637208658422e-07,0.657478736675747,0.595,0.326,0.0125171554751946,"3","CTDSPL2"
6.66997279630266e-09,0.656994594601827,0.899,0.712,0.000136500993276334,"3","CCT2"
4.44363226408395e-05,0.656157886357322,0.399,0.226,0.909389342844781,"3","ABCB8"
2.30673498302636e-06,0.65600396883329,0.493,0.263,0.0472073314276344,"3","MLST8"
6.21390325639126e-07,0.655707865530015,0.622,0.376,0.0127167530142047,"3","SLC25A1"
1.12965266225729e-05,0.655244081883654,0.338,0.171,0.231183417330953,"3","SPICE1"
5.67037803378412e-08,0.655170901034842,0.736,0.461,0.00116044286461392,"3","TFAM"
1.55431223447522e-15,0.655004519079833,0.986,0.925,3.18089998785354e-11,"3","CD99"
9.76996261670138e-15,0.654785735474322,0.939,0.79,1.99942284950794e-10,"3","RBM8A"
2.29343806168458e-08,0.65371296105322,0.642,0.351,0.00046935209932375,"3","PRPSAP1"
1.53570711702855e-10,0.652384584977376,0.892,0.633,3.14282461499893e-06,"3","MESD"
6.86950996087177e-08,0.651633723835094,0.581,0.307,0.00140584521349241,"3","ALDH16A1"
4.44089209850063e-16,0.65158766767127,0.98,0.844,9.08828567958153e-12,"3","RAC1"
3.98853838845525e-10,0.651062236791901,0.662,0.337,8.16254381197368e-06,"3","DUSP5"
8.70927512330866e-08,0.65101598176867,0.493,0.242,0.00178235315398512,"3","SMPD4"
2.95319324550292e-14,0.65086594294007,1,0.972,6.04370997692172e-10,"3","HSP90AB1"
9.50367251562056e-09,0.650858281376183,0.642,0.357,0.000194492658032175,"3","TLNRD1"
8.64082916329778e-09,0.649658333085435,0.48,0.218,0.000176834568826889,"3","ILVBL"
4.17287226994745e-09,0.648915543805539,0.703,0.386,8.53978310044745e-05,"3","SF3B3"
4.58362028843418e-05,0.648529688903961,0.372,0.207,0.938037892028054,"3","YRDC"
5.48871514904903e-08,0.647984099155229,0.527,0.276,0.00112326555525288,"3","LMO4"
2.37680843784283e-06,0.647974743483134,0.351,0.165,0.0486413846804534,"3","LRRC57"
3.36437544490309e-11,0.647821786354183,0.885,0.587,6.88519434799417e-07,"3","ENY2"
3.87277680857778e-06,0.647652923753976,0.372,0.185,0.0792563773875443,"3","SACS"
1.97619698383278e-14,0.647616530123061,0.946,0.79,4.04428712741378e-10,"3","POMP"
4.16474210673812e-09,0.64666564237717,0.73,0.432,8.52314472143956e-05,"3","DLD"
2.10427231195354e-11,0.646017274448772,0.892,0.566,4.30639328641291e-07,"3","USP14"
7.17557169238603e-09,0.646002148171108,0.669,0.375,0.00014684807468468,"3","NTAN1"
4.06341627012807e-14,0.644668101664843,0.946,0.798,8.3157813968171e-10,"3","MDH1"
8.897327319346e-13,0.643808107852138,0.953,0.753,1.82083803590416e-08,"3","KPNB1"
2.07146742869924e-07,0.643549427018271,0.473,0.232,0.00423925809283299,"3","SAP130"
5.88255022471174e-09,0.642481952522698,0.709,0.398,0.000120386390348726,"3","TRNAU1AP"
2.02526552417481e-07,0.64239280832589,0.601,0.345,0.00414470589522375,"3","TRAP1"
1.59354367157416e-05,0.641525857874312,0.284,0.133,0.326118712387652,"3","BOLA2B"
0,0.640993875032503,0.993,0.991,0,"3","CALM1"
1.00412849146636e-08,0.640582658293371,0.797,0.531,0.000205494895778591,"3","POLR2H"
4.64381890252774e-06,0.640287594894536,0.304,0.139,0.0950357538402302,"3","GPR180"
4.24368363471928e-06,0.640093576455445,0.432,0.226,0.08684698558453,"3","RPUSD1"
8.16777670387125e-06,0.639098329169345,0.405,0.222,0.167153550244725,"3","MAP3K8"
5.15809617240848e-13,0.639073723707895,0.939,0.742,1.05560438168339e-08,"3","AURKAIP1"
1.01531945073674e-08,0.638984639311306,0.709,0.411,0.000207785125593274,"3","COX20"
5.87609516600196e-10,0.638781055913075,0.932,0.762,1.2025428757223e-05,"3","C17orf49"
4.81179918132568e-09,0.638741206012197,0.791,0.483,9.84734702458301e-05,"3","AK2"
0.000107601083976228,0.6384184504529,0.811,0.603,1,"3","IL2RA"
8.13057249171578e-06,0.637830474678681,0.338,0.165,0.166392166042963,"3","RFT1"
1.3052802581015e-06,0.637069828246418,0.757,0.476,0.0267125604820473,"3","GARS"
1.63482560822104e-11,0.636255662225599,0.926,0.701,3.34567060722435e-07,"3","HSPA9"
3.19388959724165e-11,0.636077697501034,0.919,0.641,6.53629506075504e-07,"3","GLO1"
0,0.635897317171368,1,0.922,0,"3","SERBP1"
1.07413722361116e-08,0.635659779503795,0.703,0.414,0.000219822182812024,"3","NELFB"
4.84104229836468e-06,0.635489714178178,0.392,0.197,0.0990719306360333,"3","BBS7"
2.58486010373815e-09,0.635033074736633,0.811,0.502,5.28991620230013e-05,"3","SMARCB1"
1.9862955258354e-07,0.634128662431486,0.669,0.381,0.00406495379362215,"3","CMAS"
2.7455178130964e-09,0.633579672543557,0.77,0.474,5.61870220450178e-05,"3","SPIDR"
2.68307351447561e-07,0.633214892176353,0.514,0.269,0.00549090994737433,"3","SENP1"
1.02061767259798e-07,0.63301661996951,0.682,0.414,0.00208869406697176,"3","DBF4"
1.34236703974722e-07,0.632547473289089,0.365,0.161,0.00274715414684268,"3","TOMM34"
9.08169095481526e-11,0.632238455627923,0.845,0.632,1.85856805390294e-06,"3","RFC1"
1.64457891733694e-05,0.631013228892917,0.27,0.126,0.336563075433004,"3","TMEM19"
9.81361307772488e-08,0.630678519499196,0.541,0.273,0.0020083559163564,"3","DPM1"
7.09474831439572e-06,0.629150753631558,0.365,0.184,0.145194024254108,"3","RCN1"
2.8961240341685e-05,0.628995553161908,0.264,0.127,0.592691783592584,"3","GPD2"
9.91517978832235e-12,0.628951018276284,0.926,0.739,2.02914154368017e-07,"3","NONO"
3.52729610852975e-07,0.628850951529584,0.372,0.17,0.00721861148610614,"3","TTI1"
5.13266836832393e-06,0.628445052742856,0.446,0.242,0.105040058157749,"3","NUP88"
1.32641058847582e-06,0.627983582920973,0.574,0.339,0.0271449926931577,"3","RABIF"
5.10854030300045e-06,0.627877737617374,0.446,0.241,0.104546277300904,"3","GBA"
1.46443035697885e-07,0.627236573455959,0.534,0.284,0.00299695672555722,"3","GAR1"
1.83329107494856e-06,0.626931116669793,0.297,0.13,0.0375183018488223,"3","UAP1"
4.03650446401116e-11,0.626887696477394,0.912,0.621,8.26070638559884e-07,"3","MPC2"
8.45995246212539e-06,0.626767451284292,0.304,0.144,0.173132927137396,"3","TRIM47"
2.23786817965532e-08,0.626656650428986,0.77,0.482,0.000457979722966462,"3","INO80E"
1.4210854715202e-14,0.626322552999618,0.98,0.891,2.90825141746609e-10,"3","FUS"
1.53210777398272e-14,0.626239159097002,0.966,0.844,3.13545855945563e-10,"3","BUB3"
2.7731297480571e-08,0.62617291376526,0.764,0.545,0.000567521002939886,"3","AKR7A2"
0.000542360424497179,0.625849630474657,0.264,0.143,1,"3","HDAC6"
3.73034936274053e-14,0.625095952444351,0.959,0.792,7.63415997084849e-10,"3","PSMD8"
5.08726394343739e-12,0.624598392286502,0.953,0.746,1.04110856602446e-07,"3","RPN1"
5.00488539501021e-13,0.623667627743325,0.98,0.913,1.02424979608884e-08,"3","SLC9A3R1"
2.91135553935895e-05,0.623324964704412,0.351,0.19,0.595808911129809,"3","SLC36A4"
0.000209462344609612,0.62254588466492,0.25,0.127,1,"3","DPH2"
5.19721725877886e-07,0.622097060493967,0.784,0.521,0.0106361051200909,"3","SCLT1"
5.34186516980562e-05,0.621978768590153,0.27,0.132,1,"3","PANX1"
1.83793127384035e-08,0.621643138753936,0.797,0.487,0.000376132635191428,"3","MANF"
5.15188789551591e-05,0.621551029217032,0.318,0.161,1,"3","SIAH1"
7.60234988694819e-06,0.62153455067416,0.291,0.132,0.155582090436395,"3","CETN3"
8.13726863668762e-11,0.621337563272782,0.872,0.546,1.66529202649812e-06,"3","IAH1"
5.90416182610909e-09,0.620717972454448,0.75,0.462,0.000120828671771323,"3","TRAPPC2L"
6.86870891497549e-07,0.62061308552635,0.561,0.312,0.0140568127944973,"3","IKBIP"
1.02756179942709e-06,0.620578024288142,0.5,0.259,0.0210290522252754,"3","PIEZO1"
0,0.620349459655634,0.986,0.947,0,"3","MZT2B"
1.38477007638471e-10,0.619403059787139,0.486,0.22,2.83393196132131e-06,"3","MIR155HG"
3.73745479009813e-12,0.617942238562372,0.919,0.71,7.64870122793582e-08,"3","UBE2L3"
2.03626020489622e-08,0.617278895876175,0.709,0.409,0.000416720650932012,"3","EIF2AK2"
3.51355029293288e-07,0.617174598221121,0.554,0.303,0.00719048067448713,"3","ENOSF1"
0,0.616997979696996,0.966,0.886,0,"3","ATP5PF"
2.78207965553889e-07,0.616850818804283,0.568,0.322,0.00569352601506035,"3","REV1"
9.59635083419563e-06,0.616418440387825,0.581,0.382,0.196389319821814,"3","ANAPC15"
1.23962769160713e-06,0.616279374433253,0.716,0.504,0.0253689807087398,"3","HLA-DPA1"
1.73225878086214e-11,0.615849250736192,0.919,0.716,3.54506759503437e-07,"3","NDUFS8"
2.51349416835467e-08,0.615844062799141,0.689,0.4,0.000514386581553783,"3","DNAJB11"
1.28785870856518e-14,0.615621158835882,0.953,0.763,2.63560284707864e-10,"3","RAD23A"
1.87943485925324e-05,0.614337542204825,0.277,0.13,0.384626343946175,"3","AKAP1"
3.99680288865056e-15,0.613126782004101,0.939,0.775,8.17945711162338e-11,"3","CLTA"
8.88178419700125e-16,0.612843242077938,0.966,0.849,1.81765713591631e-11,"3","PSMB3"
7.67465797579803e-08,0.612530564646556,0.872,0.635,0.00157061875474707,"3","NOP58"
1.37358400498222e-06,0.611625703998274,0.297,0.129,0.0281103966619611,"3","ZADH2"
4.25870104070469e-07,0.611511587161161,0.358,0.161,0.00871543167980215,"3","TTLL5"
4.41679359752811e-10,0.611100728786168,0.912,0.751,9.03896809734128e-06,"3","PDCD5"
6.71438460386753e-11,0.611061455823489,0.939,0.734,1.37409880918149e-06,"3","SRSF4"
3.11160504029573e-08,0.6110089058221,0.824,0.568,0.000636789971496521,"3","MRPL16"
2.93821189600862e-10,0.610653347459539,0.912,0.657,6.01305064518165e-06,"3","POLR2E"
2.71198641761394e-05,0.610499723704307,0.297,0.146,0.555008020364693,"3","SLC26A6"
1.73523700275346e-06,0.610045389582454,0.446,0.223,0.0355116252613497,"3","DPP9"
2.53286058793378e-10,0.609110452692759,0.905,0.658,5.18349919320649e-06,"3","MBD2"
4.16596918388912e-05,0.608747107628488,0.318,0.159,0.852565593482908,"3","DVL3"
3.72346684087699e-05,0.608333284301559,0.304,0.156,0.762007488985476,"3","TNFSF14"
1.05559362140184e-06,0.608276367225517,0.493,0.262,0.0216027234619887,"3","RCC1L"
3.58859471027984e-08,0.608255609391157,0.804,0.559,0.000734405907458768,"3","SMC5"
1.05558924268223e-07,0.60822242942163,0.784,0.533,0.00216026338514919,"3","AP1M1"
8.35272006227683e-07,0.60815328953816,0.432,0.212,0.0170938416074495,"3","PPP2CB"
8.70408745079487e-09,0.607006690303763,0.709,0.397,0.000178129149680517,"3","RDX"
9.05705608955643e-07,0.606573183050744,0.419,0.208,0.0185352652872772,"3","LYRM4"
1.24257937272887e-10,0.606557386426394,0.899,0.67,2.54293868628963e-06,"3","PSMD7"
8.86739588423779e-08,0.60627438733501,0.723,0.452,0.00181471256770926,"3","ILKAP"
0,0.605969290645263,0.966,0.882,0,"3","RBX1"
1.22066786012454e-07,0.605955170095867,0.75,0.473,0.00249809677574486,"3","ATPAF1"
4.75095925711599e-07,0.605050774627446,0.554,0.293,0.00972283811968788,"3","TDP1"
7.12780945377745e-10,0.603907305675935,0.959,0.727,1.45870620471555e-05,"3","UBE2N"
1.16483445111726e-09,0.603772715890882,0.608,0.308,2.38383370421147e-05,"3","AFDN"
5.39104489827302e-06,0.603616877412203,0.27,0.122,0.110327733843157,"3","B4GALT5"
3.71802875154259e-08,0.603480638137187,0.689,0.386,0.000760894584003191,"3","USP39"
9.05511221560573e-10,0.603453662920009,0.885,0.599,1.85312871492371e-05,"3","PUF60"
1.10578213252666e-12,0.603436548169273,0.959,0.82,2.2629831342158e-08,"3","SELENOW"
3.36675235104167e-05,0.603407405785895,0.378,0.205,0.689005868640677,"3","ING3"
2.19737728013314e-08,0.602519911413772,0.588,0.293,0.000449693260379247,"3","TMEM222"
3.20019788446757e-10,0.60202447535791,0.885,0.646,6.54920497056288e-06,"3","PIN1"
5.27952490614325e-08,0.60168272644655,0.662,0.347,0.00108045477204222,"3","HEXB"
2.22044604925031e-15,0.601405357239201,0.993,0.872,4.54414283979077e-11,"3","P4HB"
1.46494563124655e-06,0.601344292159946,0.25,0.102,0.0299801123434607,"3","SLC27A4"
4.07772242749793e-06,0.601068744135417,0.311,0.145,0.0834505894787452,"3","DHRS4L2"
3.80483836881496e-07,0.600613700224204,0.385,0.176,0.00778660172177981,"3","ATRIP"
1.03203667833895e-10,0.599692742245624,0.872,0.702,2.11206306222067e-06,"3","NUTF2"
2.41983570159476e-06,0.599676198897428,0.595,0.371,0.0495219376331368,"3","LGALS3"
3.20330518777112e-07,0.599324821733378,0.432,0.206,0.0065555640667736,"3","JMJD8"
3.0906111536666e-07,0.59922234849024,0.453,0.219,0.0063249357259787,"3","GUCD1"
9.19857192638318e-08,0.598851272236506,0.682,0.406,0.00188248774473432,"3","MTHFS"
4.1040374210155e-08,0.598680951079197,0.574,0.298,0.000839891258210823,"3","UBAP2"
3.47377484333222e-05,0.597369194205469,0.446,0.261,0.710908021687939,"3","PTRH2"
3.33066907387547e-15,0.596872131687145,0.98,0.833,6.81621425968615e-11,"3","EZR"
0.00724339219289649,0.596501676378783,0.939,0.901,1,"3","ARL6IP1"
0.000103008390551551,0.596361626923512,0.311,0.167,1,"3","MCTP2"
9.38098487779371e-11,0.595950562261101,0.865,0.6,1.91981855524048e-06,"3","THOC3"
9.24518239742156e-11,0.595805457662062,0.98,0.926,1.89202657763232e-06,"3","UBB"
3.94102714906808e-08,0.595594402707311,0.73,0.434,0.000806531206056782,"3","MAPRE1"
2.90434343241941e-13,0.595501392407429,0.959,0.875,5.94373883444632e-09,"3","PSIP1"
1.67374064319326e-06,0.595474689652871,0.466,0.252,0.03425310226295,"3","CYP51A1"
2.97598706344715e-06,0.595209702396336,0.527,0.281,0.0609035752534459,"3","CALU"
1.50947934818291e-06,0.59515289033075,0.561,0.31,0.0308914948605632,"3","MRPL39"
5.57012915791688e-08,0.594337175638819,0.77,0.522,0.00113992693216769,"3","ATG3"
8.97377949726774e-10,0.594104542364654,0.98,0.85,1.83648397411584e-05,"3","NDUFV2"
6.65434929603137e-06,0.593092457532086,0.419,0.217,0.136181258343282,"3","BOLA1"
1.4065290117049e-06,0.591786109134277,0.486,0.255,0.0287846162245409,"3","CPSF3"
5.3487208180325e-06,0.59161476093189,0.439,0.236,0.109461571541035,"3","TMEM214"
1.67400374828652e-06,0.591570989265116,0.696,0.435,0.0342584867086837,"3","VMA21"
3.09811665211157e-09,0.591309558976606,0.601,0.29,6.34029572854633e-05,"3","MPHOSPH6"
1.76928454214131e-05,0.591308071605555,0.331,0.165,0.36208408154922,"3","CCDC58"
0.00106070231111555,0.590695376493395,0.358,0.223,1,"3","AGFG2"
0.000208520247607646,0.590417260562751,0.338,0.186,1,"3","TRIB3"
1.58641873659882e-06,0.590241012863442,0.534,0.291,0.0324660594444948,"3","PI4K2B"
1.52046892054614e-06,0.590217701957781,0.574,0.323,0.0311163964589767,"3","DESI2"
1.92504657126058e-05,0.589784461201071,0.676,0.444,0.393960780808478,"3","FUNDC2"
7.62592877734392e-10,0.588534901271748,0.905,0.675,1.56064632428343e-05,"3","SF3A2"
0,0.587035254554726,1,0.991,0,"3","H3F3A"
3.530509218308e-14,0.58681136959519,0.953,0.796,7.22518711526732e-10,"3","NDUFB3"
5.70086076123744e-08,0.586440199787099,0.615,0.31,0.00116668115478724,"3","RBM10"
1.15030338565525e-06,0.586198775430922,0.581,0.321,0.0235409587874347,"3","PPP5C"
2.97249727054805e-08,0.58595535599036,0.642,0.357,0.000608321566417658,"3","MFAP1"
4.87699318929558e-07,0.584869928667538,0.48,0.25,0.0099807665618934,"3","ELAC2"
5.35046624190461e-05,0.584678192293868,0.358,0.19,1,"3","AVEN"
1.4644762835303e-05,0.584674836547189,0.405,0.211,0.299705071424476,"3","ABCD3"
2.43141119757873e-05,0.58440223721014,0.486,0.271,0.497588301584486,"3","GET4"
7.80089259411199e-07,0.583726928668822,0.378,0.177,0.0159645266938502,"3","ITPRID2"
1.11887565878988e-09,0.583718630204717,0.872,0.576,2.28977903571348e-05,"3","PBRM1"
3.13333803347859e-09,0.583693497534015,0.818,0.485,6.41237628551394e-05,"3","YIF1B"
0,0.583562084784284,0.986,0.908,0,"3","NDUFB2"
0.000190498388626725,0.583432421252722,0.284,0.15,1,"3","LRRC14"
5.29568504825662e-07,0.583394073147364,0.426,0.203,0.0108376194512572,"3","GMPPA"
4.86872430156549e-05,0.58234228654337,0.419,0.232,0.996384428315377,"3","INIP"
1.16025435830114e-05,0.581930352003696,0.432,0.238,0.237446054426328,"3","UTP4"
2.80180293188437e-07,0.581880933646822,0.851,0.648,0.00573388970010136,"3","GADD45GIP1"
0,0.581691493551537,0.966,0.871,0,"3","SRP9"
0,0.58163975956099,0.993,0.899,0,"3","SF3B2"
2.98172159185484e-07,0.581601584173558,0.581,0.325,0.00610209323773092,"3","SNHG1"
7.60276833489115e-07,0.58099632091868,0.676,0.419,0.0155590653973547,"3","MRPL22"
5.95755114929375e-06,0.579884163653302,0.595,0.336,0.121921284270297,"3","PSME3"
0,0.579312934095915,1,0.961,0,"3","SET"
3.9213396751947e-08,0.579239988553527,0.682,0.413,0.000802502164528596,"3","POP5"
4.69222292718285e-05,0.57864491847344,0.527,0.329,0.960263422047971,"3","C20orf27"
1.40169496010145e-08,0.578515437383257,0.831,0.555,0.000286856873584762,"3","GLRX5"
7.6649131486306e-11,0.578299628426016,0.892,0.624,1.56862447586725e-06,"3","VPS29"
2.04002216896981e-07,0.578215000086894,0.669,0.371,0.00417490536879672,"3","ALG5"
5.2270098871432e-07,0.577776717384127,0.459,0.229,0.0106970757340386,"3","CCDC28B"
0,0.576475086311181,0.993,0.962,0,"3","COX6A1"
6.22115028381387e-07,0.576377305126557,0.845,0.639,0.0127315840558251,"3","RB1"
2.22044604925031e-15,0.574523534073153,0.993,0.97,4.54414283979077e-11,"3","COTL1"
3.66315664475092e-05,0.574218721691663,0.432,0.241,0.749665007348276,"3","AIMP2"
0.000213914823406824,0.574209591694218,0.311,0.17,1,"3","BAP1"
3.29158550416153e-07,0.57395388069046,0.743,0.472,0.00673622973426657,"3","PDS5B"
0.000105434208812039,0.573915913069814,0.351,0.187,1,"3","LPCAT1"
1.3404272187989e-05,0.573059547196188,0.257,0.115,0.274318430327195,"3","DBR1"
6.03403665504487e-05,0.572982010646293,0.304,0.153,1,"3","DHRS7B"
6.58109991791278e-06,0.572442765344803,0.291,0.133,0.134682209820085,"3","QSER1"
1.63513522364322e-05,0.571682207626482,0.601,0.363,0.334630423518586,"3","SPECC1L"
1.84767677668951e-06,0.571646498646001,0.52,0.276,0.0378127052349508,"3","AAAS"
1.15655542254345e-07,0.571211118872955,0.338,0.142,0.00236689067223517,"3","RFXAP"
1.91004942726725e-05,0.571096751205896,0.284,0.134,0.390891615290242,"3","MAPK7"
3.05223801788657e-09,0.571032931735709,0.892,0.687,6.24640510360486e-05,"3","IMPDH2"
9.75833049126074e-05,0.57081139245992,0.257,0.127,1,"3","ZRANB3"
7.41777750334904e-11,0.570715780353694,0.905,0.767,1.51804816606038e-06,"3","SPCS3"
1.09219083201939e-05,0.56973751712035,0.52,0.305,0.223516853772768,"3","TRIAP1"
0.000493716838635194,0.569604711624188,0.351,0.204,1,"3","PRKAR1B"
5.56538803486717e-07,0.569438911235025,0.595,0.326,0.0113895666133557,"3","NANS"
0.000326422437930463,0.568930296031417,0.365,0.213,1,"3","SH2B3"
1.80030087948424e-07,0.568406061126996,0.432,0.208,0.0036843157498645,"3","SPATS2"
9.02801748192683e-05,0.567551695826696,0.257,0.127,1,"3","ITGAV"
4.03186181674453e-05,0.567232963151574,0.527,0.312,0.825120520796768,"3","FAR1"
0.00025855419997689,0.567197452745015,0.372,0.218,1,"3","CTNNA1"
8.9797722369056e-08,0.567181866724498,0.676,0.38,0.00183771038828273,"3","RPIA"
1.97741579288646e-06,0.56706407705825,0.655,0.396,0.0404678142014214,"3","MGAT4B"
5.92448626024478e-06,0.566959937640775,0.568,0.333,0.121244611315909,"3","FKBP4"
1.06702418012361e-08,0.566625861344756,0.797,0.531,0.000218366498462297,"3","CBFB"
8.12431856258566e-05,0.565989531537386,0.372,0.205,1,"3","IL15RA"
9.80135208550337e-08,0.565819027541901,0.655,0.38,0.00200584670429826,"3","PPP2R3C"
3.20286818911164e-06,0.565720424005852,0.568,0.319,0.0655466974901697,"3","CASP2"
3.23915236410954e-07,0.565612523943817,0.75,0.476,0.00662892531315018,"3","MRPL18"
2.65253418563205e-07,0.565473438131913,0.696,0.43,0.00542841121089599,"3","PTPN18"
0.000149700995995428,0.565288776634215,0.297,0.158,1,"3","PINX1"
3.84836792362009e-05,0.565215582958622,0.311,0.153,0.787568495568851,"3","AEN"
1.5193605054975e-05,0.564350914355992,0.27,0.124,0.310937127450064,"3","SLC31A1"
3.10328174268903e-08,0.564053348903522,0.595,0.295,0.000635086608641311,"3","MMD"
4.1353448021475e-07,0.563592395181761,0.493,0.244,0.00846298313759486,"3","TMEM242"
2.08449026728452e-06,0.562883139474024,0.507,0.272,0.0426590933199777,"3","ASH2L"
1.4046563912018e-10,0.562238893420465,0.912,0.663,2.87462930459448e-06,"3","SYNCRIP"
3.76799393611016e-05,0.562159542101482,0.358,0.187,0.771119959024944,"3","ZNF672"
3.00350675486172e-06,0.561891458370114,0.453,0.231,0.061466765738245,"3","RPS6KA4"
2.5608482601136e-06,0.561152310618472,0.453,0.233,0.0524077596432249,"3","TMA16"
2.55440725904776e-07,0.561137128090644,0.473,0.228,0.00522759445564125,"3","ABCB10"
7.49563266577713e-05,0.560868043167789,0.385,0.212,1,"3","MOV10"
3.17520638004609e-07,0.560579643817549,0.736,0.449,0.00649805985676433,"3","MTAP"
9.68358726538554e-11,0.560504836831341,0.959,0.827,1.98174613386115e-06,"3","ANP32A"
1.60064305587682e-07,0.560351223228448,0.358,0.159,0.0032757160138519,"3","ARL4A"
1.1517283636131e-05,0.560344544032506,0.284,0.131,0.235701209613421,"3","IFT74"
7.37529024852357e-06,0.560299446512688,0.493,0.267,0.150935314936035,"3","XRCC1"
2.92314082495082e-07,0.559535407128076,0.824,0.587,0.00598220769826185,"3","EIF1AX"
3.38472444618709e-05,0.559407714161324,0.284,0.138,0.692683857912189,"3","ARHGAP21"
3.4669438098156e-07,0.559163080793024,0.635,0.357,0.00709510050678763,"3","CNOT10"
2.98058666636791e-09,0.558268046907978,0.878,0.66,6.09977061272193e-05,"3","CMTM6"
3.04264965746981e-05,0.557398797522654,0.358,0.184,0.622678252401196,"3","SLC7A5"
0.00118840061635805,0.557334082608185,0.264,0.145,1,"3","PEMT"
2.00358043933591e-07,0.556532010925072,0.534,0.265,0.00410032736910093,"3","EMC8"
1.79020936363905e-06,0.556441497027801,0.385,0.186,0.0366366346268732,"3","TRMT6"
4.62563776859604e-06,0.555961395456724,0.574,0.332,0.0946636769343179,"3","USP5"
1.09660910920795e-05,0.555897355208253,0.419,0.223,0.224421054199406,"3","AK6"
3.25014201107976e-06,0.555550320113818,0.493,0.262,0.0665141562567473,"3","WBP4"
9.83305613133645e-06,0.55502832415675,0.453,0.241,0.2012334937278,"3","DUS3L"
1.54295034429097e-05,0.554981064070963,0.291,0.138,0.315764787959147,"3","UTP20"
3.69902035668446e-08,0.554386199913098,0.878,0.745,0.000757004515995474,"3","CCT7"
1.70953693734432e-06,0.553307477305691,0.878,0.621,0.0349856734227516,"3","CTBP1"
1.86816458969119e-07,0.552864872383971,0.676,0.398,0.00382319883280302,"3","PHF6"
1.41657271068851e-06,0.552512287397065,0.378,0.181,0.0289901605242404,"3","DDX55"
1.27972156731548e-05,0.552147042189559,0.351,0.181,0.261895018751114,"3","IL9R"
4.41367040915353e-07,0.551964517350323,0.628,0.347,0.00903257649233269,"3","PDCL3"
7.61300050333702e-07,0.55158613981619,0.662,0.375,0.0155800055300792,"3","IMP4"
5.8842730441544e-06,0.551342053539202,0.453,0.242,0.12042164784862,"3","GLRX2"
4.89381109169962e-06,0.550137876759349,0.48,0.258,0.100151843991633,"3","DUSP12"
1.8088397912841e-07,0.549479587666036,0.858,0.582,0.00370179063286291,"3","MAPK1IP1L"
0.000259215552563585,0.549426760430877,0.574,0.406,1,"3","CEP192"
3.59471741262496e-09,0.548967623721758,0.905,0.647,7.35658918493698e-05,"3","CYTOR"
9.94908010643059e-07,0.548297545790709,0.527,0.274,0.0203607924378102,"3","DDX52"
3.08788180136688e-07,0.548175579555203,0.804,0.564,0.00631935010649731,"3","PSMD11"
2.16913220718595e-09,0.54817142724056,0.932,0.766,4.43912906200605e-05,"3","NDUFAB1"
3.5504548190346e-07,0.548165004518105,0.635,0.353,0.00726600578715431,"3","AP3M2"
1.65374608918079e-05,0.547393477649115,0.52,0.297,0.338439137150848,"3","AARS"
0,0.546809594823139,0.993,0.98,0,"3","RHOA"
1.26271764155916e-07,0.546448609295056,0.818,0.566,0.00258415165345083,"3","SLC2A4RG"
8.08073187164027e-06,0.546409742093822,0.547,0.316,0.165372177753118,"3","CRCP"
8.02728791438057e-07,0.545236468802822,0.581,0.31,0.0164278447167798,"3","AGPAT5"
4.23563832896434e-08,0.54521210378122,0.743,0.427,0.000866823384022553,"3","SLC39A8"
4.44089209850063e-16,0.545001235883587,1,0.988,9.08828567958153e-12,"3","LCP1"
1.9679365418579e-05,0.544818721512386,0.52,0.29,0.402738213291218,"3","KBTBD2"
9.38757960255998e-11,0.544721658295735,0.514,0.237,1.9211681656639e-06,"3","LYAR"
3.7548678633037e-07,0.543349524475076,0.547,0.282,0.00768433708225102,"3","ATP13A3"
5.95784745049954e-06,0.543215357713082,0.628,0.399,0.121927348074473,"3","KPNA3"
3.3885071926143e-07,0.542854987072624,0.73,0.452,0.00693457996968516,"3","TMEM18"
2.22044604925031e-16,0.542614153590618,0.986,0.921,4.54414283979077e-12,"3","CSNK2B"
1.55431223447522e-15,0.542394827576023,0.993,0.952,3.18089998785354e-11,"3","HNRNPU"
0.000417347210973418,0.54079907894686,0.284,0.157,1,"3","MATK"
4.08530827018527e-05,0.540357951669528,0.514,0.304,0.836058337493416,"3","TOR1A"
8.79796004715772e-07,0.539319620378057,0.615,0.368,0.0180050252365083,"3","ID2"
2.25316004298648e-07,0.538955123300102,0.73,0.44,0.00461109202797183,"3","CHCHD3"
0.000444913012374482,0.538714950516707,0.365,0.217,1,"3","SLC35F3"
4.8015146305147e-05,0.538630511989403,0.426,0.241,0.982629969134834,"3","TXLNA"
1.30762507977167e-06,0.538401897377354,0.716,0.44,0.0267605472575272,"3","U2AF2"
4.5053812458562e-08,0.538359925418457,0.824,0.605,0.000922026271964471,"3","ETFA"
6.66133814775094e-16,0.53755742616203,0.98,0.945,1.36324285193723e-11,"3","ATP5MF"
0.000269195647718323,0.5369714269677,0.318,0.175,1,"3","SLC26A3"
1.77334868189938e-06,0.536938599101671,0.757,0.501,0.0362915807750708,"3","GLRX3"
1.23501509328161e-05,0.535989926348736,0.297,0.139,0.252745838840082,"3","ADNP2"
2.4339457782574e-08,0.535014525336054,0.649,0.375,0.000498107003520376,"3","OSBPL3"
4.37212219754901e-05,0.534895992428934,0.385,0.211,0.894754807728405,"3","LRRC23"
6.4170890823334e-14,0.534741084592576,1,0.927,1.31325728069953e-09,"3","HNRNPDL"
3.9350598779464e-08,0.534710749637135,0.831,0.544,0.000805310004021731,"3","LPGAT1"
2.22537169136672e-07,0.534704396490529,0.649,0.373,0.00455422316638199,"3","MPHOSPH9"
2.38298796699787e-05,0.534519726461924,0.399,0.206,0.487678487446115,"3","YKT6"
0.000792243979571783,0.534472220601705,0.25,0.134,1,"3","ZNF749"
8.25974583649192e-05,0.533974686470407,0.466,0.274,1,"3","GLUL"
4.59621655823916e-06,0.53376704082702,0.324,0.153,0.0940615718643645,"3","NOD1"
4.3347978837982e-05,0.533734308351995,0.365,0.194,0.887116386919302,"3","CYREN"
2.95856465992728e-07,0.533684990631271,0.757,0.487,0.00605470257654117,"3","SF3A3"
5.29374735180888e-06,0.533054646028677,0.385,0.191,0.108336539554769,"3","GFM2"
5.52575174757042e-05,0.532075344956835,0.412,0.222,1,"3","TRAF2"
2.67152064070686e-06,0.531831142092825,0.75,0.495,0.0546726699120659,"3","PSMD3"
6.684947480462e-06,0.531305610126632,0.514,0.289,0.136807450187655,"3","TIFA"
2.96459005566518e-06,0.531056827993911,0.541,0.3,0.060670335489188,"3","BCOR"
6.0250577307297e-06,0.531006350803283,0.514,0.285,0.123302806459383,"3","SLC39A1"
1.13340190242006e-05,0.530589319072275,0.682,0.421,0.231950699330266,"3","POP4"
2.66453525910038e-15,0.530573954335984,0.986,0.929,5.45297140774892e-11,"3","SOD1"
1.66080413643854e-07,0.530476837021572,0.831,0.62,0.00339883566522148,"3","THOC7"
0.000330297302292504,0.530323430074421,0.311,0.172,1,"3","AGPAT2"
4.54431714480563e-09,0.530293150992062,0.919,0.716,9.29994503684473e-05,"3","PSMA4"
7.25812743240795e-11,0.529549608365082,0.973,0.836,1.48537577904229e-06,"3","ROMO1"
8.25839419071883e-09,0.529436431849662,0.919,0.725,0.000169008037113061,"3","RNF167"
8.6272100574547e-10,0.529360123446846,0.905,0.694,1.76555853825811e-05,"3","UBA2"
8.62096297682413e-07,0.529211915993529,0.838,0.604,0.0176428007320706,"3","AKR1A1"
2.21165308289528e-09,0.529082465167781,0.892,0.661,4.52614803414519e-05,"3","HNRNPH3"
3.99661706453891e-05,0.528973796577246,0.77,0.538,0.817907682257888,"3","RPL22L1"
2.40779624549603e-06,0.528629637425445,0.757,0.491,0.0492755501640763,"3","SZRD1"
2.72748702290215e-07,0.528350727634573,0.453,0.219,0.00558180219236926,"3","TRAF4"
1.43528371032708e-06,0.528266756604119,0.574,0.306,0.0293730811318438,"3","MRPL15"
1.20870192543698e-06,0.527805679220814,0.716,0.441,0.0247360849040679,"3","BCL7B"
5.43736196512157e-06,0.527688035033944,0.372,0.185,0.111275612616213,"3","SPAG16"
2.63947264045328e-09,0.527605831219896,0.98,0.837,5.40168075868763e-05,"3","GPX4"
3.61710661422876e-13,0.527307172591057,0.98,0.92,7.40240868601916e-09,"3","CAP1"
1.38063611077044e-06,0.527204240929662,0.635,0.396,0.028254718006917,"3","PUM3"
1.91291079509881e-06,0.526233803188396,0.736,0.501,0.0391477194216971,"3","PSMC2"
0.000763015483616458,0.525698452229573,0.264,0.144,1,"3","CRAT"
3.0507171659977e-06,0.525488049576349,0.392,0.19,0.0624329268021429,"3","TAX1BP3"
8.52160948605629e-06,0.525281716800078,0.581,0.342,0.174394738132142,"3","TTC7A"
6.47436199214813e-05,0.525058447814405,0.324,0.168,1,"3","TAF4B"
3.08143401661631e-06,0.524587991823663,0.291,0.127,0.0630615471500529,"3","CEP89"
4.20157268132826e-06,0.524521247097892,0.466,0.251,0.0859851849233828,"3","ACOT13"
0.0008103439173901,0.524230461743038,0.351,0.209,1,"3","APOBEC3H"
4.49893424736558e-08,0.524190894204064,0.899,0.69,0.000920706893723366,"3","UBE2M"
2.81987476480339e-07,0.524177309017363,0.865,0.597,0.00577087370617013,"3","FIBP"
6.7722171912532e-06,0.522580564351661,0.331,0.156,0.138593424818997,"3","PDIK1L"
9.20885933286542e-07,0.522530733446025,0.804,0.532,0.0188459306247091,"3","NUP210"
4.68008792831043e-07,0.52250113698649,0.824,0.555,0.00957779994528729,"3","AKR1B1"
1.75239658672943e-06,0.522471399929161,0.655,0.381,0.0358627961474178,"3","CHMP1A"
3.46269079274375e-05,0.522321621480352,0.541,0.314,0.708639670735008,"3","CYB561A3"
0.000355251105823573,0.5222567220463,0.466,0.285,1,"3","TMEM189"
5.93715477013035e-05,0.522168683835436,0.426,0.248,1,"3","IL12RB2"
4.58241378176183e-09,0.522121480339892,0.736,0.411,9.37790980437558e-05,"3","CDKAL1"
0.00106996182698249,0.522114435515746,0.25,0.136,1,"3","INPP5F"
5.0278514684976e-10,0.521726707271563,0.946,0.826,1.02894980302803e-05,"3","PRELID1"
3.76275380349345e-05,0.521724545622311,0.52,0.309,0.770047565884934,"3","PMS1"
0.000180539335048024,0.521550035838195,0.27,0.138,1,"3","HMBS"
1.51838097650625e-10,0.521430864990069,0.939,0.758,3.10736666842004e-06,"3","PSMG2"
1.27673538408146e-09,0.521111371219258,0.932,0.698,2.61283896352271e-05,"3","SNRNP70"
4.4632413532586e-05,0.52102744154968,0.554,0.343,0.913402342944372,"3","GCLM"
7.97327157853189e-07,0.520877174149664,0.561,0.322,0.0163173002854655,"3","NDFIP2"
6.51732282896944e-06,0.520410481390345,0.432,0.221,0.13337701169486,"3","TRIM37"
1.63795858032501e-06,0.520151119304688,0.493,0.261,0.0335208223463512,"3","ARL3"
2.1099564362359e-07,0.52013850831129,0.682,0.397,0.00431802584675678,"3","SLC25A24"
2.18777263838454e-05,0.520066063963442,0.372,0.191,0.447727670445397,"3","PRKCD"
1.16164695367349e-05,0.520030817496439,0.453,0.247,0.23773104906928,"3","SYNC"
1.5912845456878e-05,0.52001339819358,0.669,0.442,0.325656382275008,"3","CD58"
1.12517033272752e-05,0.519723078425505,0.676,0.407,0.230266108592687,"3","NFYC"
1.50547567523418e-07,0.519568520695668,0.777,0.499,0.00308095596936675,"3","NFATC2IP"
7.73513475493814e-10,0.51920758086638,0.919,0.72,1.58299532759809e-05,"3","SFXN1"
3.13459380674175e-08,0.519138603797414,0.831,0.533,0.000641494622549699,"3","SRPK1"
0.000256447060952292,0.518607135684217,0.297,0.158,1,"3","ENDOD1"
0.000162056897400342,0.518538747461615,0.703,0.534,1,"3","IARS"
1.99840144432528e-15,0.518255511286746,1,0.964,4.08972855581169e-11,"3","ARPC5"
3.30183940189244e-07,0.517790714122297,0.872,0.643,0.00675721433597287,"3","CDC123"
2.10324885019375e-06,0.517742473742252,0.791,0.562,0.0430429877192151,"3","SEC13"
0.000263277860732547,0.51771772656589,0.345,0.191,1,"3","GRWD1"
1.0612263689147e-05,0.517463231002991,0.365,0.181,0.217179976398394,"3","C12orf43"
6.79914138550508e-05,0.517396456678738,0.345,0.181,1,"3","TMEM62"
6.92767115495485e-06,0.517160042684592,0.615,0.371,0.141774790186151,"3","RPL26L1"
2.87476291866984e-05,0.517042936121098,0.628,0.399,0.588320231305782,"3","COPS8"
4.43657995363722e-06,0.516769226893063,0.608,0.359,0.0907946087511857,"3","E2F3"
2.35616889554535e-07,0.516291214135363,0.541,0.272,0.00482189964473356,"3","ERI3"
5.70369610297661e-05,0.516038566771694,0.439,0.245,1,"3","SCLY"
3.80547870837411e-06,0.515603720329574,0.514,0.272,0.0778791217668762,"3","KATNA1"
3.15756857172111e-06,0.515514456371667,0.574,0.319,0.0646196408202726,"3","ORC3"
2.38936421468328e-05,0.515337970349169,0.507,0.29,0.488983386534932,"3","QDPR"
0.00315166081328289,0.515132542847779,0.318,0.188,1,"3","C17orf75"
2.60797641038479e-07,0.514921237494627,0.507,0.25,0.00533722372385248,"3","EXOG"
1.13748093943933e-06,0.514510109421846,0.75,0.454,0.0232785474256259,"3","MCTS1"
1.1739127003807e-06,0.514240553148418,0.527,0.279,0.024024123413291,"3","APTX"
3.9502357778165e-06,0.514161167301877,0.669,0.395,0.0808415751930147,"3","SYPL1"
1.18523610086463e-05,0.513649734830168,0.601,0.36,0.242558568041946,"3","RUVBL1"
0.00143007666428008,0.513640912465445,0.311,0.18,1,"3","BRPF1"
5.9235261797852e-06,0.513403464245802,0.507,0.275,0.121224963269304,"3","PGM2"
0.000132666940632742,0.513402032122596,0.351,0.192,1,"3","ZMIZ1"
1.11290357152072e-07,0.512664223491432,0.838,0.551,0.00227755715911715,"3","FUBP1"
1.51824152916369e-06,0.512078133198854,0.338,0.154,0.0310708128943349,"3","TMCO3"
2.22044604925031e-16,0.510877133435298,0.993,0.951,4.54414283979077e-12,"3","NDUFA4"
1.00793262625132e-09,0.510835790359532,0.932,0.779,2.06273411962332e-05,"3","TXNL4A"
3.82736653636861e-06,0.510686651546087,0.392,0.192,0.0783270561667837,"3","ATP13A2"
2.8465188833815e-05,0.510517292067866,0.696,0.427,0.582540089484024,"3","TIMM17A"
4.14748140609156e-06,0.510148886453166,0.669,0.42,0.0848782069756637,"3","RSRC1"
5.74624975602234e-07,0.509942454277494,0.595,0.32,0.0117597001256997,"3","APIP"
0.000501275473234974,0.509905368404449,0.534,0.33,1,"3","SNX4"
5.76538816687844e-12,0.509867672523082,0.973,0.869,1.17988668835167e-07,"3","HNRNPL"
8.79573308210091e-06,0.509719326038165,0.5,0.281,0.180004677525195,"3","AHRR"
3.30173900309205e-06,0.509040172841027,0.324,0.148,0.0675700886982789,"3","PXMP4"
4.89753164689688e-08,0.509017415677979,0.905,0.704,0.00100227985153745,"3","METTL26"
1.34264446205457e-06,0.508923256985741,0.703,0.414,0.0274772189159467,"3","CD2BP2"
1.24579921934043e-07,0.508803116757471,0.865,0.66,0.00254952810238018,"3","RAB1B"
7.75751232140465e-08,0.50776438924224,0.939,0.776,0.00158757489657546,"3","MYO1G"
1.95352443417285e-05,0.507588669012484,0.351,0.175,0.399788775453473,"3","STRN4"
6.60187837953075e-07,0.50716448946326,0.77,0.507,0.0135107441037097,"3","CCDC47"
0.000257089574358993,0.506514085512669,0.372,0.211,1,"3","HSD17B8"
3.8461866519679e-05,0.506317354608217,0.27,0.127,0.78712209832523,"3","NIPA1"
0.000493372460158126,0.506310631040308,0.615,0.416,1,"3","VPS25"
0.000222467995765863,0.506279005749266,0.453,0.263,1,"3","MRPS17"
1.62383497359642e-06,0.505940917347732,0.588,0.329,0.0332317827346507,"3","GNL2"
7.87545678073709e-05,0.505286812507202,0.277,0.137,1,"3","FSD1L"
5.46684571161027e-05,0.504625953938271,0.405,0.221,1,"3","PCYT2"
1.02695629777827e-12,0.504608145421942,0.966,0.9,2.10166606340323e-08,"3","COX7B"
6.6939147558287e-09,0.503571306794606,0.939,0.821,0.000136990965478034,"3","TECR"
9.80698233843391e-06,0.503198004178084,0.514,0.287,0.20069989355605,"3","EHBP1L1"
0.000374601300721311,0.5031570363873,0.324,0.177,1,"3","NAF1"
1.7408535835095e-06,0.502721143098448,0.642,0.363,0.035626568586522,"3","POLR2J"
7.16555370594563e-09,0.502450321579321,0.946,0.791,0.000146643056592177,"3","SUMO1"
5.76446682387655e-05,0.502366156936933,0.27,0.131,1,"3","SLC43A1"
0.000252171263396717,0.501660194023696,0.399,0.231,1,"3","ISG20L2"
1.61633302542263e-06,0.50155924350963,0.764,0.495,0.0330782553652742,"3","LRPPRC"
4.1863490169991e-06,0.501393775682108,0.547,0.296,0.0856736326328866,"3","FADD"
6.69021571031436e-06,0.500932600953094,0.466,0.256,0.136915264511583,"3","NFIL3"
0.000302248801132166,0.500742285816757,0.27,0.139,1,"3","SLC35B4"
0,0.500702173117982,1,0.993,0,"3","MYL6"
3.99680288865056e-15,0.500694254995827,0.98,0.952,8.17945711162338e-11,"3","ATP5MC3"
2.55039322993866e-10,0.500540137219994,0.966,0.869,5.21937974506947e-06,"3","SRSF9"
9.63269096931896e-07,0.500221118889439,0.385,0.181,0.0197133020687112,"3","CEP44"
7.03223096620853e-06,0.500008549982014,0.574,0.326,0.143914606723458,"3","SNAP29"
5.29446457919747e-06,0.499346443490394,0.628,0.388,0.108351217613276,"3","CPSF2"
7.06735135524994e-07,0.499014586562278,0.757,0.453,0.014463334548519,"3","BCAS2"
2.97700410256674e-06,0.498679855841429,0.493,0.259,0.0609243889590283,"3","ITPK1"
1.28979041003063e-07,0.497053508253438,0.466,0.216,0.00263955607412769,"3","IMMP1L"
3.74488274108575e-05,0.496242948350476,0.372,0.19,0.766390252963199,"3","C16orf91"
2.67270745188952e-05,0.495884172415606,0.351,0.177,0.546969580029191,"3","DOHH"
3.94168053752253e-09,0.495824337376482,0.905,0.701,8.06664922003986e-05,"3","ENSA"
1.39298242718411e-07,0.494966496148205,0.905,0.699,0.00285073853723228,"3","RBMX"
1.58210213272447e-05,0.494688281062807,0.595,0.357,0.323777201462063,"3","TSR2"
0.00359356129579202,0.494614682223339,0.277,0.167,1,"3","P3H1"
0.00129745890012956,0.494207143455564,0.25,0.137,1,"3","FHL3"
4.70264716057045e-10,0.494003023903355,0.953,0.829,9.62396741410743e-06,"3","EWSR1"
0.00178742225046791,0.493409021149876,0.284,0.163,1,"3","GPATCH1"
2.11770527940303e-05,0.493150895349,0.48,0.259,0.433388385429829,"3","BDH1"
8.94049130173435e-06,0.492946069525838,0.284,0.13,0.182967154489994,"3","TCP11L1"
0.00164830990730702,0.492818459459472,0.304,0.177,1,"3","DEF8"
7.71627206574976e-12,0.492682556980158,0.986,0.887,1.57913507825569e-07,"3","EIF3A"
4.74731850910182e-05,0.492529866662193,0.378,0.197,0.971538732887687,"3","RPRD1B"
3.97939202014808e-05,0.492355219907179,0.696,0.474,0.814382576923304,"3","MTA2"
2.80847078397706e-05,0.492186157585592,0.385,0.202,0.574753545940905,"3","OGFOD3"
5.87071047328802e-05,0.492133426440626,0.473,0.264,1,"3","LRRC8A"
4.98187600772582e-06,0.491547130556381,0.818,0.538,0.101954092498109,"3","BABAM1"
7.37740734346737e-06,0.490290151329985,0.439,0.23,0.15097864128406,"3","KIF13B"
4.06613608805451e-05,0.489888513182495,0.588,0.363,0.832134750420355,"3","RAE1"
1.5827131868873e-05,0.489861050196743,0.838,0.619,0.323902253696485,"3","SRSF1"
0.00157309976795594,0.489616397822236,0.385,0.246,1,"3","NAPRT"
0.000268918816977992,0.489490934746363,0.291,0.153,1,"3","UBXN2B"
2.44953613279808e-05,0.489442331380258,0.709,0.457,0.501297569577127,"3","ACADM"
3.36541363734622e-05,0.489336711916805,0.696,0.485,0.688731900882903,"3","CERS2"
8.5131677447059e-05,0.489055391274816,0.291,0.144,1,"3","C2orf69"
2.03671896679136e-05,0.488768640814958,0.689,0.427,0.416814536553852,"3","CTSZ"
0.000116686504357144,0.488559390250182,0.439,0.241,1,"3","SP2"
0.00977980959199698,0.488427304480994,0.324,0.222,1,"3","ETS2"
0.000138311628246068,0.488282032514329,0.277,0.138,1,"3","RBM12"
1.00807273639703e-09,0.488100882064803,0.932,0.788,2.06302085503651e-05,"3","VDAC3"
6.63952226531705e-10,0.487837512081787,0.973,0.809,1.35877823159714e-05,"3","NDUFA2"
0,0.487415245997253,1,0.996,0,"3","ARPC2"
2.94278457380059e-07,0.487280832399738,0.885,0.591,0.00602240863028292,"3","CAPRIN1"
0.000905009740209017,0.487226761841082,0.466,0.297,1,"3","GAMT"
2.68451927354363e-13,0.487052858537707,1,0.97,5.49386869330704e-09,"3","EIF4A1"
5.91565392156213e-05,0.486929394168072,0.534,0.329,1,"3","BLVRA"
0.000600809106223288,0.486048725388783,0.581,0.374,1,"3","ZC3H18"
7.99172899113021e-05,0.486008738959734,0.304,0.154,1,"3","MLKL"
2.28656527934135e-07,0.485849078523912,0.797,0.47,0.00467945584417206,"3","EIF4EBP2"
4.50382190095855e-05,0.485807292762113,0.439,0.242,0.921707152031167,"3","MRM2"
3.06577870954339e-05,0.485729726018056,0.419,0.226,0.627411612908054,"3","TMEM33"
5.41061498715578e-07,0.485323068574714,0.818,0.558,0.0110728235712143,"3","MTCH2"
2.88894617139768e-06,0.48526088793715,0.736,0.443,0.0591222833976535,"3","NUP98"
6.66738307888437e-05,0.484958423507198,0.696,0.487,1,"3","NDUFAF8"
1.27511912872968e-06,0.484444494030124,0.818,0.611,0.026095312969453,"3","NUDT5"
6.63349522622703e-06,0.484306466090532,0.804,0.587,0.135754479804736,"3","MLEC"
4.40889754633744e-05,0.484298672081971,0.696,0.476,0.902280882857958,"3","PDIA4"
7.28315460436502e-05,0.484057120987657,0.331,0.172,1,"3","GET1"
0.000182769312883968,0.483991885548654,0.514,0.328,1,"3","WARS"
9.21182200452897e-06,0.48382886631314,0.716,0.491,0.188519937322685,"3","ATIC"
5.03730665002422e-06,0.483391051420617,0.324,0.147,0.103088480592746,"3","TAF5L"
3.05642065012712e-06,0.48319728442255,0.649,0.411,0.0625496486048516,"3","SUCLA2"
0.00010144748607166,0.4831354557773,0.324,0.169,1,"3","SH3BP2"
0.000373710309070852,0.483089792842028,0.304,0.171,1,"3","IER3"
0.000109638098498177,0.482834640340774,0.345,0.184,1,"3","CASP7"
6.69248679507906e-05,0.482532245493211,0.378,0.207,1,"3","ZNF787"
0.000402781570392197,0.482047815739515,0.331,0.182,1,"3","DLAT"
0.00119616182338933,0.481384131266903,0.527,0.367,1,"3","PRF1"
4.79236233243974e-05,0.48135068268798,0.392,0.213,0.980756951333792,"3","TTC21B"
2.2606929088731e-06,0.481026026522629,0.878,0.7,0.0462650803800879,"3","GTF2A2"
0.000575956593968252,0.480979837861477,0.324,0.18,1,"3","NFIC"
7.7141595378194e-06,0.480768489109441,0.669,0.408,0.157870274941474,"3","RIC8A"
6.62431815845466e-07,0.480043855059825,0.568,0.309,0.0135566671112775,"3","NEDD1"
3.91389672134146e-05,0.479373778174843,0.453,0.254,0.80097896402253,"3","ADAM15"
0,0.478702651418024,0.993,0.974,0,"3","COX6C"
1.14933488282176e-07,0.478638162211763,0.723,0.445,0.00235211383769474,"3","JUN"
0.00010273179403586,0.478443421498028,0.784,0.564,1,"3","MGST3"
4.67078490307138e-05,0.478418397678367,0.689,0.449,0.955876130413558,"3","IDI1"
0.000145993221897456,0.478002616349393,0.385,0.212,1,"3","C6orf136"
6.32561806179766e-06,0.477543415101403,0.622,0.342,0.129453773634689,"3","MTX1"
1.08964104987841e-05,0.476891386656956,0.324,0.154,0.222995040857616,"3","WDR53"
4.86374178043647e-07,0.476632005293689,0.527,0.283,0.00995364755366324,"3","DGKH"
2.85737096654692e-05,0.476527490494997,0.703,0.475,0.584760968303828,"3","ATP2A3"
0.000148640174050252,0.475288920644513,0.534,0.349,1,"3","EXOSC5"
0.000105908547495703,0.4743293780219,0.642,0.43,1,"3","SLC16A7"
4.12190347749419e-05,0.474285364020369,0.689,0.427,0.843547546669187,"3","DNM1L"
0.000360792550109679,0.473759280827359,0.358,0.205,1,"3","HSD17B12"
7.58025603750934e-05,0.473507980709982,0.534,0.318,1,"3","PRPS1"
6.940894303753e-09,0.473366386403889,0.953,0.76,0.000142045401926305,"3","ATP6V0B"
7.44888594161885e-06,0.47316000115679,0.574,0.329,0.15244145079523,"3","AAGAB"
4.25593756658849e-06,0.473152416683421,0.851,0.629,0.0870977623002334,"3","GTF3C6"
0.001306263866095,0.472919838735993,0.284,0.161,1,"3","STIMATE"
8.62255526978828e-08,0.472470552585721,0.858,0.563,0.00176460593596217,"3","CTDSP1"
8.12817001927257e-06,0.472414430708032,0.486,0.263,0.166342999444413,"3","ABR"
9.72804301071495e-05,0.472069081855353,0.642,0.421,1,"3","ASMTL"
8.43011980355968e-06,0.470716267119801,0.764,0.499,0.172522401779849,"3","UBA1"
5.01935092420691e-05,0.470671837721576,0.25,0.117,1,"3","SRGAP2"
0.000159148182269586,0.470449695315209,0.689,0.496,1,"3","SMC6"
7.47101747724521e-05,0.469974153294373,0.527,0.313,1,"3","MAPK9"
3.28551852391001e-10,0.46941521855841,1,0.987,6.72381365918184e-06,"3","MT-ND1"
7.29362104667786e-05,0.469164554221108,0.473,0.269,1,"3","TRIM24"
6.22819398765628e-06,0.469156684638455,0.845,0.593,0.127459989957386,"3","SLIRP"
6.73193442901621e-06,0.4691084319067,0.459,0.248,0.137769038089817,"3","PKD2"
4.12803889433544e-05,0.468767303519075,0.595,0.34,0.844803159725748,"3","FTSJ1"
1.80874293320699e-09,0.468756535679211,0.939,0.786,3.7015924128081e-05,"3","THRAP3"
4.19886347913234e-13,0.468376692150454,1,0.969,8.59297411004434e-09,"3","PPDPF"
0.000144338737997574,0.468338154345849,0.459,0.265,1,"3","ARHGAP26"
4.30952211514235e-05,0.468304699537427,0.358,0.188,0.881943700863882,"3","POLR1E"
5.6810198323376e-08,0.468187315191048,0.932,0.769,0.00116262070868789,"3","GNB1"
1.12349907155362e-10,0.468056251609992,0.986,0.902,2.29924084993449e-06,"3","KHDRBS1"
1.54824862228509e-05,0.467795642436399,0.709,0.479,0.316849080550643,"3","PMF1"
1.0215537178393e-06,0.467223208806613,0.412,0.192,0.0209060968355812,"3","MUTYH"
0.000168870742837113,0.467159136944987,0.635,0.414,1,"3","FURIN"
7.70854491349837e-11,0.466836958535053,0.966,0.855,1.57755371654744e-06,"3","LSM7"
1.57718220394898e-06,0.466790141425157,0.757,0.469,0.0322770338038159,"3","STT3A"
0.000208639203185035,0.466745224902024,0.432,0.253,1,"3","CHID1"
0.000291974326704025,0.466738698737029,0.412,0.231,1,"3","TCTN3"
2.61532148781995e-06,0.466723579202239,0.77,0.482,0.0535225542482354,"3","ZFP91"
7.72429684396947e-05,0.466008499949654,0.574,0.334,1,"3","ANKRD39"
0.000735531012920676,0.465920357951156,0.358,0.21,1,"3","LRRC40"
2.96556523782243e-05,0.465790479992003,0.669,0.437,0.606902925920361,"3","CISD1"
0.000125735370167579,0.46557904401879,0.372,0.202,1,"3","APLP2"
0.00153688495860371,0.46544629317145,0.905,0.821,1,"3","HSPA5"
8.96977669495591e-06,0.465429173836883,0.439,0.235,0.183566480062273,"3","AC018816.1"
0.00149222458504528,0.465413780185575,0.284,0.167,1,"3","TMED8"
0.000801244901164289,0.465245101114708,0.284,0.157,1,"3","HIP1R"
0.000434615301400321,0.465132144809186,0.304,0.163,1,"3","MFGE8"
2.99695927630239e-06,0.463722962017369,0.764,0.538,0.0613327715895284,"3","N4BP2"
3.95886213100383e-06,0.463700622277666,0.527,0.279,0.0810181135109933,"3","PELP1"
4.35930573638998e-07,0.463498122940469,0.878,0.672,0.0089213191895221,"3","ACP1"
6.687149616047e-06,0.463142870308802,0.743,0.495,0.136852516892402,"3","ARL2"
6.67525607986885e-05,0.462637344294649,0.52,0.301,1,"3","USP12"
3.92119536700708e-05,0.461589476383228,0.324,0.167,0.802472631857999,"3","IFT88"
1.48641219857026e-05,0.461405052665871,0.696,0.452,0.304194256437404,"3","PSMD12"
0.000182279946114416,0.461312917316197,0.574,0.359,1,"3","LARP4"
8.24789133180293e-05,0.460854342089642,0.507,0.3,1,"3","RARS"
0.00749134060832279,0.460530493615338,0.547,0.382,1,"3","NFE2L3"
0.000129853367162314,0.460081449340264,0.547,0.326,1,"3","ELP6"
3.40611862281737e-05,0.460016771034652,0.622,0.369,0.697062176159574,"3","ICE2"
6.05318684065992e-10,0.459977732729347,0.986,0.944,1.23878468694105e-05,"3","LY6E"
0.00359484477626459,0.459755159891253,0.284,0.167,1,"3","HEG1"
8.50662844165129e-07,0.459516268157088,0.878,0.699,0.0174088151058394,"3","NDUFV1"
1.46547483887982e-05,0.458080336866782,0.345,0.168,0.299909425776755,"3","SLC12A2"
0.000336446804689361,0.457391547094486,0.743,0.494,1,"3","NAXE"
4.81173988073902e-05,0.456865355231081,0.284,0.137,0.98472256659324,"3","ADAT1"
0.000269435182248534,0.456677740996075,0.297,0.156,1,"3","CHST14"
1.58142558166485e-05,0.456581041222024,0.77,0.556,0.323638745287712,"3","NDUFA9"
8.07034745697877e-07,0.455605675093009,0.946,0.777,0.016515966070707,"3","PHPT1"
1.7492228059357e-06,0.455538798585506,0.757,0.461,0.0357978447234741,"3","KEAP1"
0.00107816955457674,0.455257617725243,0.331,0.192,1,"3","PPP4R1"
0.00173728311953458,0.455097911716078,0.27,0.151,1,"3","CCDC102A"
1.27149045707764e-05,0.454465179851501,0.791,0.62,0.260210522040939,"3","CEP57"
2.40170111758253e-05,0.454465075678819,0.581,0.349,0.491508133713265,"3","GNL3"
5.02828374582265e-06,0.454334585746389,0.824,0.573,0.10290382685826,"3","HSBP1"
9.70327672678017e-05,0.454094089755506,0.318,0.163,1,"3","JMJD4"
5.41997876293276e-05,0.453429434669066,0.622,0.389,1,"3","DLST"
2.30742092099945e-11,0.453246709964711,0.959,0.931,4.72213691482537e-07,"3","PRDX2"
0.000237603969817535,0.452711884488255,0.554,0.34,1,"3","YWHAG"
1.04256313995243e-05,0.45268784035495,0.365,0.18,0.213360546591266,"3","HLCS"
1.16043506199759e-05,0.452273154302914,0.493,0.261,0.237483035437807,"3","RNF8"
0.00182863954378742,0.452132796839019,0.297,0.173,1,"3","BICDL1"
1.10431446393999e-05,0.451470924811522,0.655,0.388,0.22599795504532,"3","TMEM141"
0.000122701208502995,0.451433879442398,0.419,0.233,1,"3","NADK"
2.57998741550747e-05,0.451426999121257,0.872,0.718,0.527994424583603,"3","DNAJC15"
0.000456042591271189,0.4512668998222,0.392,0.22,1,"3","TRUB2"
4.31785466925572e-05,0.451013322563114,0.547,0.333,0.883648958063182,"3","TCHP"
5.37048000457396e-05,0.450996113410121,0.439,0.249,1,"3","NBEAL2"
4.33409146955999e-05,0.450986907110766,0.601,0.373,0.886971819245451,"3","RMDN1"
6.88909452668529e-05,0.450664473540498,0.5,0.289,1,"3","STX2"
0.000285244499817816,0.450574994184663,0.345,0.187,1,"3","CC2D1A"
8.52668718991367e-05,0.449941214690364,0.534,0.329,1,"3","RRBP1"
1.16048228002708e-05,0.449883600205233,0.554,0.308,0.237492698607541,"3","DDX56"
0.000837659168345439,0.449477842177397,0.264,0.141,1,"3","CPPED1"
1.42525141482164e-05,0.449041987010934,0.73,0.478,0.291677702043248,"3","NAA20"
2.55108181090868e-06,0.448526855183699,0.959,0.824,0.0522078892602462,"3","IQGAP1"
6.14180787628094e-06,0.448289254782592,0.52,0.278,0.125692098188089,"3","GTF3C5"
0.000117324156946097,0.448216539933434,0.689,0.472,1,"3","EIF4E"
7.76763423804283e-07,0.447985812028855,0.824,0.57,0.0158964634681547,"3","CISD2"
1.3067442505843e-05,0.447802814496199,0.473,0.251,0.267425210882077,"3","SLC35B1"
6.29890221932605e-05,0.44702908744322,0.615,0.397,1,"3","RALB"
1.90223173068826e-05,0.446600751237358,0.595,0.342,0.389291723685353,"3","AIDA"
1.06324665078983e-05,0.446467593292231,0.622,0.342,0.217593427084138,"3","NOL12"
0.000168736448640683,0.446379690136579,0.331,0.174,1,"3","CFAP410"
3.00901759175964e-06,0.4459169317995,0.595,0.343,0.0615795450153611,"3","MPC1"
4.90114753546322e-05,0.4457268442736,0.493,0.279,1,"3","GPN1"
1.76558430788898e-05,0.44553082790582,0.426,0.224,0.36132682860948,"3","EYA3"
1.82645464776865e-05,0.445283180982892,0.595,0.344,0.373783943665854,"3","PCBD1"
1.55208350172131e-07,0.445088143482102,0.926,0.735,0.00317633888627267,"3","ETFB"
2.80712121794036e-05,0.445046167079173,0.574,0.333,0.574477357251494,"3","THUMPD3"
6.85245150282565e-05,0.444947617277693,0.527,0.306,1,"3","FBXO22"
8.86490880702695e-12,0.444911362027837,0.986,0.963,1.81420358735807e-07,"3","SUB1"
0.000764160760466259,0.444798643818808,0.365,0.211,1,"3","DIPK2A"
0.000682284398203281,0.443734779644851,0.345,0.198,1,"3","NUBP1"
3.83026943495679e-13,0.443149411252131,0.993,0.952,7.83864639863907e-09,"3","PPP1CA"
6.37077283394127e-05,0.442890686298572,0.757,0.517,1,"3","PSMC6"
9.98956781337323e-05,0.442624379898554,0.264,0.129,1,"3","TTLL1"
7.42367500805585e-10,0.442556390372463,0.966,0.855,1.51925509039863e-05,"3","PSMA6"
1.30849480961537e-06,0.442530551152488,0.459,0.219,0.0267783462787785,"3","DDX19A"
2.85115358500398e-06,0.4425120524048,0.635,0.372,0.0583488581171066,"3","IQCB1"
0.000235737933614422,0.442370847157834,0.358,0.198,1,"3","ZNF675"
9.95437203323846e-05,0.44210520657294,0.649,0.434,1,"3","TSEN15"
2.17078610842414e-06,0.442092768562551,0.777,0.547,0.0444251377089,"3","WBP11"
0.00024002698466008,0.442091206897808,0.358,0.198,1,"3","AAMDC"
0.00333926191973477,0.441799777646239,0.351,0.221,1,"3","TARBP2"
0.000722717296452569,0.441662857360663,0.851,0.657,1,"3","RUNX3"
8.68613996902745e-05,0.441187796876763,0.736,0.468,1,"3","MRPL9"
1.31163664596201e-05,0.440773567054429,0.628,0.363,0.268426439596126,"3","TNIP2"
0.00141276490463937,0.440344517960855,0.48,0.3,1,"3","ZMPSTE24"
6.44751793219545e-05,0.440224184803194,0.547,0.326,1,"3","BAG5"
0.00361847354232037,0.439108740014573,0.345,0.214,1,"3","GMEB1"
2.03355325094634e-05,0.439073172365698,0.561,0.333,0.416166672806169,"3","RELL1"
0.000454793823071675,0.439020088714933,0.446,0.269,1,"3","BRD8"
0.000784726263127755,0.438492801893016,0.412,0.249,1,"3","NVL"
0.000189015993595776,0.438285883257558,0.419,0.234,1,"3","MKNK1"
0.000165043249938268,0.438048097902783,0.466,0.267,1,"3","DFFA"
0.000140301646901264,0.4379274886968,0.514,0.318,1,"3","PMM1"
7.92033363339328e-08,0.437703851460592,0.966,0.903,0.00162089627807394,"3","SELENOH"
1.15759696928119e-05,0.437433154881902,0.865,0.64,0.236902219763396,"3","TNFSF10"
0.00623148892795644,0.437385903030627,0.365,0.239,1,"3","GSR"
1.96048604594878e-06,0.436648198992516,0.966,0.898,0.0401213469303419,"3","LRRFIP1"
1.78320815735766e-06,0.436622493329119,0.905,0.681,0.0364933549403246,"3","SSNA1"
0.00150109780876395,0.43647246413271,0.257,0.141,1,"3","LIMK1"
2.19849965632513e-06,0.43646553998501,0.899,0.711,0.0449922954666937,"3","MAGOH"
4.31753270691004e-07,0.436423874800449,0.939,0.766,0.0088358306846914,"3","SF3B6"
9.32468234500217e-05,0.436386366368602,0.358,0.189,1,"3","METTL4"
2.39605169263246e-05,0.436257458802168,0.628,0.393,0.490351978897233,"3","FKBP5"
0.000427015740166681,0.436031507052122,0.574,0.387,1,"3","IRF4"
6.32811072431849e-06,0.434863354170719,0.716,0.426,0.129504785973178,"3","PRRC2A"
1.68889952378848e-05,0.434659705241348,0.5,0.275,0.345633287543312,"3","SLC25A40"
0.000512984999216481,0.434623734124144,0.439,0.256,1,"3","NTPCR"
0.000225559498201244,0.434379666217795,0.77,0.587,1,"3","EMC6"
2.55140223437422e-06,0.43395195695255,0.912,0.668,0.0522144467264685,"3","RER1"
3.22538431030139e-06,0.433894644530439,0.824,0.581,0.066007489910318,"3","UBTF"
0.000636114578795421,0.432892886060118,0.405,0.244,1,"3","LTV1"
0.00109566879142586,0.43284484759539,0.331,0.186,1,"3","PELO"
4.46422750557396e-05,0.432587189641814,0.804,0.562,0.913604159015711,"3","KDELR2"
2.52449172677416e-11,0.432472313191766,0.98,0.847,5.16637231884332e-07,"3","CTSC"
1.31467753727854e-06,0.432336000937996,0.595,0.314,0.0269048758004053,"3","METAP1"
0,0.432218410301077,1,0.997,0,"3","CORO1A"
2.35953478977535e-11,0.431943236155695,0.986,0.956,4.82878794727526e-07,"3","PSMB8"
0.00055677448464353,0.431739705135864,0.399,0.24,1,"3","SQLE"
5.33528230139968e-05,0.431581272105169,0.297,0.151,1,"3","ZNRF1"
0.00125648446021587,0.431509644631245,0.581,0.454,1,"3","ALOX5AP"
1.72511660856411e-05,0.431197642219473,0.453,0.242,0.353045113942646,"3","ABHD2"
0.000310623635791263,0.431131086029833,0.25,0.126,1,"3","EFCAB7"
8.6543557716201e-05,0.430925446889315,0.818,0.62,1,"3","TMUB1"
0.000106275707231429,0.430612904974832,0.5,0.288,1,"3","ERAL1"
0.000351364979190194,0.430429262044835,0.595,0.395,1,"3","NAA50"
0.00128199308344379,0.430239800836855,0.378,0.225,1,"3","C12orf4"
2.09094075387384e-10,0.430215858734425,0.966,0.911,4.27911025280281e-06,"3","NDUFC2"
3.26871461280298e-05,0.430212431710704,0.493,0.279,0.66894244551013,"3","WSB2"
2.59711088852477e-05,0.430081430292417,0.446,0.238,0.531498743336594,"3","UQCRHL"
1.10625303912926e-05,0.429953756669266,0.682,0.419,0.226394684457802,"3","TMEM223"
1.02916170474643e-07,0.429854967430471,0.946,0.809,0.00210617942876357,"3","BSG"
6.63251811361398e-06,0.429597863627993,0.838,0.586,0.13573448319511,"3","KXD1"
0.000193666357563682,0.429568254805236,0.865,0.71,1,"3","DCTN3"
0.000120029540950917,0.429479731546011,0.514,0.312,1,"3","SLC10A3"
0.000711229647771816,0.429305771751786,0.25,0.129,1,"3","RBM4B"
7.72746359980481e-05,0.427199223150399,0.736,0.489,1,"3","KLHDC3"
0.00027897146456568,0.427046016172223,0.466,0.286,1,"3","AL606807.1"
5.64266120939294e-06,0.426762214900561,0.514,0.29,0.115477061650227,"3","GRAMD1B"
2.89105723281224e-05,0.426648702867145,0.318,0.153,0.591654862695026,"3","AP006621.3"
6.88702317397372e-09,0.426648623494668,1,0.992,0.000140942929255372,"3","FTH1"
0.000828482254300322,0.426509549260309,0.264,0.142,1,"3","PTER"
9.52897305861455e-06,0.426171378359847,0.818,0.535,0.195010433644547,"3","DNAJC1"
0.000163959814701631,0.425860337875581,0.568,0.34,1,"3","SETD3"
0.000403270126334565,0.425483945695816,0.277,0.148,1,"3","PDE8A"
5.90367121366953e-06,0.425477140502482,0.851,0.658,0.120818631387747,"3","SPN"
2.57447375973108e-06,0.425158819926084,0.709,0.447,0.0526866054928965,"3","RASSF1"
6.78366292028443e-08,0.425044875864329,0.959,0.847,0.00138827661663621,"3","PPP4C"
6.19155066594601e-06,0.42492335877053,0.851,0.607,0.126710084378585,"3","HEBP2"
0.000112850076647186,0.424917274917459,0.473,0.263,1,"3","SCOC"
0.000235709305503873,0.423847024275047,0.405,0.231,1,"3","ZBED1"
6.79458805465938e-05,0.423588579340879,0.622,0.376,1,"3","C7orf50"
0.000417804457364612,0.423384336547809,0.453,0.269,1,"3","DAP"
3.07820467875253e-05,0.423231769851282,0.419,0.22,0.629954587506705,"3","DHRS13"
9.75245129097857e-09,0.423209715298653,0.986,0.882,0.000199583915669876,"3","SEM1"
7.29367954384053e-05,0.423007482038157,0.601,0.364,1,"3","DRG1"
0.000499314926489802,0.422947318341014,0.412,0.245,1,"3","SLC16A1-AS1"
5.40262564867611e-05,0.422004170660118,0.588,0.37,1,"3","TM7SF3"
0.00504258384751277,0.42182697756487,0.297,0.181,1,"3","RCBTB1"
0.00180110855051274,0.421667312665326,0.284,0.164,1,"3","POLR1A"
1.55930953475991e-05,0.421597996371106,0.723,0.486,0.319112696288616,"3","COA3"
6.970827823638e-06,0.421512376905465,0.635,0.36,0.142657991410752,"3","C1orf122"
0.000134805613016376,0.421331512157495,0.351,0.189,1,"3","ING2"
0.000119054448092903,0.420728389206234,0.689,0.427,1,"3","ARF3"
5.08482145278322e-14,0.420223857396449,0.993,0.964,1.04060871031209e-09,"3","NDUFA13"
0.000704931199254855,0.419846339096245,0.419,0.255,1,"3","GPR137"
0.000112198064815328,0.419700475644859,0.419,0.235,1,"3","FUOM"
0.000742328250111113,0.41963816184786,0.365,0.215,1,"3","SMAD7"
0.000179487471598128,0.419575778110637,0.709,0.464,1,"3","FARSA"
3.76013017733268e-05,0.419570729930501,0.662,0.407,0.769510640791132,"3","CREM"
0.0012708114221347,0.419146552490467,0.541,0.354,1,"3","NIPA2"
8.95799026912059e-06,0.418451483757349,0.682,0.432,0.183325270857553,"3","NUP50"
0.000243267165995542,0.418319450682295,0.669,0.444,1,"3","BAG1"
0.000324602391929218,0.418139742128648,0.757,0.555,1,"3","SURF4"
0.00166627116385198,0.417518883616304,0.554,0.388,1,"3","ZNF511"
0.000238221950549455,0.417415942613245,0.507,0.303,1,"3","GFPT1"
9.84114112956291e-06,0.417020101495578,0.878,0.69,0.201398953216505,"3","PFKL"
0.000206889265699894,0.41697869890333,0.655,0.44,1,"3","COMMD8"
0.00021433760676115,0.416599485407493,0.527,0.316,1,"3","PDXK"
1.64489324741002e-05,0.416069663085774,0.385,0.195,0.33662740308246,"3","HACD2"
0.000187895946723415,0.415721392427399,0.399,0.227,1,"3","FAM168B"
0.00258601143270765,0.415523814120834,0.291,0.171,1,"3","PPM1D"
0.000152434962015224,0.415478989686939,0.419,0.235,1,"3","ISOC2"
0.000818466558121456,0.415342048168337,0.311,0.175,1,"3","POP1"
0.000228751363528845,0.415323697296683,0.412,0.235,1,"3","CDKN2AIPNL"
0.00233422143372941,0.41476628061378,0.284,0.163,1,"3","ZBED4"
1.83262938291406e-06,0.414650226095337,0.946,0.832,0.0375047603213363,"3","EIF2S2"
0.00055044169132934,0.414618952616269,0.682,0.471,1,"3","PSMB5"
4.96379017889126e-08,0.414565979208735,0.926,0.824,0.0010158396601101,"3","GDI2"
0.000134259495469413,0.414083057516195,0.757,0.521,1,"3","MRPS12"
0.00103578098190238,0.413968270734549,0.378,0.233,1,"3","GPATCH4"
0.000106985564348738,0.413857340540762,0.743,0.523,1,"3","DNTTIP2"
6.44689223516792e-06,0.413625596825543,0.696,0.411,0.131935649592712,"3","ERVK3-1"
4.08872839290364e-05,0.413319170584812,0.27,0.133,0.83675826560773,"3","PHLDA1"
9.61044292213664e-06,0.413311324223836,0.419,0.217,0.196677714401526,"3","EFL1"
0.00051641604215158,0.413273060094784,0.48,0.283,1,"3","SNX15"
7.85110934513611e-05,0.41321252171188,0.561,0.342,1,"3","TP53"
4.49839988636569e-06,0.413172871203088,0.851,0.597,0.0920597536744738,"3","PDAP1"
1.7954348465743e-06,0.413168352702826,0.993,0.957,0.036743574135143,"3","MT-ND2"
8.02774767239001e-06,0.413033046229856,0.811,0.591,0.164287856115461,"3","SARNP"
8.33579416248398e-06,0.412886969816254,0.507,0.265,0.170592027535235,"3","GSKIP"
3.34726134691987e-05,0.412719367624351,0.48,0.267,0.685017034647152,"3","PAF1"
0.00190326013341746,0.412613605718017,0.331,0.195,1,"3","MUL1"
0.000120030258639936,0.412092465010231,0.642,0.39,1,"3","LEO1"
0.00130186117494957,0.411977635140761,0.547,0.353,1,"3","PRKRA"
3.5904945683285e-10,0.411836331845445,1,0.958,7.34794713408427e-06,"3","PSMB9"
2.50315316634442e-05,0.410879303420447,0.885,0.634,0.512270295492385,"3","SQOR"
0.000707508576129223,0.409942157280325,0.466,0.294,1,"3","AC007952.4"
0.000188277829682226,0.409933576155365,0.601,0.388,1,"3","PAGR1"
0.000523404105099656,0.409805434667391,0.284,0.151,1,"3","FUCA2"
0.000155634647276193,0.409738243709333,0.635,0.405,1,"3","LLPH"
0.00258748903350758,0.40973167756917,0.453,0.288,1,"3","PTPA"
0.000148694112201531,0.409680861880001,0.48,0.28,1,"3","EMG1"
8.52012151177917e-05,0.40949698586718,0.554,0.326,1,"3","PDHA1"
0.000236927231576756,0.409181185232548,0.48,0.28,1,"3","BMI1"
0.00151026285164346,0.409101010759985,0.439,0.276,1,"3","UGGT1"
1.17987075116677e-05,0.408962587426694,0.845,0.589,0.241460549226279,"3","GLUD1"
0.00166713537076424,0.408789884279632,0.304,0.175,1,"3","MAFG"
1.31961887528398e-06,0.408745902767893,0.892,0.721,0.0270060002826866,"3","NDUFB7"
0.000476020668601862,0.408732330756013,0.574,0.359,1,"3","PNKP"
4.86068235927561e-06,0.408718856660232,0.885,0.704,0.0994738644825754,"3","MRPL20"
0.000122435424122713,0.408664764839471,0.378,0.205,1,"3","SEH1L"
7.91783047415784e-06,0.408515443494036,0.419,0.21,0.16203840065364,"3","NOC4L"
0.00256258552298938,0.40810015906369,0.297,0.171,1,"3","INPP5B"
2.68787404578141e-06,0.40808581689103,0.966,0.815,0.0550073423469166,"3","PHB2"
4.04942590570556e-09,0.408072798178782,0.993,0.963,8.28715011602643e-05,"3","GNAI2"
0.00010691697260623,0.407718792999218,0.635,0.396,1,"3","PLGRKT"
1.52658417218454e-06,0.407123030875231,0.926,0.82,0.0312415450837566,"3","UQCRFS1"
3.30175910616681e-05,0.406807710247086,0.622,0.377,0.675705001077038,"3","GTPBP4"
5.05195736482111e-05,0.40677022031093,0.459,0.258,1,"3","GLE1"
1.67022467301159e-06,0.406589643708791,0.919,0.76,0.0341811479331822,"3","SPCS2"
1.18872184236007e-05,0.406585156483856,0.743,0.472,0.243271925038989,"3","CDC5L"
6.05413049159509e-06,0.406407276696189,0.885,0.665,0.123897780510493,"3","HTATSF1"
3.50768898644827e-05,0.406132010870175,0.419,0.22,0.717848551076637,"3","MTOR"
5.36179458745512e-05,0.405711124205414,0.811,0.637,1,"3","CIAO2A"
0.000205721751280086,0.405707164147734,0.655,0.456,1,"3","CDC27"
0.000455997020203158,0.405425749419737,0.25,0.129,1,"3","ADO"
0.000171550367497497,0.405331568266682,0.622,0.407,1,"3","TARS"
1.12802302631998e-05,0.404369645558441,0.514,0.278,0.230849912336384,"3","EEFSEC"
1.62529662055544e-05,0.404009061707143,0.824,0.606,0.33261695339667,"3","SOCS1"
0.000686791966800104,0.403821510209094,0.277,0.15,1,"3","EEF1AKMT1"
1.07542067251387e-07,0.403399592365166,0.946,0.831,0.00220084840629964,"3","CCT4"
9.22390466229217e-08,0.40271570320117,0.446,0.21,0.00188767208913809,"3","KIAA1328"
0.000371652543545542,0.402572579879969,0.284,0.15,1,"3","UBQLN4"
2.91203858955313e-05,0.402540473503096,0.392,0.201,0.595948697352049,"3","KLHL7"
0.000633217258843244,0.402338987858599,0.264,0.14,1,"3","MCU"
7.76917412403932e-07,0.402302747478344,0.926,0.727,0.0158996148448465,"3","NUCB1"
1.88073528084587e-07,0.402185105389185,0.98,0.89,0.00384892475225107,"3","RBM3"
6.18107382901467e-05,0.402168091300917,0.439,0.239,1,"3","STRBP"
0.000428904510110684,0.402098972322877,0.716,0.508,1,"3","MAPK1"
1.91882842461855e-05,0.401920805967714,0.568,0.31,0.392688237098185,"3","SLC66A2"
6.20108830950983e-08,0.401898452877378,0.946,0.757,0.00126905272254119,"3","DNAJC8"
3.2688689317828e-05,0.401883140591049,0.824,0.599,0.66897402688935,"3","PSMB7"
1.04334996657851e-05,0.401746071815826,0.615,0.373,0.213521570660292,"3","PGAP1"
0.000612685724368234,0.401647369351966,0.554,0.361,1,"3","ALG3"
2.7232512382902e-06,0.401608073779292,0.912,0.743,0.055731336591609,"3","TUFM"
1.30373938100892e-05,0.401333670903069,0.784,0.508,0.266810264323475,"3","HSD17B10"
0.00029482108611778,0.40123132752671,0.304,0.159,1,"3","ATL2"
9.71056164789097e-06,0.401083460525387,0.791,0.571,0.198726644124089,"3","CNTRL"
5.36871790579596e-07,0.400996567184716,0.966,0.871,0.0109870811942114,"3","GNB2"
0.000187437566887549,0.40095678194479,0.939,0.826,1,"3","UBALD2"
0.000772838370172391,0.400607354974761,0.473,0.291,1,"3","CCNT1"
3.12381231992731e-10,0.400348284156568,0.993,0.956,6.39288191273124e-06,"3","COX7A2"
5.20386857916222e-06,0.400222915711995,0.865,0.646,0.106497170472555,"3","EIF5B"
0.000346022917735223,0.400135291981596,0.534,0.325,1,"3","NCBP1"
0.00128965877933096,0.400066445969309,0.601,0.415,1,"3","FXN"
0.00276652283278422,0.399560939186804,0.291,0.167,1,"3","ERF"
0.000974102471324567,0.399122070984066,0.534,0.359,1,"3","DESI1"
5.59006692046893e-08,0.399100934929222,0.986,0.918,0.00114400719527397,"3","TMBIM6"
0.000254210226819485,0.399024191455402,0.372,0.204,1,"3","KLHL42"
0.00865876089338058,0.398967198441532,0.372,0.239,1,"3","SLC30A6"
4.99232314008502e-05,0.39890550082814,0.797,0.607,1,"3","ATOX1"
5.70841969751434e-05,0.398343422045197,0.507,0.283,1,"3","ALG8"
6.00285732661465e-05,0.398047376326931,0.689,0.406,1,"3","ELP5"
4.63917793069868e-12,0.397971077058611,1,0.985,9.49407763517485e-08,"3","ARPC1B"
0.000461888238795893,0.397906809754723,0.439,0.259,1,"3","TMEM11"
3.49107639019408e-05,0.397567123905673,0.723,0.445,0.714448783253219,"3","LAIR1"
0.0064286347453375,0.397553693698105,0.257,0.155,1,"3","SOGA3"
2.73538050206135e-05,0.396167944639949,0.899,0.74,0.559795619746855,"3","LUC7L2"
0.00638887805621358,0.396123105862283,0.385,0.251,1,"3","ZC3H4"
9.1545415821237e-06,0.395871231523188,0.561,0.315,0.187347693478161,"3","CEP135"
0.000124868283399193,0.395822741022251,0.581,0.362,1,"3","CPT1A"
0.000412688699811259,0.395779589165666,0.601,0.41,1,"3","DDX54"
0.00107833813018732,0.395597807464441,0.601,0.404,1,"3","RANGRF"
7.58642947666921e-05,0.395312481413963,0.669,0.414,1,"3","BAD"
0.00196927230956412,0.395259280984512,0.432,0.291,1,"3","NBL1"
2.13941828826059e-05,0.395200097084048,0.892,0.7,0.437831952692529,"3","RNASEH2B"
1.22643250159982e-05,0.393234611827859,0.777,0.532,0.250989411452402,"3","ADAM19"
2.21566916722704e-05,0.39287904581635,0.912,0.749,0.453436695073014,"3","MRPS34"
4.99337848580694e-05,0.392406477211465,0.547,0.309,1,"3","CLASRP"
0.00038749499815327,0.391927266513663,0.568,0.366,1,"3","CARMIL2"
0.000173530456043736,0.391745960544454,0.615,0.381,1,"3","WDR18"
1.2813636887099e-06,0.391475209209807,0.682,0.403,0.0262231078894481,"3","RAD51B"
2.17943645353103e-08,0.390892969283608,0.959,0.906,0.000446021670215124,"3","SRRM1"
4.59238225225533e-08,0.390492330133709,0.986,0.98,0.000939831027924054,"3","S100A10"
0.000177180869328719,0.390330141645722,0.304,0.156,1,"3","BNIP1"
0.000236094275756438,0.390318163631389,0.689,0.464,1,"3","STARD7"
3.57353541380334e-06,0.390144988375132,0.946,0.827,0.0731324022434854,"3","VCP"
0.00224843709144951,0.390039035094292,0.682,0.474,1,"3","MOSPD3"
0.000241750556543074,0.38936543620282,0.5,0.291,1,"3","NIT1"
3.42540886766329e-08,0.38932077689924,0.973,0.868,0.000701009924767293,"3","VDAC1"
0.000614160863060986,0.388612271822744,0.311,0.17,1,"3","QRSL1"
0.000110008721639687,0.388472717176551,0.709,0.455,1,"3","NUBP2"
1.20456574492778e-07,0.387328977020233,0.966,0.792,0.0024651437969947,"3","OSBPL8"
0.00125056365303977,0.38725573358024,0.426,0.256,1,"3","GCN1"
0.00763675488541815,0.387093729032642,0.25,0.151,1,"3","UNK"
0.00029676722875327,0.387068252900813,0.304,0.16,1,"3","TUBGCP4"
0.00103188320248448,0.386862684771039,0.277,0.151,1,"3","TXNRD2"
0.00050749662423355,0.38640860194567,0.784,0.591,1,"3","CUEDC2"
0.000382054029119505,0.385929566535373,0.331,0.177,1,"3","CHUK"
3.30452557317784e-07,0.385810517171895,0.953,0.826,0.00676271158550845,"3","NDUFB10"
0.000140687219446489,0.385807529877139,0.291,0.145,1,"3","NFE2L1"
0.00234905998799051,0.385648616476093,0.554,0.377,1,"3","NUP214"
1.14012691987408e-05,0.385539975850601,0.824,0.579,0.233326974152231,"3","METAP2"
0.00164009748578664,0.384994422799069,0.378,0.234,1,"3","GBE1"
0.000160352742566428,0.384640255255819,0.48,0.273,1,"3","WRAP73"
4.90943104614061e-07,0.384611665828983,0.986,0.862,0.0100471506359268,"3","CCT8"
0.000103556693141327,0.384176533437274,0.797,0.569,1,"3","PSMD9"
0.000436299790413042,0.384132228057151,0.75,0.565,1,"3","CHCHD1"
0.000386289489265002,0.384039297870026,0.534,0.317,1,"3","MRPS18A"
2.44849665977931e-05,0.383441946071077,0.791,0.525,0.501084841423836,"3","CYB5R3"
0.000176628737143192,0.38311531614666,0.412,0.231,1,"3","TSR1"
0.00123324576778061,0.383032252549603,0.257,0.138,1,"3","HSF2"
6.13844445358502e-05,0.382605196206946,0.818,0.579,1,"3","MED4"
0.00238457292345307,0.38229318066657,0.304,0.183,1,"3","DDX60"
0.00135801890232412,0.381978154076542,0.338,0.197,1,"3","OGG1"
6.64373532914819e-05,0.381874840876509,0.351,0.179,1,"3","DVL2"
0.000170645640322098,0.381526383651609,0.284,0.144,1,"3","ZNF282"
0.00144479443964252,0.381499353850545,0.257,0.143,1,"3","TMEM185B"
0.00549491149384629,0.381423180521837,0.514,0.361,1,"3","RRAS2"
0.0079842168666282,0.381191237209381,0.899,0.782,1,"3","CCND2"
5.5590625975821e-06,0.380646310700508,0.946,0.803,0.113766216059518,"3","PPA1"
1.32990837808933e-05,0.380444832061876,0.838,0.614,0.272165749575981,"3","DNAJC21"
0.00306159092673997,0.380347812909741,0.284,0.169,1,"3","NUDT14"
1.55299360149463e-05,0.380274272815106,0.905,0.763,0.317820140545877,"3","MRPL57"
1.69630199227111e-05,0.379962969849465,0.905,0.69,0.347148202718283,"3","PSMD13"
0.000709933051469491,0.379927900911496,0.48,0.29,1,"3","AL135818.1"
0.000926267331128772,0.379692422556338,0.358,0.206,1,"3","NIPSNAP3A"
1.29318777908338e-12,0.379690250646185,0.98,0.981,2.64650878989414e-08,"3","SUMO2"
0.00251971836386655,0.379001887589384,0.432,0.275,1,"3","ATP6V0A2"
0.00127967105931992,0.378914452310961,0.392,0.238,1,"3","ANAPC1"
0.000127515801659817,0.378732047859379,0.811,0.577,1,"3","FAM50A"
0.000134265634016417,0.377926319567012,0.784,0.546,1,"3","MAP2K1"
0.000526888718442198,0.377556819353048,0.608,0.398,1,"3","TRAPPC4"
0.00833138864009664,0.377179695057445,0.291,0.179,1,"3","MDC1"
0.000134401326868261,0.37695085689851,0.318,0.165,1,"3","ZFYVE19"
0.00151801352549086,0.376695384678139,0.318,0.189,1,"3","HAVCR2"
3.64180556475802e-05,0.376535360390519,0.797,0.537,0.745295508827728,"3","HDAC2"
8.52735238350277e-05,0.376394240839563,0.818,0.579,1,"3","NDUFS3"
8.00208988971374e-05,0.376219023756288,0.838,0.632,1,"3","DCK"
0.000339585874962633,0.376096362325751,0.919,0.677,1,"3","BRD7"
0.00161850600630342,0.375939146681103,0.318,0.184,1,"3","PRMT5"
0.000199970659339854,0.375689377830596,0.405,0.228,1,"3","CNOT6"
7.77070408020109e-10,0.37552509852086,1,0.998,1.59027459001315e-05,"3","TMSB10"
2.25347013715904e-06,0.375336515009155,0.986,0.831,0.0461172663569598,"3","PIM1"
0.000125030428729023,0.375131131467356,0.541,0.316,1,"3","MTMR6"
0.00261367499130238,0.374910983965318,0.514,0.342,1,"3","USB1"
0.000260936551205182,0.374856722677173,0.466,0.27,1,"3","ABCF2"
1.64504415642863e-05,0.37463822623519,0.615,0.361,0.33665828661312,"3","NAA15"
0.000703844641270823,0.374372551604162,0.878,0.732,1,"3","G3BP1"
0.000947465527750602,0.373786147273086,0.291,0.161,1,"3","RNF121"
0.0083527447284184,0.37341504576086,0.412,0.27,1,"3","PSMD10"
0.000284262305125349,0.373279991821476,0.561,0.348,1,"3","PHACTR4"
4.40713714291441e-05,0.373259687888094,0.784,0.555,0.901920616297434,"3","PNKD"
1.53837410432622e-06,0.373244584713909,0.574,0.307,0.0314828260450362,"3","ANKRD28"
0.000164990639130114,0.372741322750989,0.959,0.907,1,"3","S100A4"
0.000161304091869763,0.372560310801832,0.689,0.443,1,"3","DERL2"
8.84839308830099e-05,0.372536429952203,0.331,0.167,1,"3","WARS2"
1.47893626412099e-05,0.37239310668014,0.568,0.325,0.30266430645236,"3","GALNT1"
0.000789250086600246,0.371806778835177,0.399,0.233,1,"3","NF2"
0.00211808599931795,0.371534172635605,0.277,0.154,1,"3","TTI2"
0.000198377750518564,0.371523691894616,0.716,0.492,1,"3","NMI"
0.000391645270685359,0.371465209757107,0.568,0.348,1,"3","OSGEP"
0.00078323950502801,0.371157331472538,0.527,0.325,1,"3","EFTUD2"
0.00228780533765671,0.370711161390772,0.635,0.422,1,"3","RNF4"
0.000167757005598901,0.370635209446907,0.736,0.523,1,"3","SUPT4H1"
4.79689876959899e-05,0.370462412841458,0.426,0.224,0.981685333198433,"3","TICAM1"
0.00040583862933441,0.370455228119521,0.784,0.504,1,"3","COA4"
3.86059184620535e-10,0.369898486578526,0.986,0.954,7.90070121325925e-06,"3","NDUFB11"
0.00119013867730788,0.369790626745644,0.851,0.664,1,"3","CTSB"
0.00067425204677285,0.369682768869697,0.642,0.413,1,"3","DDA1"
0.00376813592456537,0.369379228361133,0.628,0.45,1,"3","FAM136A"
0.000248596950018998,0.369044059283679,0.466,0.263,1,"3","SGTA"
0.00191815002260776,0.36878097199838,0.412,0.255,1,"3","PRKACA"
5.54155159027125e-06,0.36833113949907,0.939,0.767,0.113407853294901,"3","IQGAP2"
0.00117002790915866,0.367660118589893,0.284,0.158,1,"3","CCDC61"
4.56547200045065e-09,0.367552250550551,1,0.969,9.34323844892226e-05,"3","JUND"
0.00161832095177683,0.367510409457868,0.318,0.188,1,"3","ERCC8"
0.000131836708058275,0.367263216532133,0.385,0.207,1,"3","SLAIN1"
4.98354247036037e-05,0.367081337783268,0.851,0.693,1,"3","NDUFAF3"
0.000226524988646393,0.366899343450911,0.764,0.549,1,"3","UBE2V2"
0.0019082829454331,0.366692997612336,0.284,0.16,1,"3","KAT2A"
0.00418321608934158,0.36654651284713,0.311,0.189,1,"3","MSRB2"
0.00646692319259956,0.366124149667885,0.297,0.191,1,"3","MMP25"
0.000181440709562164,0.365753056023307,0.851,0.628,1,"3","CLTB"
0.000178587824139376,0.365168890802209,0.655,0.42,1,"3","UROD"
0.000479794500191089,0.364612887265976,0.338,0.187,1,"3","TRMT61B"
2.10091943841917e-11,0.364479502518595,1,0.989,4.29953163072483e-07,"3","HNRNPA1"
6.54430936108952e-08,0.364412644756974,0.973,0.889,0.00133929291074697,"3","NEDD8"
6.80997745705625e-06,0.364382456550577,0.959,0.829,0.139366188658656,"3","HDAC1"
0.000986417632836689,0.364150259896891,0.534,0.34,1,"3","UCHL3"
0.000186873533694509,0.363915266408994,0.865,0.619,1,"3","LAMTOR2"
0.00734787177921015,0.363739107723104,0.507,0.342,1,"3","AHCTF1"
0.000991077936202789,0.363515684884974,0.473,0.312,1,"3","SOCS2"
0.00747360677996278,0.363294996493728,0.459,0.315,1,"3","C1GALT1C1"
0.000187157946207606,0.362897669676579,0.588,0.367,1,"3","DANCR"
2.01245081399293e-06,0.362521862996164,0.899,0.656,0.0411848059083653,"3","PYCR2"
6.42828480388324e-05,0.362182164690533,0.858,0.652,1,"3","DCXR"
0.000891282145824901,0.361732685318867,0.716,0.477,1,"3","RPP21"
0.00596186051213077,0.360587495477908,0.595,0.457,1,"3","SIRPG"
0.00148110456617823,0.360519032074401,0.385,0.236,1,"3","SYNE3"
0.000599641464037681,0.36045420765433,0.777,0.54,1,"3","PTPN11"
8.89239090984262e-06,0.360437932405425,0.838,0.563,0.181982779969929,"3","TMX4"
4.82914430910419e-06,0.360187124838516,0.439,0.224,0.0988284382858173,"3","CSPP1"
8.22542472491694e-05,0.359863798014827,0.662,0.435,1,"3","CASP3"
6.51248013101569e-05,0.359678137053953,0.777,0.513,1,"3","HACD4"
7.79844414335873e-05,0.359090775381936,0.615,0.362,1,"3","SPTLC1"
5.86237828252845e-05,0.358599555513331,0.493,0.274,1,"3","CASP6"
0.000139949666495776,0.358205413602786,0.547,0.327,1,"3","NIP7"
0.00164614462812018,0.358188849559299,0.324,0.191,1,"3","MAPK13"
0.000377185128499047,0.357589405295819,0.73,0.503,1,"3","BCCIP"
4.18579560230725e-05,0.357566598748343,0.412,0.215,0.856623070012179,"3","TTC27"
0.000299977339915491,0.356773547111176,0.405,0.229,1,"3","WDR46"
9.35145854086272e-08,0.356444219174792,1,0.984,0.00191377599038756,"3","MT-ND5"
0.00112674666352497,0.356017914713278,0.331,0.188,1,"3","DHDDS"
0.000455098839398316,0.35555303788538,0.507,0.303,1,"3","TM9SF1"
0.000189332136615095,0.355318947091722,0.804,0.555,1,"3","GET3"
0.00469742248184524,0.355193579442541,0.291,0.173,1,"3","LETM1"
0.000134388381487272,0.354638014196622,0.486,0.274,1,"3","GIT1"
1.49601231622665e-05,0.354553041739041,0.959,0.788,0.306158920515783,"3","BST2"
0.000164424488907633,0.354292753332333,0.561,0.334,1,"3","ZNRD2"
0.000441255473046187,0.354125476951063,0.581,0.361,1,"3","MRPL24"
1.80951922807981e-05,0.354118568936433,0.899,0.777,0.370318110026534,"3","OSTF1"
8.49914020679687e-05,0.353513982259892,0.554,0.31,1,"3","DDX49"
0.00914468552187464,0.353350937724234,0.432,0.275,1,"3","INF2"
0.00153973594176171,0.353296785358748,0.865,0.625,1,"3","TMEM238"
5.99674670698214e-06,0.353233924931578,0.351,0.164,0.122723421358389,"3","GXYLT1"
0.00030510614260626,0.353073863391847,0.48,0.281,1,"3","NDUFAF4"
0.00021885993632198,0.35295556479166,0.446,0.258,1,"3","BRD3"
0.000476096598461817,0.352392505309397,0.655,0.423,1,"3","RPUSD3"
6.55155041329181e-10,0.35219469639176,0.986,0.968,1.34077479208017e-05,"3","TAGLN2"
5.64140433212401e-06,0.351337170236149,0.946,0.796,0.115451339656918,"3","ZNF706"
0.000438242168555147,0.351326237621823,0.378,0.21,1,"3","GPAT4"
0.000864562716532902,0.351277899633195,0.439,0.261,1,"3","NFU1"
0.000223364700595141,0.350852199317913,0.858,0.69,1,"3","PPP2CA"
0.0029859164129773,0.350745503813598,0.581,0.399,1,"3","UTP18"
0.000287055893983146,0.350681762157848,0.601,0.359,1,"3","MRPS23"
0.000613159033967969,0.350647304096211,0.345,0.193,1,"3","NHEJ1"
0.00149534740127022,0.35022126259906,0.649,0.422,1,"3","RTCB"
1.1081803200419e-05,0.35010490574401,0.905,0.804,0.226789102496574,"3","NDUFB1"
5.73998601982595e-08,0.350074330467134,0.993,0.921,0.00117468813895738,"3","BAX"
0.00213242297931648,0.350013417726751,0.669,0.499,1,"3","ABCE1"
0.000216504415690544,0.349955647371106,0.615,0.375,1,"3","KCTD20"
0.000882334285082331,0.349705708396588,0.365,0.206,1,"3","INTS14"
0.00142438437661507,0.349662093041941,0.318,0.184,1,"3","PSPH"
0.000117573494893053,0.349577634144042,0.703,0.445,1,"3","GMCL1"
1.05302755093462e-06,0.349250464296569,0.966,0.906,0.0215502088298769,"3","COPE"
0.000745323479817372,0.349247158395621,0.757,0.557,1,"3","NUDCD2"
0.00242313744092915,0.349207927541083,0.777,0.567,1,"3","ESD"
0.000399756312230659,0.348931750638837,0.905,0.74,1,"3","TMED9"
0.000240622941502622,0.34890887633238,0.743,0.501,1,"3","DPY30"
0.000529817830916546,0.348587627115818,0.824,0.664,1,"3","MRPL54"
0.000418525986418228,0.348338644003389,0.858,0.699,1,"3","MRPL52"
0.000430983850632449,0.348235711888531,0.568,0.344,1,"3","BRAT1"
9.82171307617463e-06,0.347960637964869,0.561,0.299,0.201001358103914,"3","RWDD4"
5.50663736831325e-09,0.347416832721965,1,0.983,0.000112693333742531,"3","TPI1"
0.000207532395658294,0.347354467016329,0.709,0.501,1,"3","GCHFR"
0.000149067951339177,0.347231666808157,0.547,0.328,1,"3","FTO"
0.00017014239254709,0.346933653334066,0.75,0.489,1,"3","TGS1"
0.00411287516328573,0.346929682343303,0.358,0.225,1,"3","SLC6A6"
0.00115847190493423,0.345885502878696,0.5,0.31,1,"3","AP3M1"
0.004476506933349,0.345759465943392,0.264,0.155,1,"3","ZFYVE21"
0.000552932107669601,0.345568623273239,0.676,0.449,1,"3","MTG1"
0.000533964478069082,0.345385338102488,0.338,0.186,1,"3","PPAT"
0.000348941664250146,0.345341219421709,0.426,0.247,1,"3","LUZP1"
0.000112317174718379,0.345290738480156,0.777,0.537,1,"3","RAP1GDS1"
0.00190696650947841,0.344883299391947,0.628,0.433,1,"3","SMIM15"
0.000181049538779066,0.344818202831264,0.77,0.594,1,"3","HSPB1"
6.74819670594129e-05,0.344803911701748,0.486,0.276,1,"3","CCDC93"
0.000221975437658672,0.344678701985657,0.318,0.164,1,"3","LIMD1"
0.000348745110402282,0.344298051865499,0.676,0.441,1,"3","DHX30"
0.000216297680769584,0.344251758827064,0.649,0.406,1,"3","GALM"
3.67870192226061e-05,0.343631781917073,0.912,0.768,0.752846348390633,"3","NFKBIA"
1.97587035621893e-09,0.343336039548485,1,0.991,4.04361868400205e-05,"3","CYBA"
0.00285878081572943,0.341798039390561,0.622,0.431,1,"3","AP1S1"
0.00361177593007933,0.341597769290834,0.77,0.566,1,"3","PFDN2"
0.00858054325036361,0.341429864807805,0.601,0.422,1,"3","SMIM12"
0.000980463300412238,0.341312576008775,0.73,0.487,1,"3","ZCRB1"
0.00319700570433645,0.340712811409218,0.5,0.346,1,"3","GCH1"
0.000338962587692837,0.340510493851648,0.851,0.617,1,"3","SUCLG1"
0.000190445131533323,0.340079004421915,0.324,0.168,1,"3","ACAD8"
0.00162921305843522,0.339516311961066,0.284,0.16,1,"3","RCL1"
0.000261156544336005,0.339484080012241,0.662,0.425,1,"3","HARS"
0.000116312271591257,0.339434873545475,0.791,0.556,1,"3","MYO9B"
0.00711984818869604,0.339432262035226,0.581,0.394,1,"3","TMEM126A"
0.00421221369984104,0.339241949389396,0.473,0.303,1,"3","NAGK"
4.56518304510212e-05,0.339216696140383,0.568,0.313,0.934264710180148,"3","IKBKG"
7.19144618086531e-05,0.339074393710814,0.838,0.659,1,"3","SELENOK"
0.000398207482092294,0.338917758115159,1,0.983,1,"3","MT-ATP8"
0.00303863573951135,0.338822788639196,0.365,0.228,1,"3","LARP1B"
1.10013076426441e-08,0.338567348545596,1,0.992,0.000225141760906711,"3","SH3BGRL3"
0.000227839030834787,0.338555286513176,0.493,0.286,1,"3","ELK1"
5.35757553130622e-05,0.33823152634859,0.926,0.778,1,"3","KRT10"
0.000225840297812807,0.338039764201311,0.48,0.274,1,"3","GFER"
0.0002931979931724,0.337978874270685,0.459,0.262,1,"3","ING5"
1.51897419442548e-06,0.33792310368462,0.993,0.929,0.0310858068889175,"3","HNRNPC"
0.000330109064955231,0.337767134293022,0.459,0.259,1,"3","MBIP"
0.00174066881507517,0.337744759878199,0.324,0.19,1,"3","VARS"
0.00802633243594131,0.336829556528366,0.372,0.238,1,"3","RMDN3"
0.000424871983409902,0.336761941053018,0.784,0.552,1,"3","SRP54"
0.00214326278393706,0.336668728916194,0.622,0.407,1,"3","MRPL47"
0.000118695628550824,0.336422859651979,0.595,0.351,1,"3","CARS2"
0.000331568243704838,0.336038985715854,0.723,0.48,1,"3","UBE2G1"
0.00310756551544666,0.335964054610679,0.25,0.139,1,"3","SPHK2"
0.00236016921134685,0.335935132495844,0.277,0.158,1,"3","ALG9"
0.000949767242471422,0.335881949586104,0.52,0.325,1,"3","EIF2B1"
0.000675917073813093,0.335736331511469,0.743,0.529,1,"3","DLG1"
0.000237646295278893,0.335664415398723,0.446,0.252,1,"3","PPP2R5D"
4.66414300515083e-08,0.335365583758473,0.986,0.949,0.000954516866004118,"3","NDUFA11"
0.000625031279302135,0.335311031834753,0.696,0.467,1,"3","ABHD3"
0.000170905998987614,0.334972205503982,0.736,0.471,1,"3","NSMCE2"
0.00793167477364287,0.334899612891372,0.716,0.601,1,"3","CAPG"
0.00164080044842674,0.334742634817975,0.466,0.275,1,"3","CHTF8"
0.00328878439081493,0.334599477763413,0.399,0.239,1,"3","AAR2"
0.000470946625359847,0.334456444092579,0.378,0.214,1,"3","BICD2"
0.000286472057326792,0.334136143665124,0.324,0.171,1,"3","B4GALT4"
0.000823251527465096,0.333773181054041,0.608,0.387,1,"3","ARPC1A"
0.00499696793332816,0.333708491068504,0.351,0.22,1,"3","KIF21B"
0.00162114243719991,0.333549685922234,0.264,0.143,1,"3","B9D2"
0.000562707172342414,0.333314999158355,0.676,0.452,1,"3","HNRNPLL"
0.000176264056104047,0.333223705926136,0.635,0.399,1,"3","SLCO3A1"
8.35422890430593e-05,0.332450099074985,0.845,0.654,1,"3","LYPLA1"
2.71181883382265e-05,0.331228586115448,0.905,0.751,0.554973724341806,"3","TMOD3"
0.000977827660421982,0.331189471562533,0.851,0.653,1,"3","ASCC3"
0.000533393395061532,0.331152405051887,0.757,0.552,1,"3","UPP1"
0.000394532063068054,0.331084064771748,0.696,0.444,1,"3","PRPF31"
0.000536271886816708,0.33064065859585,0.345,0.19,1,"3","CYSTM1"
0.00105724178242328,0.330151161374544,0.716,0.538,1,"3","SH2D2A"
0.0029035237811299,0.330066797457273,0.48,0.308,1,"3","PRCC"
0.000874335866117404,0.330050702044273,0.453,0.278,1,"3","TMEM181"
0.000256846333108518,0.329969932001461,0.547,0.321,1,"3","GNB5"
0.000221975715891887,0.329942755675517,0.365,0.199,1,"3","LINC00963"
0.00226029226897473,0.329369851888503,0.459,0.288,1,"3","MATR3.1"
0.000160131009131259,0.329357636624769,0.797,0.551,1,"3","APPL1"
0.00161818003647207,0.329355994942597,0.73,0.511,1,"3","BTF3L4"
0.00389890463190268,0.328798085717432,0.372,0.23,1,"3","PHRF1"
0.00108380544025621,0.328484384329389,0.372,0.217,1,"3","SGPP1"
5.54363510349987e-05,0.328481961559167,0.899,0.795,1,"3","DDX46"
0.000603943171635146,0.328457762359057,0.378,0.219,1,"3","PCCB"
0.00998585836122379,0.328190387540678,0.291,0.179,1,"3","YIPF6"
0.000804014286751586,0.327985683241048,0.655,0.423,1,"3","MRPS10"
0.000191526937201258,0.327706570805796,0.52,0.301,1,"3","AIFM1"
0.000385468823850266,0.327604518866681,0.385,0.209,1,"3","MRPL49"
0.00305202552550043,0.327502892464722,0.311,0.185,1,"3","KANSL3"
0.000221288435117817,0.327247899267103,0.811,0.624,1,"3","LSM6"
0.00288435587686298,0.327239249087817,0.608,0.415,1,"3","ABCB1"
0.00239182564319362,0.326694346201506,0.27,0.154,1,"3","MROH1"
0.000197799090420281,0.32605847810686,0.791,0.538,1,"3","MRPS7"
0.000794026467576536,0.325708917141958,0.669,0.462,1,"3","OGDH"
0.00116193720818569,0.325622430338264,0.581,0.391,1,"3","GRPEL1"
0.00115670871836548,0.324856276219445,0.736,0.566,1,"3","ANKRD36C"
0.00797028673394995,0.324811052324373,0.453,0.309,1,"3","NUP133"
0.000137037282957886,0.324339582369168,0.527,0.309,1,"3","UHRF1BP1L"
0.00012054855603183,0.324324368596689,0.27,0.132,1,"3","MXRA7"
0.000656930126153643,0.324261091681992,0.385,0.221,1,"3","PAK1IP1"
0.00515030370176284,0.324187284047713,0.595,0.409,1,"3","MALSU1"
7.4758275682596e-05,0.323867913815364,0.716,0.465,1,"3","RAB27A"
0.00392217043230692,0.323409415200672,0.311,0.184,1,"3","RRP9"
0.00789775353680833,0.322926389924131,0.304,0.188,1,"3","SPRYD3"
0.00578127416481022,0.322643675342607,0.27,0.167,1,"3","MZB1"
0.00131084780420676,0.322478454283364,0.696,0.498,1,"3","NAE1"
0.000424615028186581,0.32226559000378,0.777,0.543,1,"3","E2F4"
0.000266375043488809,0.322022558698031,0.797,0.555,1,"3","SUGT1"
0.000648947849133164,0.321967544135675,0.804,0.564,1,"3","GNAI3"
0.00406127228184894,0.321922922552895,0.52,0.349,1,"3","ATP6V1B2"
0.00168744913542884,0.321644553918636,0.581,0.373,1,"3","SIN3A"
0.00306845724336302,0.32144480221331,0.473,0.3,1,"3","NR2C2"
0.00561247020546807,0.321249022796866,0.689,0.511,1,"3","CAND1"
0.000296995063638672,0.320806686356932,0.77,0.545,1,"3","TCERG1"
0.00189698626590351,0.320697951622779,0.264,0.147,1,"3","PTPRN2"
0.00336982395168484,0.32054033416019,0.439,0.272,1,"3","LCLAT1"
0.000361188485352937,0.320168466240409,0.709,0.448,1,"3","RTCA"
0.0063333029650452,0.319462988313574,0.655,0.496,1,"3","FAS"
0.000400429705811778,0.319323160303771,0.486,0.285,1,"3","FAM98B"
0.000173862974699013,0.319040270598284,0.892,0.713,1,"3","HMGN3"
8.99998654957379e-06,0.318150083036591,0.966,0.879,0.184184724737028,"3","RPS27L"
0.00182901807903879,0.317606053054542,0.392,0.226,1,"3","SPOUT1"
0.00398677422164084,0.31735105328318,0.682,0.474,1,"3","GTF2H5"
0.00102441175535306,0.317292014625215,0.257,0.139,1,"3","SVIL"
0.000124753363243357,0.316934961992084,0.541,0.307,1,"3","ARMT1"
0.000263417967742097,0.316756719923601,0.709,0.461,1,"3","SRA1"
0.00264143525108529,0.31623730248163,0.709,0.508,1,"3","AGGF1"
0.00543759964788526,0.315754478167705,0.608,0.403,1,"3","TNPO1"
1.80867623122971e-06,0.315661151204457,0.98,0.931,0.037014559072116,"3","NDUFS5"
5.27547597624078e-05,0.314727136520248,0.872,0.66,1,"3","PDS5A"
9.25483570255459e-05,0.314319964328216,0.939,0.789,1,"3","PAXX"
0.00415143662389772,0.314023809301695,0.358,0.22,1,"3","SRF"
0.00175395819146207,0.313702303145235,0.297,0.167,1,"3","PDHX"
5.17412156482155e-05,0.313563418307459,0.858,0.626,1,"3","SMARCC1"
0.00158251315620683,0.312570093072452,0.622,0.4,1,"3","HDGFL2"
9.26804480909649e-05,0.312523550742008,0.514,0.289,1,"3","TMX2"
0.000571884617278196,0.312264943924826,0.75,0.508,1,"3","AATF"
0.00126016663805562,0.312222947468496,0.75,0.552,1,"3","RAB11FIP1"
0.000828991618084807,0.312081013579032,0.966,0.888,1,"3","HSP90B1"
0.00287669607557994,0.312026472628443,0.622,0.413,1,"3","SEC14L1"
0.0020461667609093,0.311859006011304,0.818,0.671,1,"3","SLC38A2"
0.000105065395996418,0.311781311274151,1,0.99,1,"3","CD74"
6.76155789136601e-08,0.311577740376607,0.993,0.967,0.00138375282246805,"3","ATP5F1B"
0.00175702153063084,0.3114104071683,0.554,0.355,1,"3","NOL11"
0.00341131775175185,0.311394962260983,0.297,0.172,1,"3","TMCO6"
0.00103361205563379,0.311313270828004,0.264,0.139,1,"3","GRPEL2"
0.00510936153527042,0.311209518631434,0.351,0.215,1,"3","INTS9"
0.0004466497755089,0.311122070009977,0.764,0.574,1,"3","SNX1"
0.0023121383798288,0.311104898456937,0.446,0.281,1,"3","ASL"
0.00342721026798576,0.310586422092194,0.777,0.588,1,"3","RBM42"
0.00363139569286752,0.310530708903861,0.601,0.413,1,"3","MAP2K3"
0.000610450761557413,0.310359027144825,0.338,0.195,1,"3","GTDC1"
0.00122296913777853,0.310103111433553,0.554,0.34,1,"3","DYNC1LI1"
2.13810833200601e-05,0.308881142858211,0.973,0.944,0.437563870145029,"3","PDIA3"
0.000571746663633022,0.308535428557857,0.831,0.614,1,"3","EIF3B"
8.9039572159777e-08,0.308484871109593,0.98,0.967,0.00182219484424984,"3","SLC25A3"
0.00148933612178714,0.308253717422269,0.804,0.574,1,"3","BCL7C"
0.00037358265915155,0.307933051835599,0.412,0.232,1,"3","MED31"
0.000397244726181967,0.307470545813828,0.514,0.309,1,"3","MFSD14C"
0.00152683616505778,0.306497481733966,0.73,0.459,1,"3","STX10"
0.000863825929915407,0.306496887975811,0.541,0.324,1,"3","PLEKHA3"
0.000884905103512468,0.306489742158102,0.649,0.423,1,"3","SCAF4"
0.00117808964043209,0.306305082174468,0.534,0.328,1,"3","SAP30"
0.00340050554028659,0.306179381016787,0.527,0.344,1,"3","TBC1D15"
5.4808257043959e-08,0.305708529266196,1,0.989,0.00112165098040462,"3","YWHAZ"
7.42341743631414e-10,0.305618803921767,1,0.996,1.51920237834169e-05,"3","GNAS"
1.88501100728544e-07,0.305546924401681,0.993,0.933,0.00385767502640966,"3","PARK7"
0.00338276027386342,0.304912400807781,0.615,0.401,1,"3","UBAP2L"
0.00300390967837005,0.304468332980059,0.284,0.166,1,"3","GPR107"
3.58778605586973e-05,0.304403729364375,0.959,0.871,0.734240416333741,"3","TMEM14B"
9.93312884045583e-05,0.303729780782038,0.926,0.814,1,"3","SSBP1"
0.000709296243984747,0.303722826948397,0.703,0.49,1,"3","TMEM167A"
0.00413871129412158,0.303187364781847,0.351,0.216,1,"3","MBOAT1"
0.0017372902190258,0.302951471329273,0.818,0.646,1,"3","CHST11"
0.00302413201241225,0.302680394108618,0.534,0.344,1,"3","PDZD11"
0.00105120613391207,0.302570558834056,0.399,0.235,1,"3","ARHGAP27"
0.0033275706358693,0.301876469868625,0.662,0.469,1,"3","EIF4G3"
0.000170674083309841,0.301679542130798,0.878,0.718,1,"3","LSM8"
0.00282944511603067,0.30167570955066,0.304,0.177,1,"3","THEM6"
0.00470982568830447,0.301455660107677,0.703,0.507,1,"3","TAF9"
0.0015421133807767,0.301317776198945,0.372,0.222,1,"3","SLC39A9"
0.000292900442801836,0.301221515988386,0.554,0.339,1,"3","CCDC82"
0.00047310368117226,0.301166361983979,0.405,0.238,1,"3","DPH6"
0.00201539022710828,0.300852363771881,0.791,0.569,1,"3","ATP1A1"
0.0044156892792,0.300543467456924,0.473,0.303,1,"3","FAM122B"
0.0092160858714827,0.300102266478944,0.507,0.328,1,"3","TAF2"
0.00109942250810824,0.300025074994568,0.257,0.136,1,"3","ACSL1"
0.00264098390666412,0.29959088240469,0.264,0.146,1,"3","ZNF236-DT"
0.000834475961086767,0.299585284107716,0.601,0.379,1,"3","RPS6KB2"
1.16422218976453e-07,0.299189181884536,1,0.99,0.00238258071135311,"3","HSPA8"
9.75238039879756e-07,0.29874990611108,0.993,0.923,0.0199582464861392,"3","PGAM1"
5.56592438805126e-09,0.298417692828106,1,1,0.000113906642601469,"3","MT-CO2"
0.00103326967853645,0.29835212365268,0.865,0.675,1,"3","IMMT"
0.00428681795523489,0.29825976200456,0.291,0.175,1,"3","CEP83"
0.00458109476426705,0.298012991874017,0.378,0.231,1,"3","DPH3"
0.000315150863701597,0.297994266582469,0.601,0.367,1,"3","CMC1"
0.00142938756165756,0.297983592416689,0.554,0.335,1,"3","LEMD3"
1.04360351849131e-06,0.297875449468891,1,0.99,0.0213573460059246,"3","RPS26"
0.000495549290218777,0.297363955078678,0.331,0.177,1,"3","TADA1"
0.000177865556638013,0.29724701118316,0.682,0.447,1,"3","DICER1"
0.00828937510957939,0.296685082768003,0.304,0.19,1,"3","ZC3H7B"
0.00304690050260636,0.296567926214399,0.635,0.423,1,"3","MBD4"
0.00387235188476209,0.296378253268823,0.696,0.474,1,"3","ISY1"
0.000135170549678154,0.29575054880208,0.953,0.79,1,"3","SRI"
0.00325840181464865,0.295644897048358,0.52,0.334,1,"3","DIS3"
0.000935691351690027,0.29562431421141,0.581,0.381,1,"3","EED"
0.00283621663625166,0.295404388346081,0.534,0.355,1,"3","EXOSC10"
0.00335795321533294,0.295221786103474,0.291,0.17,1,"3","ZC3HC1"
0.00250890971684248,0.295198588922403,0.791,0.621,1,"3","PPP6R1"
0.000310973649598312,0.295080496922576,0.831,0.657,1,"3","PCNP"
0.000792818874740142,0.294839831769185,0.804,0.621,1,"3","TCIRG1"
0.000574904653225738,0.294403433130053,0.257,0.134,1,"3","WIPI1"
5.17476774959391e-05,0.294010531739297,0.959,0.863,1,"3","PSMA5"
0.000838565599089458,0.29378558486637,0.838,0.636,1,"3","TIMM8B"
1.68643622178166e-07,0.293704718826471,0.98,0.92,0.00345129172787617,"3","MSN"
0.00483819746560066,0.293248544795389,0.25,0.144,1,"3","KLC2"
0.00229516386524709,0.293170218242591,0.905,0.695,1,"3","MRPS6"
0.00482996177870154,0.293033389816224,0.392,0.241,1,"3","SNHG12"
0.00875692439125997,0.292917979598462,0.264,0.161,1,"3","THG1L"
0.00315905106567027,0.292419920603439,0.304,0.179,1,"3","TMEM159"
9.72637921541342e-05,0.292169948210847,0.743,0.485,1,"3","NT5C3A"
0.0013369270421657,0.291824344923667,1,0.994,1,"3","FTL"
0.00271975851611272,0.291690359893485,0.622,0.408,1,"3","EP400"
0.000920321626774356,0.291504298862521,0.399,0.234,1,"3","APAF1"
3.6134504119989e-06,0.291449484669753,1,0.963,0.0739492626815574,"3","ACTR3"
2.52710800197065e-05,0.290902371297481,0.986,0.87,0.517172652603293,"3","SAP18"
0.00145715923511869,0.290805052033528,0.797,0.574,1,"3","MAP4K1"
0.000705681684889159,0.290446506016186,0.466,0.275,1,"3","JOSD1"
0.000102847825627306,0.290098209880585,0.412,0.222,1,"3","PRMT3"
0.00395281940984993,0.290081587952264,0.811,0.579,1,"3","WDR33"
0.000381675654865354,0.289315041203615,0.547,0.327,1,"3","EEA1"
0.00406784819040196,0.289310474257557,0.615,0.418,1,"3","CSNK2A1"
0.000678226425675943,0.288914277915739,0.939,0.832,1,"3","RPN2"
0.000161978969207999,0.288462487479355,0.878,0.655,1,"3","PSMC4"
4.39354625569877e-06,0.288158381865824,0.959,0.895,0.0899139241228752,"3","MZT2A"
0.00272862403280794,0.287958700708101,0.297,0.172,1,"3","TEX10"
4.96653364669974e-05,0.287914449711087,0.939,0.858,1,"3","TOMM6"
0.00019296013098935,0.28776047981272,0.953,0.775,1,"3","REEP5"
0.00760536229562514,0.28671695142184,0.486,0.323,1,"3","SLC35B2"
0.0076715301831416,0.286374530017012,0.378,0.242,1,"3","GNL3L"
4.08197666335042e-07,0.285281431403623,1,0.995,0.00835376524154663,"3","ARHGDIB"
0.00224059052876613,0.284105352522109,0.514,0.314,1,"3","SFT2D2"
0.000524872201194126,0.283512110199255,0.845,0.64,1,"3","CPSF6"
0.00089870508734835,0.28320007921611,0.365,0.211,1,"3","SEC31B"
0.000474016338555261,0.283152188379769,0.473,0.28,1,"3","FAM210A"
0.00113234411010854,0.283094225627124,0.331,0.19,1,"3","ING1"
0.00650926905177607,0.283000496519059,0.284,0.169,1,"3","TFB2M"
0.000110148454597336,0.282892544420875,0.324,0.164,1,"3","DMAC2"
0.00142489744689311,0.282766587246091,0.541,0.339,1,"3","TFDP2"
0.000161563319669433,0.281921724244864,0.703,0.469,1,"3","RHOC"
0.000934325287538451,0.281874404953781,0.595,0.373,1,"3","AP2A1"
0.00715685635772556,0.281819758006425,0.453,0.285,1,"3","COG2"
0.0040869227059559,0.281375679524627,0.27,0.155,1,"3","OAZ2"
0.00827569825160834,0.28107756642076,0.351,0.229,1,"3","SLC35A3"
4.45966102180506e-05,0.280874178800232,0.959,0.83,0.912669628112406,"3","GTF3A"
0.00733033021993634,0.280733018315993,0.554,0.379,1,"3","TOMM70"
0.000531485907418805,0.28024058370739,0.689,0.422,1,"3","MAPK14"
0.00284686870060646,0.280058306447879,0.25,0.141,1,"3","AP5S1"
0.00134310084912559,0.279977957216307,0.493,0.303,1,"3","LRRC47"
0.00494112646964329,0.279549289903795,0.703,0.531,1,"3","TRAF3"
0.0034277973247141,0.279450902232701,0.764,0.581,1,"3","BUD31"
0.00211440498163085,0.279242046561609,0.595,0.381,1,"3","GOLT1B"
0.00115782772686579,0.278232577160059,1,0.976,1,"3","S100A11"
0.000942574019432874,0.278106934135626,0.324,0.18,1,"3","C12orf49"
0.000944636060495663,0.277956179904197,0.574,0.355,1,"3","MBOAT7"
0.00232092207084067,0.277364010887894,0.318,0.183,1,"3","SPRTN"
1.16393479463461e-05,0.27697850853045,1,0.998,0.238199255721974,"3","MT-ND4L"
0.00299416839458622,0.276954596511443,0.635,0.445,1,"3","TMEM208"
0.00577535572520271,0.276689781749529,0.453,0.308,1,"3","LINC01871"
0.000692595937259011,0.27651339553062,0.764,0.511,1,"3","PSMC1"
0.00949735822579467,0.276377177004717,0.27,0.164,1,"3","MTHFD2L"
0.00287025506837657,0.27612334230673,0.709,0.492,1,"3","HCFC1R1"
0.000295030718501454,0.275993628464285,0.541,0.307,1,"3","MRGBP"
0.00222122042617712,0.275814556548352,0.764,0.584,1,"3","DNAJC7"
0.00291480709121306,0.2752797083355,0.736,0.501,1,"3","ACO2"
0.00167049573739786,0.275158339987961,0.851,0.655,1,"3","DECR1"
5.28283793466144e-06,0.274845210219286,1,0.999,0.108113278332846,"3","MT-CYB"
0.00446537380018586,0.274835741763175,0.709,0.519,1,"3","SAFB"
1.21255952878485e-06,0.27449558343918,1,0.998,0.024815030756582,"3","MT-CO3"
0.000785977671940552,0.274345291109565,0.534,0.327,1,"3","CIAPIN1"
0.00479582266467293,0.273412569336444,0.52,0.326,1,"3","MAGT1"
0.000669206639453135,0.273043881869012,0.311,0.167,1,"3","ZNF836"
0.00341873393917425,0.272955975391457,0.878,0.769,1,"3","PET100"
0.00177599236169557,0.272856329020043,0.52,0.32,1,"3","SPTY2D1"
0.00565651961794988,0.272492572261094,0.588,0.414,1,"3","SPTLC2"
0.00771240691682173,0.272321422452161,0.459,0.308,1,"3","CERS6"
0.00469731624030034,0.271898899563924,0.365,0.22,1,"3","ACACA"
0.00420149969522332,0.27177963725414,0.385,0.242,1,"3","TCF3"
0.000641617775507308,0.271627057742006,0.453,0.255,1,"3","MRPL46"
0.000945767849332091,0.271463979236569,0.473,0.285,1,"3","RPF1"
0.00321984243717699,0.271454610440421,0.547,0.36,1,"3","ENOPH1"
0.00187020593556175,0.271072665211675,0.811,0.59,1,"3","EMC4"
0.00175039454613524,0.270389017911433,0.777,0.548,1,"3","EMC3"
0.000290605903405794,0.269749106888439,0.723,0.46,1,"3","LYRM2"
0.000303759097352474,0.26954438177928,0.662,0.421,1,"3","SCAPER"
0.00572859661813574,0.269444670885497,0.534,0.35,1,"3","IGSF8"
0.00179399882818498,0.269272331227155,0.372,0.217,1,"3","MMUT"
0.00996857124055195,0.269124285337132,0.709,0.532,1,"3","LYPLA2"
0.00289466012152984,0.269000290514711,0.473,0.3,1,"3","SUGP2"
0.00827130481828586,0.26878697626409,0.459,0.301,1,"3","SCAF1"
0.00141495712059525,0.268773129067028,0.696,0.464,1,"3","BZW2"
0.0032100361175047,0.26866390851658,0.804,0.634,1,"3","VKORC1"
0.00159786897751246,0.268211971324034,0.703,0.505,1,"3","FAM133B"
2.99785605823999e-05,0.268142027527781,0.959,0.833,0.613511242318814,"3","CAPZA1"
0.000556434492226421,0.267921770669408,0.507,0.293,1,"3","NOL10"
0.00487594644413836,0.266916392445846,0.459,0.282,1,"3","MOCS2"
0.00469951529666246,0.266847083009313,0.399,0.244,1,"3","SLC25A32"
0.00101379750630248,0.266302001104216,0.493,0.298,1,"3","CRIPT"
2.25533952127321e-05,0.265995681233613,0.514,0.3,0.461555233028563,"3","CST7"
0.00648898650694596,0.265906355834467,0.743,0.558,1,"3","MRPL21"
0.0061029239536996,0.265533068086476,0.27,0.159,1,"3","MOSPD1"
0.00171623246970132,0.265167848763992,0.845,0.638,1,"3","DNM2"
0.00213435279369811,0.264767056171437,0.493,0.307,1,"3","UQCC3"
2.26055813601356e-06,0.264729605996052,1,0.975,0.0462623222535175,"3","CLIC1"
0.00449337730861354,0.264693269485203,0.851,0.648,1,"3","MRPS15"
1.11761992593884e-05,0.264629661771741,0.986,0.944,0.228720917843384,"3","ATP5F1D"
0.00889920956609158,0.26448352698689,0.284,0.173,1,"3","GNPDA2"
2.08663308853829e-09,0.264152009985692,0.993,0.983,4.27029461569362e-05,"3","YWHAB"
0.00221162058465496,0.264094196751361,0.52,0.321,1,"3","PTS"
0.000366577269927948,0.263803662973722,0.872,0.687,1,"3","RTN4"
0.00134339613846746,0.263681727654187,0.851,0.62,1,"3","MTCH1"
0.00169877935092,0.263362695846711,0.743,0.521,1,"3","BLOC1S2"
0.000926716109390435,0.263339399363931,0.689,0.458,1,"3","KIAA1143"
0.00905160426240825,0.263249159013669,0.291,0.179,1,"3","PPP1R8"
0.00516772813983279,0.263039795129975,0.831,0.636,1,"3","EIF6"
0.00222197195323304,0.26270047205264,0.865,0.702,1,"3","OIP5-AS1"
5.40813448535182e-06,0.262654019213554,0.98,0.964,0.110677472242725,"3","NAP1L1"
0.00147007126959298,0.262359515246265,0.649,0.423,1,"3","TP53I13"
0.00998869272818492,0.261795129955102,0.52,0.346,1,"3","FOPNL"
0.00248257249856376,0.261267420503155,0.615,0.406,1,"3","PCID2"
0.00424109907808679,0.261201501663249,0.797,0.599,1,"3","RPS19BP1"
0.00018459499335477,0.26106448533256,0.527,0.287,1,"3","SEC16A"
3.73798392983016e-05,0.260765798500388,0.953,0.889,0.764978411239742,"3","ATP5F1C"
0.00038315693476676,0.260042497938428,0.784,0.551,1,"3","PHTF2"
0.000131163903221099,0.25938479267765,0.851,0.617,1,"3","AP3B1"
0.00368401267883733,0.259339990911525,0.5,0.317,1,"3","POC1B"
0.00152477798017636,0.259197168423563,0.27,0.148,1,"3","TOR1B"
0.00592373760558096,0.25901117233734,0.885,0.709,1,"3","STAG2"
4.99777916704858e-05,0.25899141362546,0.966,0.867,1,"3","CDC37"
0.000173981835310144,0.258834120397847,0.432,0.234,1,"3","BACH1"
0.00188347778786735,0.258826379400713,0.757,0.514,1,"3","COMMD1"
0.00682839405292568,0.258590946884163,0.297,0.178,1,"3","RABEP2"
0.00930981981253787,0.258339312244276,0.385,0.252,1,"3","ZDHHC14"
0.000309872306353931,0.257349501970737,0.392,0.219,1,"3","NCKIPSD"
0.00165901055078765,0.25727459936963,0.432,0.256,1,"3","DNAJB12"
0.00266210582904991,0.256934731215065,0.797,0.584,1,"3","CHD4"
0.000505939766607622,0.256257999081579,0.932,0.729,1,"3","DOCK2"
0.00438454605167049,0.255777122466201,0.25,0.142,1,"3","RHBDD3"
0.00235264462122542,0.25534159340654,0.318,0.183,1,"3","KIF1C"
0.00804213723459113,0.255207957661397,0.52,0.347,1,"3","DCAF15"
0.00567639441264034,0.254201784968574,0.48,0.299,1,"3","DNTTIP1"
0.00286784303543852,0.253504808553844,0.514,0.323,1,"3","BRD9"
0.00606917604497315,0.253441683607369,0.635,0.436,1,"3","HAGH"
0.000734985833817481,0.253222202611469,0.27,0.141,1,"3","CCDC71L"
0.00502826307494764,0.253102160667338,0.419,0.258,1,"3","SMIM3"
0.00465874066799432,0.253065738891026,0.601,0.387,1,"3","MRPL40"
0.00196359673219182,0.252781197615303,0.791,0.606,1,"3","TMEM165"
0.00078081733287827,0.252499701132285,0.473,0.28,1,"3","DDX41"
0.00995894197270553,0.252421007699854,0.392,0.251,1,"3","DCTN5"
0.00782414768342621,0.252318905452718,0.297,0.178,1,"3","SARS2"
0.00296511755078233,0.252277789008197,0.547,0.362,1,"3","GTF2H3"
0.000899146564740771,0.252101188701561,0.541,0.333,1,"3","ADIPOR2"
0.000312000318851924,0.251963052571384,0.736,0.521,1,"3","SIPA1L1"
0.00484050063149266,0.251946442287958,0.426,0.26,1,"3","ATG101"
0.0084102880796697,0.251930328098983,0.291,0.176,1,"3","UBFD1"
0.00554975751109965,0.251857116766337,0.784,0.561,1,"3","DDB1"
0.000845475088732561,0.251471762652891,0.885,0.694,1,"3","MOB1A"
0.00334678101628461,0.251307998254574,0.318,0.184,1,"3","ANKRD54"
0.00248103934332433,0.251266090265433,0.73,0.498,1,"3","NDUFA8"
0.00320606703111093,0.250900743381502,0.534,0.344,1,"3","THOC1"
0.00211332888205429,0.250223862446629,0.865,0.667,1,"3","SDF4"
0,6.66801539478106,0.274,0.003,0,"4","AC232271.3"
0,5.29396903354787,0.306,0.011,0,"4","EPHB1"
0,4.33452716329498,0.29,0.013,0,"4","MYO5C"
0,4.27221718975655,0.323,0.044,0,"4","FCER1G"
0,4.1436432244514,0.532,0.047,0,"4","ADTRP"
0,3.88519544503345,0.323,0.016,0,"4","AC093865.1"
0,3.79568985623756,0.597,0.051,0,"4","IKZF2"
0,3.41170506693043,0.403,0.047,0,"4","HKDC1"
0,3.31346358851932,0.823,0.127,0,"4","FOXP3"
8.88178419700125e-16,3.28684491498248,0.435,0.119,1.81765713591631e-11,"4","RTKN2"
0,3.28427730697817,0.597,0.079,0,"4","TIGIT"
0,3.16225711819515,0.532,0.05,0,"4","LGMN"
4.06563671617732e-13,2.93065740880884,0.306,0.067,8.32032553965689e-09,"4","TSHR"
6.66133814775094e-16,2.78239312662307,0.274,0.045,1.36324285193723e-11,"4","AC012368.1"
0,2.58228621662443,0.581,0.129,0,"4","CTLA4"
0,2.54969817165669,0.677,0.248,0,"4","IL12RB2"
2.89399770814214e-09,2.39706858721489,0.726,0.448,5.92256630971288e-05,"4","LTA"
4.74731365329717e-13,2.33688466816501,0.306,0.066,9.71537739147266e-09,"4","LUCAT1"
0,2.3292778428732,0.629,0.206,0,"4","HERC5"
3.86205289970576e-10,2.26698203783653,0.355,0.107,7.90369125924784e-06,"4","AC091271.1"
0,2.1462901552383,0.645,0.206,0,"4","SPATS2L"
2.57663068659042e-09,2.11486662821972,0.274,0.07,5.27307470010729e-05,"4","RDH10"
6.43929354282591e-15,2.07768082107504,0.758,0.376,1.31780142353932e-10,"4","LGALS3"
1.55431223447522e-14,2.01754313690045,0.484,0.141,3.18089998785354e-10,"4","CCDC141"
6.61678556634904e-06,2.0006474210779,0.274,0.101,0.135412516615333,"4","MIR3142HG"
0,1.98361311197274,0.968,0.607,0,"4","IL2RA"
7.48214601387076e-10,1.95158041335366,0.5,0.209,1.53122118173865e-05,"4","ITGAM"
1.99099381426038e-09,1.92825129133179,0.403,0.14,4.07456884088386e-05,"4","IKZF4"
4.54928272830557e-09,1.89183249492154,0.274,0.072,9.31010710347735e-05,"4","AC090125.1"
6.19504447740837e-14,1.87808423289707,0.645,0.262,1.26781585230162e-09,"4","PERP"
1.6059104206434e-06,1.87732772143809,0.258,0.084,0.0328649567584671,"4","ESR2"
1.52846829859499e-07,1.86679126909083,0.306,0.101,0.00312801037307464,"4","MVK"
2.90367729860463e-12,1.86534592867829,0.629,0.269,5.94237559159438e-08,"4","TTN"
4.67665645476067e-06,1.85030560613845,0.29,0.11,0.0957077743466772,"4","SWAP70"
0.00931998736043038,1.80608849615826,0.274,0.161,1,"4","SGK1"
8.31504225473623e-08,1.80556508455765,0.419,0.173,0.00170167339743177,"4","CEACAM1"
0,1.79651461123686,0.952,0.692,0,"4","TNFRSF1B"
5.61262147869002e-12,1.77243317700151,0.581,0.229,1.14862298561391e-07,"4","AF165147.1"
8.5308078445756e-07,1.75346759541249,0.29,0.099,0.017458298253924,"4","HPSE"
0.00120992797440067,1.72068479441136,0.468,0.31,1,"4","DUSP2"
0.000169424596259127,1.70987039723784,0.274,0.126,1,"4","BPGM"
4.60507799893151e-07,1.68877094329142,0.355,0.131,0.00942429212481333,"4","SLC8A1-AS1"
2.72760964925567e-08,1.62939595022156,0.419,0.159,0.000558205314720173,"4","PMAIP1"
4.48525661056465e-11,1.53296513465131,0.629,0.277,9.17907765352055e-07,"4","GLUL"
3.68759267566077e-08,1.51327597436187,0.484,0.213,0.000754665841073976,"4","LY96"
5.6423317666976e-06,1.50361096560707,0.403,0.191,0.115470319605466,"4","TRIB3"
2.7497740298088e-05,1.49188983116953,0.339,0.159,0.562741255200372,"4","AEN"
4.16680682402415e-07,1.48343698093481,0.419,0.176,0.00852737016536542,"4","ADORA2A"
5.53672882868117e-05,1.44751324613589,0.323,0.138,1,"4","MTMR10"
0.000295984733594157,1.44723071233556,0.484,0.31,1,"4","SOCS3"
3.47721851312599e-13,1.44225613683467,0.758,0.357,7.11612768711234e-09,"4","CXCR3"
5.64625930072893e-05,1.43027412718287,0.258,0.099,1,"4","AC108134.3"
0.00141240028161027,1.42993082554791,0.371,0.22,1,"4","GADD45A"
3.90542886030687e-06,1.4143935314992,0.5,0.269,0.0799246016261801,"4","PPP1R3F"
3.16272334410783e-06,1.39509941172211,0.306,0.109,0.0647251332371668,"4","LSR"
0.000239710601090515,1.39244545587352,0.323,0.152,1,"4","CES4A"
0.000521125896279839,1.39239731273449,0.306,0.149,1,"4","TEP1"
7.80834064073588e-10,1.38663986598267,0.774,0.474,1.5979769121266e-05,"4","HLA-DRA"
6.75866998012253e-06,1.37719871921163,0.452,0.225,0.138316181143208,"4","NABP1"
1.17622687145769e-07,1.35266743858988,0.677,0.394,0.00240714829243815,"4","HLA-DRB1"
7.03215263797574e-13,1.34232299757257,0.839,0.544,1.43913003736174e-08,"4","UBL3"
0.0001574392474466,1.33051480440603,0.339,0.157,1,"4","DPYSL2"
0.0034643719297911,1.3218262384433,0.306,0.171,1,"4","ENTPD6"
0.000323149109321408,1.31423455159481,0.29,0.133,1,"4","TNFRSF11A"
8.76803030180895e-09,1.31319936339197,0.742,0.46,0.00017943774012652,"4","MAST4"
0.00020063175257734,1.31080851146236,0.403,0.217,1,"4","SEC31B"
0.000472717009856849,1.30231980202647,0.274,0.127,1,"4","SLC35C1"
2.30160015131098e-05,1.30148521774227,0.371,0.169,0.471022470965792,"4","MZB1"
0.000342178014223204,1.29795264289064,0.387,0.215,1,"4","ZC3H12A"
0.000327868465948011,1.29678970375222,0.323,0.16,1,"4","MLKL"
3.29058273962346e-08,1.29633141142855,0.597,0.291,0.000673417757663941,"4","GAB2"
0.000166176583243027,1.29124554110265,0.468,0.272,1,"4","OAS1"
8.02778572723817e-05,1.29077327034081,0.387,0.197,1,"4","IL18R1"
6.16695139399326e-10,1.28835627207263,0.871,0.588,1.26206660278072e-05,"4","CXCR4"
0.00129688178447118,1.28205858862406,0.29,0.152,1,"4","DUSP18"
0.00216111407475994,1.27749508041182,0.306,0.163,1,"4","UTS2"
3.68195067768085e-07,1.27357516519955,0.661,0.387,0.00753511206187385,"4","ZNF101"
0.00357387024771549,1.26531740260412,0.29,0.158,1,"4","ULK1"
2.46788589564062e-10,1.25265075633067,0.726,0.339,5.05052848542853e-06,"4","PYHIN1"
1.58806984673632e-07,1.24478125602895,0.823,0.607,0.00324998494134587,"4","SAT1"
2.70192837454886e-05,1.24249878270373,0.484,0.264,0.552949641851423,"4","CEP128"
2.39872788299067e-10,1.24195303680624,0.855,0.559,4.90899661254041e-06,"4","EPSTI1"
0.000640729698773157,1.24191333243209,0.323,0.16,1,"4","IFI44"
0.00304649962712356,1.23906781736527,0.371,0.218,1,"4","PCCA"
0.00164585521834448,1.23810830404699,0.29,0.15,1,"4","FNIP2"
2.06501482580279e-14,1.23634647613141,0.968,0.718,4.22605284100541e-10,"4","SATB1"
8.24024715608829e-05,1.23274253176979,0.403,0.204,1,"4","MGST2"
0.000237498439670025,1.2281928151087,0.29,0.127,1,"4","CLCN7"
1.21918717781444e-05,1.22585423715194,0.677,0.488,0.249506655939725,"4","NPDC1"
2.20480333070761e-05,1.22022925013212,0.355,0.153,0.451213001629311,"4","TP53INP1"
2.86281476369332e-06,1.21244609394397,0.435,0.193,0.0585875041389838,"4","MAPK13"
9.31929890140015e-05,1.21148024735598,0.419,0.223,1,"4","TMEM140"
1.80804966332104e-07,1.20621072089382,0.645,0.395,0.00370017363598651,"4","BATF"
0.00224152947325607,1.20540952710583,0.29,0.154,1,"4","TAFA2"
1.40808264095238e-05,1.19964347709066,0.629,0.405,0.288164112470904,"4","SLC50A1"
0.00386777745872147,1.19097835366507,0.323,0.189,1,"4","TMEM62"
1.38415247441515e-06,1.18984270586604,0.548,0.294,0.028326680388906,"4","DGKH"
8.76956639188631e-05,1.18889275880656,0.5,0.304,1,"4","HLA-DQB1"
2.93640667337058e-11,1.18790255576532,0.935,0.734,6.0093562570529e-07,"4","PIM2"
0.00341850259585708,1.18531310702528,0.258,0.128,1,"4","RENBP"
0.00796557103331907,1.18412661249858,0.258,0.139,1,"4","PCGF3"
0.00591029690715739,1.17863105013264,0.274,0.157,1,"4","PHLDA3"
0.00027647741819381,1.17434952190681,0.468,0.279,1,"4","NCR3"
0.00086760434746358,1.17272473270563,0.29,0.137,1,"4","ACSS2"
3.84808765918621e-06,1.17229922863351,0.742,0.549,0.0787511139452457,"4","IFI6"
3.88245322788805e-05,1.16719257975142,0.387,0.18,0.794544053087289,"4","SPINT2"
0.000531500536391505,1.16713030509504,0.306,0.151,1,"4","CHST7"
0,1.15607163214439,0.984,0.909,0,"4","S100A4"
0,1.15078126333326,1,0.999,0,"4","LTB"
7.10338454723569e-11,1.14978566967892,0.952,0.719,1.45370764759178e-06,"4","TRIM22"
1.30887820566361e-05,1.14948636101661,0.387,0.173,0.267861924789058,"4","MB21D2"
3.25748694907091e-07,1.14865460304673,0.645,0.352,0.00666644704127362,"4","CD59"
0.00165422135387328,1.14237509380743,0.274,0.133,1,"4","ZMYM1"
3.39506551398916e-05,1.14116437980441,0.597,0.379,0.694800157437881,"4","LINC01619"
1.62301386341657e-05,1.13789425783796,0.532,0.282,0.3321497871482,"4","AGTRAP"
2.10033586149905e-05,1.13762005496529,0.5,0.256,0.42983373405578,"4","HLA-DRB5"
1.88392736966136e-08,1.13350428623018,0.726,0.455,0.000385545736201198,"4","HSPA1A"
1.71190173148261e-10,1.1317997172773,0.887,0.744,3.50340689347917e-06,"4","C4orf48"
5.97233373866857e-12,1.12950367807121,1,0.796,1.22223809961852e-07,"4","CD27"
0.00118696593025946,1.12280489159766,0.355,0.201,1,"4","EHD4"
8.95285546096414e-05,1.12114432639614,0.532,0.323,1,"4","CD79B"
5.0646551684963e-05,1.11932547779065,0.516,0.326,1,"4","NAPG"
1.69100289326707e-11,1.11811839839814,0.935,0.697,3.46063742107106e-07,"4","SELL"
0.000260643264397897,1.11677364926764,0.387,0.203,1,"4","TEX14"
0.00844104307447879,1.10600534936842,0.323,0.202,1,"4","P2RX5"
6.85321171811637e-05,1.10577116307165,0.613,0.411,1,"4","CRTAP"
5.97651886646844e-07,1.10536333401181,0.661,0.392,0.0122309458602277,"4","MIR4435-2HG"
2.49135467811357e-09,1.09956532167514,0.871,0.61,5.09855734875941e-05,"4","CARD16"
0.00042465913567491,1.09891868955943,0.403,0.225,1,"4","LAPTM4B"
0.00112891933928649,1.09637969806771,0.306,0.152,1,"4","SYNJ2BP"
0.00160246758217863,1.08982744786508,0.387,0.225,1,"4","RAB9A"
9.55235890387485e-13,1.08720076958484,0.871,0.478,1.95489024967799e-08,"4","TNF"
1.81549579814089e-08,1.08416679463012,0.839,0.522,0.000371541215089533,"4","NPC2"
0.000141079236758657,1.08322523802925,0.532,0.317,1,"4","SOCS2"
0.00480032485556836,1.08307798844047,0.339,0.206,1,"4","ALDH3A2"
0.00279248057364545,1.08014664952518,0.29,0.155,1,"4","DDX51"
0.000597777028691571,1.07530294853276,0.403,0.227,1,"4","TCAF2"
4.16511607426173e-08,1.07133746506918,0.79,0.56,0.000852391004597663,"4","RAB11FIP1"
6.07431915566892e-06,1.07132542565496,0.613,0.368,0.124310941520764,"4","TGFBR1"
9.31172662803625e-05,1.06963568723815,0.5,0.29,1,"4","DLGAP4"
0.000415590084417827,1.06838189612794,0.565,0.389,1,"4","NFE2L3"
7.33165477306841e-06,1.06829280689468,0.694,0.489,0.150042314930845,"4","GADD45B"
8.8254874267335e-05,1.06740519589194,0.419,0.224,1,"4","IFI30"
0.00038991924279963,1.06203372878078,0.516,0.336,1,"4","WARS"
2.52364748432043e-07,1.05399064785697,0.629,0.346,0.00516464457666177,"4","CDKN2A"
0.000669034409007896,1.04912835196526,0.484,0.287,1,"4","AP001011.1"
0.00736987488527241,1.03790841408257,0.258,0.138,1,"4","LRWD1"
1.09672220194312e-08,1.03079987711667,0.694,0.369,0.00022444419862766,"4","PRF1"
0.00533889170464885,1.02841080042499,0.403,0.254,1,"4","RABL3"
0.00014089978766374,1.02729903626089,0.484,0.28,1,"4","HLA-DMA"
1.72533010101006e-09,1.02512799535005,0.968,0.853,3.53088805171708e-05,"4","CTSC"
5.40439692997552e-10,1.02441877418504,0.935,0.721,1.10600983171949e-05,"4","DOK2"
0.00864440820724033,1.02013964437946,0.306,0.184,1,"4","DUSP1"
1.54305568322854e-09,1.0191096051979,0.984,0.801,3.15786345572722e-05,"4","GBP5"
3.5086725510558e-05,1.01284905700445,0.419,0.197,0.71804983757357,"4","IL21R"
3.08620351496813e-09,1.01251324182882,0.871,0.587,6.31591549338228e-05,"4","MAD1L1"
0.00994886498330416,1.01138279870063,0.29,0.173,1,"4","EIF4EBP3"
0.00152374982225623,1.00726582035494,0.371,0.215,1,"4","STRADB"
8.93490140954079e-05,1.00680569169579,0.629,0.409,1,"4","TRAK2"
1.04305432579999e-06,1.00556551871756,0.565,0.295,0.0213461067774967,"4","ZBTB38"
0.000145199027419052,1.00486133947588,0.5,0.307,1,"4","PECR"
1.18467451937221e-06,1.00476791286103,0.774,0.618,0.0242443640389522,"4","SOCS1"
0.0046253214542491,1.00449076611919,0.371,0.227,1,"4","AL627171.2"
4.6850671308718e-05,1.00212772564013,0.532,0.31,0.958798988332914,"4","CARD19"
0.00294746113047162,1.00174746282626,0.274,0.139,1,"4","ALDH6A1"
0.000499115644195136,1.00128500831996,0.371,0.195,1,"4","SNAI3"
1.81051942327315e-08,0.99813004896132,0.79,0.532,0.00037052279997285,"4","CASK"
0.00722083868971901,0.995826515407046,0.29,0.166,1,"4","RBM45"
0.00589365391132346,0.995607598348211,0.339,0.198,1,"4","FRMD4B"
0.000192761039196077,0.995027252959111,0.468,0.262,1,"4","ADAM15"
3.21184440998934e-05,0.99057916119423,0.71,0.505,0.657303958504318,"4","NCF4"
0.000801853185949497,0.98859458195986,0.452,0.269,1,"4","CINP"
7.83773939083687e-08,0.986140934531459,0.903,0.681,0.00160399336633477,"4","REXO2"
0.00537675465455467,0.984230568120741,0.371,0.234,1,"4","BTBD6"
0.00692245502034794,0.98308782859187,0.306,0.175,1,"4","MYO18A"
0.00943896858721427,0.981498697391317,0.306,0.178,1,"4","TMEM216"
2.31696661856517e-10,0.980332344332354,0.935,0.883,4.74167218489363e-06,"4","RPS27L"
0.00560543268132063,0.970194107777018,0.355,0.219,1,"4","LYRM4"
6.44183117737285e-07,0.963882800238924,1,0.874,0.0131832075044935,"4","NEAT1"
1.54374289906833e-06,0.963710255898138,0.774,0.499,0.0315926984294335,"4","FAS"
0.000197061519306985,0.962620838482997,0.597,0.38,1,"4","GK"
6.55888984308906e-05,0.957379734906134,0.435,0.222,1,"4","PTGIR"
0.00404883692298608,0.954868619403106,0.306,0.167,1,"4","AGMAT"
7.44419001383889e-05,0.951031623482194,0.565,0.361,1,"4","MIIP"
0.00851270819937056,0.950297675681312,0.403,0.276,1,"4","FAM98C"
3.65591343864935e-08,0.948869346134619,0.871,0.733,0.000748182685219589,"4","PYCARD"
2.49462073220741e-09,0.941634468847012,1,0.991,5.10524132846246e-05,"4","CD74"
0.00167818670421971,0.939303156911179,0.661,0.476,1,"4","TRIM69"
0.00120327752557103,0.935487636225689,0.371,0.199,1,"4","KCNN4"
0.00526444328415998,0.934689595044139,0.355,0.218,1,"4","GPAT4"
1.21131792076845e-05,0.9340578853317,0.71,0.462,0.247896212485264,"4","HAPLN3"
5.66838997961838e-09,0.92580754011429,0.984,0.927,0.00011600360093289,"4","TXN"
3.93679049901507e-05,0.9209762683474,0.548,0.29,0.805664175623435,"4","LINC00910"
0.000233725023977671,0.917434589734743,0.5,0.282,1,"4","CPTP"
0.00106720277597971,0.916996238078322,0.371,0.201,1,"4","PIP4P2"
0.00058833826605742,0.913562133992688,0.355,0.176,1,"4","PTPRO"
0.00177782223237943,0.911388295615016,0.419,0.253,1,"4","LPAR2"
8.71564927060753e-05,0.91046746732198,0.629,0.426,1,"4","STN1"
0.000822998445024314,0.907749383272837,0.532,0.34,1,"4","KLF3"
0.00460291792110334,0.902813455070483,0.452,0.308,1,"4","LINC01891"
7.6465500598033e-12,0.901999674156066,0.984,0.838,1.56486646973875e-07,"4","PIM1"
0.00410024186019964,0.888533064707789,0.452,0.316,1,"4","UQCC3"
0.000253017051575766,0.887691308747493,0.597,0.44,1,"4","DTX3L"
0.00471514052547706,0.887347433139041,0.613,0.459,1,"4","MDM2"
0.00562974771377123,0.886279426659063,0.548,0.441,1,"4","HLA-DPB1"
0.000441351038319437,0.885288891583809,0.597,0.42,1,"4","POU2F2"
0.000307096171265231,0.880999158906021,0.532,0.344,1,"4","GRINA"
5.47706005689097e-05,0.879108814896162,0.613,0.372,1,"4","SVBP"
0.00329335410484899,0.877054828047279,0.371,0.221,1,"4","FAM98A"
2.57153291993717e-08,0.869926959465385,0.952,0.841,0.000526264212065142,"4","ISG20"
0.000109050500815222,0.868806738114059,0.806,0.713,1,"4","ZFP36"
0.000463194781548992,0.868710358421279,0.565,0.397,1,"4","PCYT1A"
6.72623674751183e-05,0.863757165018325,0.726,0.55,1,"4","GLRX"
4.50750547997814e-14,0.860355864547819,1,0.951,9.22460996477525e-10,"4","PCED1B-AS1"
0.00649918839361452,0.858542181743418,0.435,0.297,1,"4","ATP13A3"
5.21733101166433e-10,0.857903842505815,0.968,0.916,1.0677267915371e-05,"4","SELPLG"
0.00873844009281788,0.854972319841447,0.274,0.151,1,"4","MTX3"
0.00716159050967713,0.854750907349846,0.435,0.286,1,"4","CDIP1"
0.00194706161106639,0.853389398825567,0.339,0.176,1,"4","TLR1"
1.53080681464246e-09,0.852837263864905,0.968,0.925,3.1327961461658e-05,"4","BAX"
0.00014618425713997,0.851887508880342,0.435,0.226,1,"4","PRDM1"
1.03184794042477e-10,0.85177956470527,0.968,0.786,2.11167681007929e-06,"4","CISH"
0.00233444521321102,0.84985015373687,0.468,0.301,1,"4","AC007952.4"
0.00332311073749314,0.846809464454274,0.565,0.397,1,"4","UGCG"
0.000697174939031875,0.843060899444569,0.5,0.313,1,"4","IMPA1"
7.91249816556316e-07,0.842409371702343,0.806,0.518,0.016192927495825,"4","CCR4"
0.00938631296668713,0.840321112505044,0.339,0.215,1,"4","FDXR"
6.26110812969038e-05,0.834120552705825,0.661,0.46,1,"4","ORMDL3"
3.89485135323664e-05,0.829277034928347,0.71,0.49,0.797081329439878,"4","IFI35"
0.000936675992024183,0.82823832774446,0.613,0.442,1,"4","TYMP"
0.00142694774719154,0.826824920133882,0.548,0.369,1,"4","PNKP"
4.34022662254563e-09,0.825670675899452,0.935,0.852,8.88227378303963e-05,"4","TSPO"
0.00399857876443455,0.825600422605188,0.323,0.174,1,"4","INTS6-AS1"
0.00115112557763464,0.825351488418035,0.435,0.257,1,"4","NBEAL2"
1.84179541193874e-05,0.825305957434134,0.952,0.846,0.376923431053263,"4","JUNB"
2.28687705019492e-05,0.823625916518478,0.823,0.578,0.468009388322391,"4","SH3BP5"
0.0013193438163015,0.82137731602607,0.435,0.251,1,"4","SLC16A1-AS1"
0.00439686581909959,0.813349730464917,0.484,0.334,1,"4","DDX60L"
1.29685624461473e-08,0.811261440581652,1,0.929,0.000265401630460405,"4","UCP2"
0.009362140363812,0.810538170580407,0.371,0.221,1,"4","TRAF3IP2"
5.87742017594817e-05,0.808368303116405,0.597,0.384,1,"4","TMEM65"
0.00576407011791624,0.802163773426689,0.339,0.193,1,"4","ZC3H7B"
0.00235304679809767,0.801842691922315,0.403,0.233,1,"4","EYA3"
9.7677430745069e-05,0.801323078722938,0.71,0.52,1,"4","DDB2"
4.05970711736536e-06,0.800994549908421,0.871,0.7,0.0830819061568822,"4","FCMR"
0.00976437950452702,0.800933627593351,0.435,0.284,1,"4","GRK3"
1.32338584535319e-13,0.799750390669453,1,0.994,2.7083091325153e-09,"4","IL32"
0.00701249663805981,0.79899124008558,0.532,0.393,1,"4","NTAN1"
0.00339929475257472,0.794597746077904,0.532,0.357,1,"4","ATP6V1B2"
0.000211524426132703,0.794255482263311,0.839,0.774,1,"4","PPM1G"
0.000690922651645387,0.793434753066077,0.516,0.317,1,"4","PRMT7"
0.00365011788349601,0.789356374667069,0.419,0.25,1,"4","GMFB"
0.0066883551677579,0.786505460324612,0.5,0.386,1,"4","RMDN1"
0.0038044355241964,0.784770322493891,0.419,0.251,1,"4","NAPRT"
0.000152552091286395,0.783123163036574,0.726,0.547,1,"4","GMIP"
1.49443743002742e-06,0.781115278778887,0.935,0.785,0.0305836620055111,"4","PHPT1"
3.03679321624895e-05,0.781108036389583,0.839,0.698,0.621479731705347,"4","ARHGAP25"
3.21015033200034e-06,0.780264819230922,0.806,0.55,0.0656957265443869,"4","TPP1"
0.00105553827028837,0.779462048392817,0.613,0.441,1,"4","CTSZ"
1.51902389893266e-05,0.779461801145239,0.871,0.617,0.310868240916569,"4","HEBP2"
8.89186025454514e-05,0.775665943930165,0.742,0.562,1,"4","UPP1"
0.00915958849938336,0.774188388198939,0.355,0.21,1,"4","SBF2"
0.0099942484829294,0.773915889301872,0.516,0.374,1,"4","TLNRD1"
7.31947424190693e-05,0.772490644669082,0.629,0.399,1,"4","PARP12"
0.00789458551793576,0.767608897413958,0.323,0.191,1,"4","CPEB2"
0.00657033129189477,0.767081821881404,0.355,0.209,1,"4","POMT1"
0.00947288879903829,0.766927020859734,0.435,0.303,1,"4","NDRG1"
0.00113922214031037,0.762143211735036,0.565,0.388,1,"4","TFPT"
1.96934064011778e-06,0.759986527484735,0.806,0.553,0.0403025562000103,"4","PARP9"
3.42474207082333e-06,0.758828449108529,0.952,0.707,0.0700873464793994,"4","RNPEPL1"
0.000722537287467517,0.756964816773954,0.677,0.495,1,"4","RALGDS"
2.61036955717664e-06,0.755152412662845,0.984,0.883,0.0534212129876199,"4","IRF1"
0.000394481008443082,0.749135387059458,0.581,0.385,1,"4","PGAP1"
0.00161639410886871,0.746612117054547,0.548,0.357,1,"4","CCNQ"
0.000289859624602817,0.745040250072644,0.565,0.356,1,"4","LY75"
0.00343515793769833,0.743406875207319,0.516,0.352,1,"4","GCH1"
0.000402231362848227,0.74253267171271,0.532,0.317,1,"4","BTG3"
0.00058556391530673,0.739752189476605,0.613,0.409,1,"4","MX1"
0.00704968793787919,0.738731641187383,0.435,0.269,1,"4","RTL8A"
0.00126713273522028,0.738354501015823,0.613,0.429,1,"4","TSTA3"
0.00658006342977591,0.737466218792961,0.452,0.315,1,"4","DCAF13"
0.000108273893201671,0.736238853017523,0.855,0.726,1,"4","C9orf78"
0.00572925279681091,0.730251092878596,0.355,0.21,1,"4","RPF2"
5.70951255238761e-05,0.72996330098828,0.774,0.551,1,"4","XAF1"
1.22912670657005e-05,0.729539986415281,0.71,0.409,0.251540780499561,"4","RAB29"
0.000600089871050535,0.72731082128509,0.871,0.788,1,"4","CCND2"
7.47482111496112e-06,0.726925068307097,0.871,0.652,0.152972214117679,"4","CD28"
0.00526612701553009,0.726179856581681,0.419,0.254,1,"4","AHCYL2"
0.00381319619116849,0.724174219142476,0.5,0.347,1,"4","STAM"
0.00166825022422223,0.718669066913493,0.677,0.511,1,"4","LTA4H"
0.00226226253593942,0.717757113525047,0.419,0.233,1,"4","CTDP1"
0.0041927964763413,0.717728244374058,0.468,0.293,1,"4","RARA"
2.00207299627664e-08,0.717136106754992,0.984,0.885,0.000409724238688014,"4","SYNE2"
0.000744326731904721,0.712505845688407,0.613,0.406,1,"4","G6PD"
4.05627087696203e-06,0.705800228312417,0.887,0.754,0.083011583497028,"4","MLLT3"
0.00149600617234746,0.705605547360348,0.613,0.443,1,"4","MFSD5"
0.0024052677315971,0.704803938914924,0.613,0.473,1,"4","OGDH"
0.000181062519123198,0.704049747544384,0.468,0.25,1,"4","ZFYVE28"
0.00103603650698969,0.703967472966265,0.677,0.499,1,"4","PFDN1"
0.000775301260858452,0.699706984823506,0.532,0.325,1,"4","UBE2D1"
0.00183026863030711,0.698686920787464,0.516,0.315,1,"4","MIAT"
0.00447722821758223,0.698561013023814,0.484,0.307,1,"4","RHOT1"
0.00419294323751052,0.695724530587103,0.613,0.447,1,"4","TMEM87B"
0.000536536720047609,0.691806685539375,0.726,0.584,1,"4","PLP2"
0.000399357739895745,0.690838004123599,0.726,0.535,1,"4","MAPKAPK3"
0.000247394384562671,0.69057917298103,0.855,0.65,1,"4","PARP14"
1.13309361893243e-12,0.690011203884899,1,0.976,2.31887609114523e-08,"4","ARL4C"
0.00206985803363491,0.683863443536169,0.661,0.53,1,"4","DMAC1"
0.00144013002819232,0.681604630306218,0.581,0.401,1,"4","BCL3"
1.60198361243147e-07,0.678742602640255,0.968,0.85,0.003278459462841,"4","TBCA"
0.00881182878774944,0.672695119941551,0.516,0.402,1,"4","DNAJC10"
0.00514287110855505,0.671612781781011,0.5,0.349,1,"4","BTBD10"
4.8487524662022e-07,0.669333998356186,0.984,0.92,0.0099229719220828,"4","TAP1"
0.00398246218037901,0.66815776997624,0.613,0.492,1,"4","PMF1"
0.000845210438686239,0.667050998665985,0.661,0.493,1,"4","ARRDC1"
8.00460078220766e-07,0.6631906196929,0.903,0.784,0.016381415500788,"4","REEP5"
2.00946809820746e-05,0.661905151648775,0.839,0.631,0.411237646298156,"4","ARPC5L"
0.00268086627784236,0.661345621604533,0.581,0.389,1,"4","BCAP29"
0.00150703288585974,0.660554902914653,0.677,0.519,1,"4","SPAG7"
0.00382896577964398,0.655411858902308,0.468,0.303,1,"4","CITED4"
0.000463827543296436,0.653299164375809,0.71,0.54,1,"4","LYPLA2"
0.000274858877796769,0.65241417000682,0.871,0.727,1,"4","MVP"
0.0056081309536189,0.65156542409438,0.435,0.261,1,"4","CDK5"
0.00393749521231457,0.650210803287368,0.629,0.504,1,"4","CBR1"
0.0013384594586161,0.649730136303787,0.79,0.662,1,"4","IFNAR2"
0.00187663099837376,0.647901523159357,0.597,0.417,1,"4","DCPS"
0.00654599517455412,0.647019691196037,0.5,0.349,1,"4","PAFAH1B3"
0.000179140553188573,0.646249339612701,0.774,0.588,1,"4","RECQL"
0.00749048703955335,0.64494084802656,0.565,0.416,1,"4","WDR45"
0.00163353030243618,0.64404956565973,0.726,0.512,1,"4","DPY30"
0.00284806538574456,0.641423793338886,0.71,0.559,1,"4","SAMD9L"
5.8457159006764e-06,0.63851467533376,0.919,0.798,0.119632575907342,"4","GNG2"
0.000390269597892567,0.637028678363418,0.871,0.758,1,"4","ARID5B"
1.22701033067329e-06,0.635446499301865,0.919,0.958,0.025110766417229,"4","RNF213"
0.00486407271426081,0.635309301318326,0.371,0.207,1,"4","MTMR2"
0.00183721803989134,0.63144108109516,0.565,0.358,1,"4","CASP1"
0,0.627392050488123,1,1,0,"4","B2M"
0.000251022093436193,0.626859390597713,0.935,0.774,1,"4","NFKBIA"
0.000856621318890083,0.626622907408847,0.79,0.58,1,"4","HERPUD1"
0.000206051782403849,0.626415579105691,0.79,0.566,1,"4","NT5C"
0.00651447783817583,0.625774213032538,0.532,0.371,1,"4","GTF2H3"
0.000409943223786069,0.623203778369204,0.79,0.682,1,"4","CASP8"
0.00683863377428429,0.622833450532005,0.613,0.454,1,"4","AFTPH"
0.000811515367094007,0.620026170267398,0.806,0.732,1,"4","STT3B"
0.000150497530917448,0.619095614427115,0.839,0.735,1,"4","TMC6"
0.000276044273930909,0.618662780628036,0.726,0.484,1,"4","GPHN"
0.00139662350952752,0.614711310166744,0.661,0.512,1,"4","TIMM13"
0.00461304086359027,0.614366628106289,0.597,0.412,1,"4","SLC25A24"
3.53934335395323e-07,0.612679648820836,1,0.998,0.00724326617386528,"4","HLA-B"
2.22044604925031e-16,0.61157596503817,1,1,4.54414283979077e-12,"4","HLA-A"
0.00728474629670806,0.609650908337904,0.484,0.312,1,"4","B4GALT1"
2.85002812372426e-06,0.606445231456683,0.919,0.704,0.0583258255520169,"4","MRPS6"
5.52772676924995e-05,0.605768459142341,0.871,0.789,1,"4","R3HDM4"
0.00731057464247242,0.605268343618865,0.516,0.343,1,"4","UBE2E3"
0.00319038572416486,0.601414464462966,0.613,0.436,1,"4","SBDS"
0.000700071861705842,0.600788869436969,0.79,0.589,1,"4","TXNDC17"
0.000608592822414211,0.600358881135228,0.774,0.673,1,"4","LRP10"
3.56537225010278e-05,0.594773752430049,0.871,0.707,0.729653430983535,"4","IRF9"
0.00541405817823448,0.592661689654693,0.629,0.494,1,"4","GOPC"
0.000379438227478435,0.59043786882532,0.742,0.636,1,"4","TNFSF12"
5.9431446817193e-06,0.587305352361555,0.887,0.797,0.121626455911386,"4","PCED1B"
0.000104712500963,0.586402332214377,0.855,0.622,1,"4","GBP1"
0.00900961575219927,0.586240769763772,0.597,0.393,1,"4","LGALS9"
0.000857237949839273,0.585365840587499,0.79,0.665,1,"4","SRP19"
0.00852464502964478,0.584203633975134,0.661,0.496,1,"4","MKRN1"
0.000131471182614806,0.583604345530577,0.871,0.747,1,"4","TSC22D4"
0.00138894967411396,0.583345120775675,0.71,0.53,1,"4","CHCHD5"
0.00203358559823141,0.583002184476448,0.79,0.628,1,"4","GSDMD"
0.00800319248972281,0.58286188844169,0.565,0.422,1,"4","MAP2K3"
0.000788767730504958,0.580583966616338,0.694,0.508,1,"4","GIPC1"
0.000121435967223249,0.580101420832797,0.871,0.731,1,"4","CMTM3"
0.00792262887056627,0.579017761716486,0.548,0.39,1,"4","BRMS1"
0.0086690593370542,0.57752114408918,0.613,0.447,1,"4","CASP3"
3.55877101974045e-05,0.576307262791167,0.952,0.898,0.728302489189883,"4","USP15"
0.00360803931469844,0.567691742771821,0.532,0.344,1,"4","BCL6"
0.000298057402815521,0.567261442951729,0.823,0.677,1,"4","HTATSF1"
0.00017636794282061,0.566208386939271,0.903,0.834,1,"4","VCP"
5.34251699000343e-05,0.565524005520908,0.952,0.838,1,"4","AQP3"
0.00038168313614273,0.565440614425552,0.887,0.725,1,"4","NDUFS2"
6.97684412964694e-05,0.563582416580945,0.984,0.943,1,"4","CSTB"
0.00143499332643837,0.562874707258314,0.839,0.707,1,"4","VOPP1"
0.00435437818952522,0.561725612296145,0.661,0.511,1,"4","GCHFR"
0.00485466177923599,0.561118893443687,0.452,0.277,1,"4","SUSD6"
1.50360115338533e-05,0.559054365326409,0.968,0.935,0.307711976040307,"4","NDUFB8"
0.00880681758880297,0.557810382892603,0.613,0.468,1,"4","PWP1"
0.00477590347404666,0.541828953446967,0.726,0.673,1,"4","COMMD7"
0.000344804741690963,0.541008605777984,0.919,0.698,1,"4","NDUFAF3"
0.000716238866927288,0.539657146997349,0.968,0.835,1,"4","KLF2"
0.000761637056452047,0.538226781281024,0.565,0.338,1,"4","MAF"
0.00343662585986904,0.537112902253332,0.419,0.25,1,"4","EGLN3"
0.00573410656631457,0.536446249172276,0.694,0.615,1,"4","OS9"
2.76442311575309e-06,0.531746111546355,0.887,0.676,0.056573919063887,"4","ANXA2"
0.00120446679071984,0.530702347575216,0.919,0.877,1,"4","STAT1"
0.000466425730609288,0.528717022413131,0.919,0.811,1,"4","CAPNS1"
0.00474879404732942,0.526519532834534,0.79,0.638,1,"4","ISCU"
0.00301855944771945,0.524921255319401,0.774,0.641,1,"4","GTF3C6"
0.000107032215534542,0.524303426647313,0.855,0.799,1,"4","DNPH1"
0.000338777886481845,0.521512686454193,0.629,0.389,1,"4","IER5"
0.00145748320323791,0.520498388524457,0.774,0.737,1,"4","TAP2"
0.00219845828906773,0.520131717605273,0.806,0.66,1,"4","TRBC1"
0.00026764014463021,0.517184521030771,0.887,0.831,1,"4","PLSCR3"
3.42724977220321e-06,0.513087972346679,1,0.889,0.0701386665881387,"4","RAP1A"
0.00490875330795326,0.512278874877848,0.726,0.608,1,"4","ATP6V0E2"
0.0030035163129829,0.51137115155864,0.887,0.812,1,"4","JPT1"
0.00953227881242169,0.509147543187002,0.774,0.616,1,"4","AKR1A1"
3.6138199007274e-05,0.508911571244943,0.968,0.907,0.739568242683862,"4","SAMHD1"
0.000641315968693768,0.50885135266114,0.919,0.82,1,"4","FLNA"
0.00149736804321354,0.508225996694951,0.823,0.663,1,"4","ASCC3"
0.00111019847790472,0.504983603476334,0.839,0.728,1,"4","PSMA4"
0.000102224284561858,0.504308266993434,1,0.991,1,"4","RPS26"
3.21850234463739e-07,0.502183759091563,1,0.964,0.00658666504830041,"4","GNAI2"
0.000622078775645241,0.500009175333144,0.935,0.867,1,"4","BIN2"
1.45181124922011e-06,0.499880296199451,1,0.982,0.0297113172152896,"4","BTG1"
0.00477815345973664,0.499850862109847,0.758,0.626,1,"4","TMED4"
5.73518588176114e-09,0.495901795856828,1,0.991,0.000117370579070242,"4","HSPA8"
0.00553887351403559,0.489624530770866,0.839,0.761,1,"4","PDCD5"
0.000823360336751122,0.487213573976786,0.758,0.543,1,"4","MAN2B1"
0.00370925066556449,0.486976861444232,0.968,0.824,1,"4","KLF6"
0.00351126025951665,0.486730378719058,0.839,0.667,1,"4","PHF11"
0.00264257105967869,0.486251684916609,0.855,0.797,1,"4","TRAC"
0.000739694097721122,0.483404389029304,0.903,0.827,1,"4","SCAND1"
0.00051818564013506,0.478653848454688,0.935,0.807,1,"4","ARHGDIA"
0.00254682943353379,0.478403696790244,0.887,0.75,1,"4","CAPN2"
2.94673533285383e-06,0.477419125547739,1,0.956,0.0603049385868537,"4","CD53"
0.000113231927419521,0.477141542224138,0.919,0.847,1,"4","WDR1"
0.00711606292671507,0.475324655517074,0.774,0.669,1,"4","STRAP"
0.00131738885190824,0.474648197588411,0.855,0.682,1,"4","DCTN2"
0.000203161255174056,0.4740870564594,1,0.929,1,"4","ITGB2"
3.01457336981947e-06,0.46812547935101,0.968,0.911,0.0616932440133555,"4","ATP6V0E1"
2.9802274313262e-05,0.466693210602566,0.935,0.929,0.609903543820907,"4","PSMB10"
2.6569169087054e-10,0.464784897311073,1,0.998,5.4373804536656e-06,"4","TMSB10"
0.00651727569918603,0.463839729246631,0.823,0.739,1,"4","SNRPB2"
0.00755631135219614,0.463458577715221,0.774,0.702,1,"4","PSAP"
0.000542562311303119,0.462303414643662,0.919,0.841,1,"4","EZR"
0.000102921402808986,0.460215066952609,0.968,0.932,1,"4","ANXA11"
4.20114106540748e-05,0.459791395801168,0.952,0.921,0.85976351903564,"4","ATP5IF1"
4.74479623591151e-07,0.458093062651098,1,0.985,0.0097102254967929,"4","S100A6"
0.000756817113859887,0.455340878974071,0.903,0.779,1,"4","SCAMP2"
0.000769327737823344,0.454856076657073,0.871,0.762,1,"4","AUP1"
0.00350813033086039,0.453978373057895,0.871,0.755,1,"4","SHISA5"
0.00079395612626687,0.453212700749721,0.935,0.906,1,"4","CALR"
0.00360259476246649,0.450855457432582,0.726,0.546,1,"4","SH2D2A"
0.00795250532562064,0.450109095343322,0.629,0.443,1,"4","UXS1"
0.00616102696358856,0.447448697708004,0.823,0.704,1,"4","LAMTOR1"
0.00807801377432149,0.44515449980287,0.742,0.611,1,"4","ITFG1"
0.000144100373812073,0.442942649864512,0.984,0.961,1,"4","PSMB9"
9.86529083433219e-05,0.442865275701275,0.968,0.876,1,"4","GNB2"
0.00353226116049199,0.437565678912134,0.855,0.756,1,"4","TTC39C"
0.00782473597656375,0.436880854715979,0.742,0.61,1,"4","URM1"
0.0093043964700048,0.436193835370004,0.855,0.86,1,"4","SQSTM1"
0.000562212547858598,0.435827258816781,0.919,0.783,1,"4","SYNGR2"
7.45721549866296e-06,0.432938727974381,1,0.977,0.152611915180138,"4","S100A11"
0.00236703515902992,0.432849427264329,0.903,0.743,1,"4","BCL2"
0.00231193424602072,0.432264355691103,0.887,0.799,1,"4","POMP"
0.00170366698989732,0.431389359408231,0.952,0.842,1,"4","PPP1R18"
0.00223141594683773,0.431201188229024,0.677,0.449,1,"4","FCHSD2"
0.000232918630408641,0.430852922448973,0.984,0.933,1,"4","PSME2"
0.00125484423521427,0.430112088441184,0.968,0.912,1,"4","TKT"
0.00139709751273287,0.429060687528242,0.823,0.757,1,"4","APH1A"
5.2688110387944e-06,0.428502273542414,0.984,0.953,0.107826217908927,"4","NDUFA4"
0.00244483882969537,0.426140431087286,0.839,0.728,1,"4","PSMA3"
0.00859970564461854,0.425964078269929,0.71,0.531,1,"4","HTATIP2"
0.00675415075257102,0.425604228400785,0.79,0.579,1,"4","PSMD9"
0.00742719002476311,0.425257567548428,0.839,0.659,1,"4","PDCD2"
0.00791407108379727,0.42293276876837,0.839,0.722,1,"4","SNX17"
0.00769979351209793,0.422832839103478,0.694,0.509,1,"4","CCDC69"
0.000503866355729965,0.421343665819225,0.903,0.656,1,"4","CHMP2A"
0.0012743893224787,0.421340564896339,0.855,0.769,1,"4","PSMB6"
0.00892782685537696,0.421254873852416,0.823,0.697,1,"4","SH3BP1"
0.00820599591970517,0.418141293900014,0.71,0.545,1,"4","PDLIM2"
9.57477814589325e-07,0.41812676679565,1,0.994,0.0195947834755705,"4","FTL"
5.18712561792256e-09,0.417840759727634,1,0.999,0.000106154525770785,"4","ACTB"
0.00757651512177282,0.417299073672818,0.806,0.689,1,"4","MAP4K4"
0.00600121689057809,0.415746191722995,0.871,0.714,1,"4","ELOVL5"
2.48863595486704e-06,0.414575887744131,1,0.994,0.0509299348163539,"4","UBC"
1.26935924882332e-07,0.414114899371994,1,0.988,0.00259774370271693,"4","OAZ1"
2.37737819881456e-05,0.406074946430143,0.968,0.936,0.4865304483874,"4","PARK7"
0.00580136558139399,0.405679199603601,0.758,0.615,1,"4","CAPN1"
0.000214662624064221,0.405070937657869,0.952,0.854,1,"4","GABARAPL2"
0.000119480512020376,0.40497528612336,0.984,0.957,1,"4","PSMB8"
0.00573095123870226,0.402473577482818,0.887,0.798,1,"4","BST2"
7.47862307637348e-08,0.394745322481146,1,0.998,0.00153050021257983,"4","HLA-C"
0.000222678857957792,0.389195834996088,1,0.888,1,"4","TNFRSF14"
0.0067497918700794,0.386202979678536,0.855,0.734,1,"4","ANAPC11"
0.00489288852750369,0.385012933266662,0.871,0.803,1,"4","BLOC1S1"
0.00118836655027188,0.375602142101287,0.887,0.793,1,"4","CKLF"
0.00436206045535004,0.372733915892358,0.952,0.896,1,"4","TRBC2"
0.00229829017212935,0.370407856765105,0.903,0.869,1,"4","PSMA5"
0.00307254386659839,0.369007454534321,0.968,0.906,1,"4","ATP5PD"
0.000112621611050079,0.368791971158197,0.984,0.964,1,"4","CNBP"
8.6516094288891e-05,0.365512597423524,1,0.978,1,"4","TPM3"
0.000460035028150951,0.365178218685277,0.935,0.858,1,"4","NDUFV2"
0.0039978684387143,0.364705094058118,0.823,0.8,1,"4","TBCB"
0.00390105149029463,0.364344777647126,0.935,0.804,1,"4","POLR1D"
0.00410541771957051,0.360790181006332,0.887,0.851,1,"4","SNX3"
0.00762589065381514,0.359357904084636,0.903,0.757,1,"4","MRPS34"
0.002207127524261,0.357097600245276,0.952,0.854,1,"4","PSMB3"
0.00617434613589452,0.35687748353865,0.952,0.875,1,"4","HLA-F"
0.00790933500598379,0.356286312192824,0.919,0.744,1,"4","MRPL51"
0.00474405961869895,0.353226545273988,0.952,0.896,1,"4","ARF6"
0.00186858194386996,0.345730264816349,0.935,0.867,1,"4","DYNLL1"
0.00188876067446642,0.345137283353009,1,0.884,1,"4","FLT3LG"
0.00505573987585262,0.344592617366869,0.468,0.298,1,"4","DUSP4"
1.33975581688706e-05,0.344332404584994,1,0.992,0.274181027925936,"4","RAC2"
1.27766145336938e-05,0.343742936600494,1,0.997,0.261473416432044,"4","HLA-E"
0.00602591167007516,0.338103639116637,0.903,0.77,1,"4","ANXA5"
0.000120750108885792,0.335436948695393,0.984,0.983,1,"4","YWHAB"
1.90962227770708e-05,0.331283025470436,1,1,0.390804199132754,"4","MALAT1"
0.00302209798559083,0.330278930819875,0.952,0.939,1,"4","ITGB7"
0.00665430200739237,0.327169751642594,0.919,0.888,1,"4","NSD3"
0.00070647098381249,0.32363070867436,1,0.992,1,"4","TLE5"
0.00706525368650412,0.320303159641911,0.984,0.902,1,"4","RHOH"
0.0043492098074962,0.320131814312493,0.968,0.872,1,"4","LIME1"
0.00127807511166567,0.318109584876385,0.984,0.978,1,"4","PSME1"
0.00569879021080189,0.317363366170244,0.968,0.899,1,"4","TALDO1"
3.89718172200126e-06,0.315352840274961,1,0.996,0.0797558239407559,"4","PFN1"
1.38134444369609e-05,0.314066348539557,1,0.997,0.282692140402404,"4","ACTG1"
0.000956548707754301,0.30924090796323,0.984,0.966,1,"4","UBL5"
0.00441731990320937,0.303653727342028,0.968,0.85,1,"4","RAC1"
6.55385748289383e-05,0.302580421272426,1,0.991,1,"4","CFL1"
0.000183013296628953,0.301897987557401,1,0.988,1,"4","SRP14"
0.00491933158479285,0.301675379778332,0.935,0.862,1,"4","ARHGAP30"
4.05541579515667e-05,0.301654091750233,1,0.992,0.829940842478812,"4","SH3BGRL3"
0.00010513034346249,0.300517416253524,1,0.997,1,"4","H3F3B"
0.00605572377800856,0.299315590209816,1,0.901,1,"4","PRDX1"
0.00379673375639533,0.293839417178247,1,0.943,1,"4","UBE2D3"
0.0013029580107935,0.293171683604116,0.968,0.911,1,"4","CALM3"
0.00359905356451029,0.292984907996327,0.984,0.982,1,"4","ARL6IP5"
0.000613436650405808,0.284968114584427,0.952,0.959,1,"4","COX7A2"
0.00660359156707524,0.28298944331857,0.935,0.865,1,"4","MICOS10"
0.00180521045859505,0.276838722321203,1,0.983,1,"4","MT-ATP8"
0.00408279946044576,0.275603592983963,0.984,0.971,1,"4","CD3G"
0.00830939795547181,0.274925567274129,0.952,0.914,1,"4","NDUFC2"
0.000901478820541257,0.272236395001262,0.484,0.286,1,"4","LINC02694"
0.00206449429474609,0.269399265543208,0.968,0.955,1,"4","PPP1CA"
0.00598323873079498,0.266865930733154,0.968,0.901,1,"4","RESF1"
0.00396224028448944,0.265382452319547,1,0.996,1,"4","EIF1"
0.00858106922430624,0.265067060186118,0.952,0.933,1,"4","TRAPPC1"
0.000963258613894347,0.253563555902185,1,0.994,1,"4","LIMD2"
0.00193946743551088,0.250804752122483,0.952,0.931,1,"4","CSK"
0,9.69965311701001,0.265,0.001,0,"5","CAV1"
0,8.15678154022887,0.324,0.002,0,"5","CLNK"
0,8.10600008527098,0.765,0.015,0,"5","GNG4"
0,7.39448669880067,0.618,0.022,0,"5","EBI3"
0,7.34343905670969,0.353,0.009,0,"5","COL6A1"
0,6.39774562587394,0.618,0.041,0,"5","COL6A2"
0,6.13795297705511,0.294,0.016,0,"5","TP63"
0,5.84614307668961,0.324,0.029,0,"5","CSF2"
0,5.80587365979403,0.265,0.008,0,"5","POU2AF1"
0,5.6872717801772,0.265,0.008,0,"5","HMSD"
0,5.00187340685841,0.441,0.032,0,"5","LINC02341"
0,4.95094697610309,0.588,0.033,0,"5","SHF"
0,4.90956137721016,0.324,0.012,0,"5","LINC01281"
0,4.84013544495262,0.441,0.024,0,"5","EGR2"
0,4.77309733406645,0.265,0.023,0,"5","NRN1"
0,4.76300314215058,0.324,0.017,0,"5","TOX2"
0,4.75544106406557,0.471,0.029,0,"5","SLC41A2"
0,4.74359864323917,0.265,0.015,0,"5","PMCH"
0,4.73946830173152,0.294,0.015,0,"5","CPM"
3.85044735873308e-07,4.71553244082521,0.294,0.071,0.00787994051964724,"5","LAG3"
8.25663981629532e-11,4.7128120223465,0.353,0.071,1.68972133840484e-06,"5","RDH10"
0,4.63283163263086,0.294,0.016,0,"5","RAB38"
0,4.50508984954329,0.294,0.013,0,"5","CHRNA6"
0,4.17561791233024,0.324,0.023,0,"5","SGPP2"
0,4.1715535441765,0.382,0.027,0,"5","CCR8"
2.1360690993788e-11,4.07013300569527,0.618,0.233,4.37146541187872e-07,"5","MIR155HG"
1.594083089973e-07,4.07008874307921,0.471,0.167,0.00326229104362974,"5","FABP5"
0,4.02328320237115,0.912,0.296,0,"5","TNFRSF4"
0,3.9799251769715,0.735,0.083,0,"5","MYB"
2.22044604925031e-16,3.96843580014089,0.471,0.081,4.54414283979077e-12,"5","KIAA1324"
0,3.88339591635025,0.824,0.159,0,"5","TNFRSF18"
0,3.8452327293002,0.294,0.024,0,"5","CHST2"
7.99360577730113e-15,3.75272000377549,0.412,0.067,1.63589142232468e-10,"5","SDC4"
6.31783514393192e-12,3.74181679565996,0.324,0.052,1.29294496220567e-07,"5","FAM43A"
0,3.72597493025069,0.324,0.034,0,"5","CD200"
0,3.69849037950796,0.441,0.043,0,"5","NAB2"
1.99840144432528e-15,3.69736788181987,0.294,0.034,4.08972855581169e-11,"5","UBE2E2"
0,3.64393164208651,0.559,0.082,0,"5","GNG8"
0,3.6400768116001,0.853,0.294,0,"5","DUSP4"
5.77315972805081e-15,3.60504803632451,0.265,0.028,1.1814771383456e-10,"5","SUOX"
0,3.59562211553181,0.412,0.04,0,"5","PSD"
1.41396228059421e-10,3.44518346078267,0.265,0.04,2.89367380723604e-06,"5","SERPINE2"
2.77758482880586e-10,3.42514612671574,0.353,0.071,5.68432735215119e-06,"5","PDCD1"
0,3.4197966439949,0.441,0.045,0,"5","TRIB1"
1.51028204942172e-06,3.38842688150636,0.265,0.063,0.0309079221414155,"5","ATP1B1"
6.48272546754924e-11,3.3821753795118,0.588,0.194,1.32668976693395e-06,"5","CYP1B1"
1.18127729820117e-13,3.37412985410576,0.647,0.172,2.41748399076869e-09,"5","IER3"
1.46825218649838e-10,3.23142764096497,0.294,0.049,3.00477809966893e-06,"5","MAMLD1"
1.12659027218243e-07,3.18909476028543,0.294,0.066,0.00230556699202134,"5","CPNE8"
0,3.17908636143496,0.706,0.133,0,"5","PHLDA1"
0,3.17420233646605,0.794,0.219,0,"5","PTGIR"
4.77817785338175e-12,3.12113248612553,0.647,0.229,9.77854097694575e-08,"5","TRAF4"
0,3.11032296487724,0.647,0.129,0,"5","SLC9A7"
2.22044604925031e-16,3.09444993892354,0.529,0.099,4.54414283979077e-12,"5","MIR3142HG"
6.52811138479592e-14,3.06231992304862,0.735,0.239,1.33597799489849e-09,"5","BCL2L11"
1.11022302462516e-15,3.04682264246379,0.559,0.117,2.27207141989538e-11,"5","VDR"
3.15170112230589e-12,2.94132885030979,0.765,0.317,6.44995634679901e-08,"5","AHI1"
6.08193977402749e-08,2.93220272176835,0.353,0.084,0.00124466897475473,"5","TIAM2"
1.10781515072489e-08,2.92147988424324,0.471,0.145,0.000226714370595849,"5","PTMS"
1.53921320134032e-12,2.88636476019652,0.441,0.089,3.14999981654296e-08,"5","LINC00271"
3.52250142388044e-08,2.82263735476717,0.324,0.074,0.000720879916397132,"5","AC090125.1"
6.56408261079378e-12,2.81203122286701,0.353,0.06,1.34333950629895e-07,"5","P4HA2"
2.44337883259504e-12,2.79897077596658,0.294,0.041,5.00037478090576e-08,"5","NTRK2"
3.40027117573527e-10,2.78622104979233,0.853,0.474,6.95865496114223e-06,"5","PIM3"
6.12821871026625e-08,2.78043536367155,0.294,0.062,0.00125413995905599,"5","COL9A2"
4.8088422133219e-11,2.77800368623886,0.412,0.089,9.84129558956326e-07,"5","TPRG1"
1.50329748649369e-10,2.72794144502945,0.324,0.057,3.07649830610934e-06,"5","ADTRP"
0.000317444429149383,2.70602242843325,0.324,0.132,1,"5","CD83"
1.11022302462516e-15,2.64937490888551,0.971,0.577,2.27207141989538e-11,"5","AC008105.3"
2.88657986402541e-15,2.64841552633465,0.618,0.144,5.907385691728e-11,"5","HILPDA"
0.00188559590996573,2.63152400653741,0.412,0.214,1,"5","BCL2A1"
0.000562257712470648,2.62366604837491,0.265,0.094,1,"5","AZIN1-AS1"
1.69094754864929e-07,2.62108967833487,0.382,0.105,0.00346052415831077,"5","SLC43A3"
4.9282500302894e-09,2.60777108692308,0.265,0.045,0.000100856636869873,"5","METTL1"
2.27194041357848e-10,2.57855676229833,0.5,0.139,4.64952605638835e-06,"5","FHL3"
3.12625481058149e-11,2.56739879698996,0.618,0.197,6.39788046985501e-07,"5","KCNN4"
4.97157870427145e-13,2.56640004294163,0.706,0.24,1.01743358182915e-08,"5","HIVEP1"
2.19075868557184e-11,2.56158980066739,0.529,0.138,4.48338765002276e-07,"5","INPP5F"
1.60669477722308e-10,2.5411833562082,0.5,0.132,3.28810086158704e-06,"5","ADO"
0,2.52783619940062,0.794,0.225,0,"5","PPME1"
5.78708090337443e-08,2.50073447809621,0.324,0.073,0.00118432610687558,"5","PYCR1"
4.7475223752258e-10,2.47663638604061,0.824,0.509,9.7158045408996e-06,"5","NINJ1"
4.59744417380392e-06,2.4758235201873,0.353,0.111,0.0940866950168973,"5","AL136962.1"
1.78788257976237e-07,2.45714641329193,0.265,0.054,0.00365890169948369,"5","AC012645.3"
4.75267834398885e-06,2.45583811584683,0.294,0.08,0.0972635623097318,"5","RRP12"
9.1830210102728e-10,2.43891379244777,0.353,0.073,1.87930524975233e-05,"5","F5"
7.64425578392292e-07,2.43865467285311,0.265,0.059,0.0156439694617982,"5","SEC14L2"
0,2.41899715183114,0.706,0.167,0,"5","TOMM34"
1.28910080610112e-07,2.40095376988676,0.441,0.142,0.00263814479968594,"5","DUSP10"
1.8069989948799e-12,2.40048798374992,0.765,0.295,3.69802344302173e-08,"5","AGK"
1.35496255682099e-06,2.37588187990665,0.618,0.298,0.0277293087253416,"5","TMEM120A"
3.13279906460906e-08,2.36405284243212,0.588,0.218,0.000641127328572244,"5","GADD45A"
5.67218605418418e-09,2.3635180206064,0.441,0.116,0.000116081287598879,"5","KRT7"
2.38245110084634e-07,2.35543318409647,0.294,0.067,0.00487568617788203,"5","ZG16B"
0,2.3522709977037,0.882,0.289,0,"5","AL606807.1"
3.39728245535298e-13,2.34798517810461,0.735,0.226,6.95253854487987e-09,"5","ARMH1"
3.68864011068837e-06,2.34540236739227,0.265,0.066,0.0754880198652375,"5","EVI5"
0,2.32445552905515,1,0.795,0,"5","CD82"
7.83036704365969e-08,2.30091581124123,0.353,0.084,0.00160248461548496,"5","ANKRD33B"
1.72528658026749e-12,2.30056294696676,0.559,0.136,3.53079898651742e-08,"5","CTLA4"
3.3582226635076e-06,2.29646877848575,0.412,0.137,0.0687260268086831,"5","SLC27A2"
0,2.29366490550566,1,0.938,0,"5","SRGN"
7.27129576327812e-07,2.27758207156486,0.588,0.239,0.0148807067795487,"5","GBE1"
0.000147864057267411,2.27694588520134,0.412,0.178,1,"5","BICDL1"
6.06337202668783e-12,2.25211434243672,0.882,0.398,1.24086908526166e-07,"5","TFRC"
0.000338351632157341,2.24842222630292,0.265,0.092,1,"5","DNAJC25"
3.59358565127366e-09,2.24601523759748,0.353,0.076,7.35427303533154e-05,"5","AC004585.1"
1.38246553316179e-07,2.24532363927967,0.382,0.106,0.00282921571361561,"5","AC136475.3"
7.26703097697623e-07,2.24373957333004,0.294,0.07,0.0148719788943819,"5","ZNF16"
5.42401679126669e-11,2.20581920385649,0.588,0.171,1.11002503633273e-06,"5","CAMK1"
2.50605572154061e-05,2.20131402132799,0.294,0.084,0.512864303413286,"5","EPB41L2"
1.16889865207082e-05,2.20062889762436,0.265,0.07,0.239215109146292,"5","PCBP3"
1.33264510537856e-11,2.20043636440364,0.971,0.688,2.72725820815722e-07,"5","NR3C1"
9.80533407801687e-08,2.19183160035295,0.353,0.087,0.00200666161906615,"5","SLC35F2"
3.44695297036512e-05,2.1599863367263,0.294,0.087,0.705418925385223,"5","PPFIA4"
0.00224583385290988,2.15991984279095,0.265,0.109,1,"5","PUS7"
3.33510996597397e-13,2.15848924886138,0.853,0.329,6.82530254536573e-09,"5","IRF2BP2"
0.000113520442730275,2.15423908909949,0.441,0.2,1,"5","IL21R"
6.93312024235837e-07,2.15265779901175,0.618,0.301,0.0141886305759864,"5","NFATC1"
7.33080929293806e-10,2.1279211148293,0.588,0.198,1.50025012179977e-05,"5","RAMP1"
3.21417753190723e-06,2.113493738761,0.324,0.09,0.0657781431904814,"5","FGFR1"
1.67414704654867e-06,2.1052372552431,0.353,0.104,0.0342614193076185,"5","DOT1L"
3.50340840700181e-05,2.10252064019221,0.265,0.075,0.71697253049292,"5","C9orf64"
2.07159144283153e-07,2.09745635082115,0.853,0.558,0.00423951188775473,"5","BIRC3"
0.000127731429465205,2.09509461144775,0.324,0.115,1,"5","BMP2K"
1.40966318618041e-08,2.08824993632113,0.765,0.46,0.000288487571051821,"5","SMS"
3.5978705446027e-06,2.08528883142155,0.471,0.182,0.0736304206952942,"5","KDM6B"
4.89082295107579e-07,2.06106779793039,0.412,0.13,0.0100090691693766,"5","NOP14-AS1"
9.13988884576611e-11,2.05108601390026,0.853,0.408,1.87047825228603e-06,"5","SESN3"
3.09306136259124e-10,2.04890318539648,0.529,0.141,6.32995007854298e-06,"5","MICAL2"
2.86012173811301e-06,2.04817816934998,0.324,0.09,0.0585323913704827,"5","BHLHE40-AS1"
8.76055308518531e-07,2.04523091777885,0.5,0.182,0.0179284718888317,"5","ATF5"
9.86010579200336e-05,2.04077794200915,0.265,0.082,1,"5","CREG1"
3.9022179556536e-06,2.04017200611955,0.412,0.138,0.0798588904624509,"5","CXorf40A"
0.00202030362139061,2.03609479100388,0.265,0.099,1,"5","TRAV13-2"
0.00089628451776802,2.03179978567347,0.294,0.114,1,"5","UCK2"
2.29203322987814e-11,2.02319599315369,0.794,0.332,4.69064600494562e-07,"5","NDFIP2"
1.1238812103187e-09,2.0222245181238,0.941,0.776,2.30002289691722e-05,"5","NFKBIA"
3.78328479655465e-11,2.02104478139046,0.794,0.31,7.7424923361491e-07,"5","TSHZ2"
1.62471393583274e-05,2.01928898512059,0.647,0.369,0.332497706968171,"5","SNX9"
3.98411052593417e-07,2.0190346397537,0.294,0.068,0.00815348219132428,"5","ZEB2"
1.13923551703365e-07,2.00922663583032,0.618,0.25,0.00233144548560937,"5","CXorf40B"
1.17213908801261e-07,2.00866005105493,0.676,0.309,0.00239878264361781,"5","DUSP2"
8.0001194846524e-07,2.00801312773664,0.588,0.254,0.0163722445253411,"5","GNA15"
3.23701106497154e-06,2.00529024126424,0.353,0.1,0.0662454314446426,"5","DCAF4"
7.15050241240078e-11,1.99230471285615,0.794,0.414,1.46335031869782e-06,"5","RDX"
1.82377168589376e-06,1.98780153953203,0.5,0.2,0.0373234875518158,"5","P2RX5"
2.29016805519677e-12,1.98175267183841,0.853,0.399,4.6868289249602e-08,"5","PAM"
5.63806779041442e-10,1.98055820328578,0.5,0.126,1.15383057330831e-05,"5","TRIP6"
0.00121360782994162,1.97336959742402,0.324,0.146,1,"5","MAP1LC3A"
0.000186032048887563,1.97140382008337,0.265,0.085,1,"5","FGGY"
5.800652625787e-06,1.97006082273863,0.412,0.139,0.118710355986731,"5","MPP6"
7.23647643001701e-05,1.96286124326603,0.324,0.111,1,"5","CCDC86"
1.29492239153706e-09,1.9601867315779,0.618,0.2,2.65005867428059e-05,"5","CD109"
2.22044604925031e-15,1.9531650228182,0.971,0.493,4.54414283979077e-11,"5","LYST"
3.75344577641101e-09,1.95306929726252,0.5,0.142,7.68142678142514e-05,"5","WDR41"
1.76066364385719e-05,1.95178640354703,0.382,0.131,0.360319814715373,"5","TLE3"
1.21620491455587e-11,1.93768952908267,0.706,0.238,2.4889633576386e-07,"5","ARHGAP10"
6.64976128850192e-06,1.93352822265552,0.265,0.065,0.136087364769192,"5","AL138828.1"
7.59489454473794e-05,1.92656278452798,0.647,0.435,1,"5","ASB2"
1.72394660169495e-06,1.92537558824413,0.618,0.337,0.0352805672036871,"5","SLC5A3"
1.20525069251531e-05,1.9230294290819,0.353,0.111,0.246654554223259,"5","IPPK"
0.00467341638762631,1.91359506267929,0.265,0.109,1,"5","HRH2"
0.00220782119990526,1.91165619016434,0.265,0.106,1,"5","FAM118B"
0.00085741302946829,1.91088518399392,0.294,0.11,1,"5","IFNGR2"
1.08504782478924e-05,1.90966711727987,0.5,0.2,0.222055037343118,"5","MT1E"
5.74469931711175e-05,1.90306824623345,0.412,0.16,1,"5","SGK1"
1.88515869581352e-12,1.89887977959907,0.941,0.685,3.85797727098236e-08,"5","RBPJ"
4.77729145131889e-09,1.87667107454681,0.824,0.376,9.7767269551241e-05,"5","PKIA"
4.05553115534474e-07,1.87039513685126,0.353,0.09,0.00829964450941301,"5","SPSB1"
2.18546396535402e-08,1.86906759757404,0.618,0.244,0.0004472552005097,"5","AC018816.1"
9.13654958356602e-08,1.8676476198796,0.471,0.142,0.00186979487227679,"5","IKZF4"
8.13143622746537e-06,1.86718278326599,0.559,0.274,0.166409842395079,"5","SFI1"
0.000610837941111608,1.86057373511483,0.324,0.133,1,"5","ICAM1"
5.1070767428385e-05,1.85613128778533,0.529,0.244,1,"5","MIR181A1HG"
2.2763062450526e-06,1.8548352893181,0.324,0.084,0.0465846073050014,"5","STAG3"
1.7566774798139e-05,1.84771445440545,0.471,0.19,0.359504046243914,"5","CCNG2"
3.16385717440415e-05,1.84626179407012,0.706,0.397,0.647483370741809,"5","PTGER4"
6.31923868787965e-09,1.83936968669093,0.618,0.231,0.000129323219747457,"5","PEAK1"
1.56872493832783e-05,1.83876915191194,0.324,0.1,0.32103955862879,"5","PLAGL1"
7.04507518440867e-05,1.83471927604428,0.5,0.248,1,"5","UTP4"
0.0010130721006647,1.83396085085025,0.353,0.164,1,"5","PMAIP1"
2.06945571790129e-13,1.82674638994304,0.971,0.657,4.23514112668499e-09,"5","PHACTR2"
1.94955163124177e-13,1.815571503838,0.794,0.249,3.98975741333629e-09,"5","MAN1A1"
1.21908770629453e-05,1.81396404447087,0.735,0.479,0.249486299093176,"5","REL"
1.46993528460371e-13,1.81220482777903,1,0.845,3.00822255994149e-09,"5","GPX4"
8.12424673091172e-07,1.80846491447124,0.5,0.185,0.0166262709348108,"5","STARD4"
4.84955755597483e-06,1.80730886149588,0.294,0.074,0.0992461953830248,"5","IRF5"
3.65020042036868e-06,1.8052186894008,0.735,0.451,0.074701351602845,"5","NAMPT"
5.81552916956163e-06,1.80077323496489,0.324,0.089,0.119014804455079,"5","C2CD2"
1.07409001133263e-05,1.78719389812131,0.294,0.079,0.219812520819223,"5","FLVCR1"
0.000579579003807451,1.7871483841344,0.382,0.166,1,"5","RCL1"
0.0027562795547984,1.78669530968883,0.265,0.111,1,"5","NPM3"
5.70463363767093e-05,1.78360816891633,0.265,0.075,1,"5","SPRY1"
5.36067443723809e-06,1.77675723149154,0.324,0.087,0.109706202358077,"5","CXorf21"
2.23327742632229e-06,1.77429340103159,0.588,0.246,0.0457040225296856,"5","SQLE"
1.40165249362667e-06,1.76978911289088,0.882,0.588,0.0286848182820698,"5","CCR7"
1.31181517781798e-06,1.76660563059466,0.441,0.145,0.0268462976140449,"5","AL133268.4"
1.16404491201649e-06,1.76485418877728,0.676,0.385,0.0238221791244175,"5","BCL2L1"
1.52348134108138e-10,1.75845031178911,0.824,0.462,3.11780456452304e-06,"5","AGFG1"
1.06656972143071e-08,1.75004835095463,0.794,0.47,0.000218273493490795,"5","TSPAN5"
7.0351556058057e-05,1.7442732101576,0.324,0.107,1,"5","PDCD2L"
3.00767521910217e-05,1.74201102072535,0.5,0.211,0.615520733589259,"5","FAM241A"
0.00580221269808567,1.73767863901022,0.559,0.401,1,"5","DLEU2"
3.73644457818401e-07,1.73529594399647,0.735,0.397,0.00764663382925357,"5","BATF"
0.00383165328681923,1.73418413126615,0.324,0.148,1,"5","CCDC71L"
2.76637770817434e-05,1.72893296923346,0.588,0.301,0.566139197977878,"5","PDE7B"
5.09759311650981e-07,1.7246510199463,0.5,0.173,0.0104322243129373,"5","STX11"
8.53970977199303e-06,1.72230019583781,0.353,0.108,0.174765160483837,"5","FAM185A"
0.000126158533672038,1.7112477395418,0.353,0.134,1,"5","AC093010.2"
1.32782673745169e-13,1.71041049352083,0.971,0.701,2.71739741819488e-09,"5","IGFLR1"
4.48530101948563e-12,1.70751215196857,0.941,0.605,9.17916853637735e-08,"5","PTPN7"
1.66405556001337e-10,1.70727332162589,0.912,0.602,3.40548970356735e-06,"5","HSPB1"
0.000195666438997932,1.70135540166552,0.441,0.195,1,"5","TGIF1"
0.000237231920339642,1.69928765849774,0.5,0.255,1,"5","DLEU1"
0.000389500100849371,1.69812723778958,0.471,0.224,1,"5","MRTO4"
0.00153543636206965,1.696897635268,0.618,0.449,1,"5","CASP3"
0.000950121004009263,1.6963986771029,0.294,0.114,1,"5","LINC00954"
5.004951075116e-05,1.69409895112243,0.265,0.072,1,"5","SLC66A1"
9.12142527838e-05,1.68343513979039,0.382,0.143,1,"5","BMERB1"
2.55349075217737e-10,1.67980294726859,0.971,0.903,5.22571882433098e-06,"5","PRDX1"
1.25238102266501e-06,1.677464508054,0.794,0.586,0.0256299776288393,"5","LINC01934"
1.4654288950311e-05,1.67465694112993,0.441,0.162,0.299900023368114,"5","COPRS"
0.000556275629464587,1.66333082274481,0.294,0.11,1,"5","NEMP1"
6.76910083541316e-10,1.658062230812,0.824,0.399,1.3852964859673e-05,"5","CSNK1G3"
0.000592832421842271,1.64402839866268,0.441,0.205,1,"5","RRP1"
0.00040725424264787,1.6413096155553,0.382,0.173,1,"5","CCDC58"
1.32528571894497e-07,1.63424234650565,0.971,0.974,0.00271219722382088,"5","HSP90AB1"
2.02295297624389e-07,1.63112572440532,0.5,0.155,0.00413997326588311,"5","TXNRD2"
2.55374758093563e-05,1.62962933178235,0.588,0.28,0.522624442438476,"5","PASK"
1.06039461655882e-08,1.62910490943734,0.853,0.437,0.000217009758278763,"5","SIAH2"
0.00151601782979016,1.62257399225775,0.265,0.1,1,"5","CD302"
0.000189050211407915,1.62119859298414,0.382,0.147,1,"5","CD84"
0.00127582208946131,1.61859302407764,0.294,0.112,1,"5","METTL2B"
0.00306623071413203,1.61617732483468,0.412,0.218,1,"5","LRMP"
0.000244698381738351,1.61364602834598,0.265,0.082,1,"5","CBWD1"
1.9613199953028e-12,1.61168592919756,1,0.73,4.01384137038718e-08,"5","SFXN1"
3.32416165020888e-05,1.60631018831726,0.824,0.624,0.680289681715247,"5","RNF19A"
0.000203045075684916,1.60589266114362,0.294,0.096,1,"5","TMEM91"
8.67972360651947e-13,1.60246507066888,1,0.968,1.77630543607421e-08,"5","PKM"
0.00148431039524688,1.59617399088631,0.353,0.15,1,"5","UPRT"
0.000620593835281014,1.58988988849659,0.265,0.09,1,"5","AL121603.2"
0.00543502968747056,1.58906911110731,0.294,0.134,1,"5","DPH2"
0.000205719190834674,1.58856467604196,0.412,0.174,1,"5","PBX3"
1.95841138195263e-06,1.58488435849939,0.765,0.509,0.0400788889316606,"5","TCF7"
0.00665167138080958,1.58471242283715,0.265,0.115,1,"5","GDF11"
0.00115229742007861,1.57970332998536,0.471,0.237,1,"5","SLC7A1"
0.00025271774472535,1.576736436401,0.382,0.158,1,"5","ZNRF1"
4.14823526948549e-05,1.57383234944884,0.382,0.136,0.848936347900205,"5","FAM53B"
6.97292630302826e-08,1.56859122958961,0.765,0.343,0.00142700936791473,"5","GRINA"
0.000549276330744863,1.568552252586,0.353,0.143,1,"5","SLC25A13"
5.68731513523879e-05,1.56493517449213,0.529,0.257,1,"5","IL12RB2"
1.03755226632529e-10,1.56021535799772,1,0.706,2.12335071303471e-06,"5","MRPS6"
0.000272401640743825,1.5594545282802,0.412,0.177,1,"5","ALCAM"
3.88646354743116e-05,1.55520703788094,0.324,0.101,0.795364764981787,"5","HEATR5A"
5.06184806441379e-05,1.5549484281564,0.353,0.119,1,"5","ARNTL2"
0.00110142922308176,1.5535755200962,0.265,0.096,1,"5","HLA-DQA1"
0.000470925708310865,1.54856845912454,0.265,0.086,1,"5","TESK2"
0.000153984492907266,1.54741132739949,0.265,0.078,1,"5","PFKM"
0.00023274915744409,1.54351013941396,0.353,0.137,1,"5","GIHCG"
6.66352704126183e-08,1.52760332050344,0.971,0.713,0.00136369080899423,"5","GRSF1"
2.42533968464187e-08,1.52427610776779,0.794,0.34,0.000496345766461959,"5","MYL6B"
1.74715553136195e-09,1.51937343647532,0.794,0.379,3.57555379493224e-05,"5","ID2"
0.000819051578868191,1.50887683138025,0.412,0.199,1,"5","FRMD4B"
3.26408303656933e-05,1.50786583352061,0.471,0.187,0.667994593433914,"5","C12orf45"
1.81408877653055e-06,1.5069691472129,0.912,0.641,0.0371253268116978,"5","NFKB2"
3.52133810999078e-09,1.49798145613,0.647,0.202,7.20641844209613e-05,"5","ZNF827"
0.00357359789605183,1.49449130396949,0.294,0.132,1,"5","ELAC1"
0.000175503946309163,1.49255420025242,0.324,0.11,1,"5","PLD6"
0.000142270114488197,1.49084952561523,0.324,0.109,1,"5","GGT7"
9.26032617698525e-07,1.48628227878305,0.794,0.461,0.0189512575212003,"5","SIRPG"
1.82747550308004e-05,1.48609823353165,0.559,0.242,0.373992861705331,"5","GALNT2"
3.1606462534306e-05,1.48396300285042,0.5,0.199,0.646826255764572,"5","PRKCD"
7.3381478226775e-05,1.4814252453579,0.529,0.241,1,"5","FAAH2"
0.000913884214358562,1.47934025252608,0.471,0.241,1,"5","ELL2"
1.16390180493475e-05,1.47370743115849,0.647,0.343,0.238192504379897,"5","NCOA1"
3.05957322273009e-05,1.46940738485463,0.441,0.164,0.626141660031714,"5","MOB1B"
0.000221685709821617,1.46814934515393,0.529,0.253,1,"5","CREB3"
0.000161690416043525,1.46679451019554,0.471,0.212,1,"5","HSD17B12"
0.000557184576227554,1.46492312314786,0.441,0.191,1,"5","TMEM185A"
2.02216169205016e-05,1.45809932322123,0.412,0.141,0.413835390278066,"5","IGF1R"
4.27671909863925e-06,1.45712435354448,0.618,0.297,0.0875230563536522,"5","RCC2"
0.00189380550516693,1.45239145251338,0.265,0.099,1,"5","CENPV"
0.000341045365293668,1.45061883758924,0.353,0.129,1,"5","B4GALT5"
0.000583325389657663,1.4500523853305,0.853,0.587,1,"5","ANKRD10"
0.000434617546397842,1.44581496649884,0.382,0.154,1,"5","SNX11"
4.67931760006479e-09,1.44550327521424,1,0.927,9.5762234685326e-05,"5","PGAM1"
0.00199816278357279,1.44037675366493,0.294,0.119,1,"5","OTUD7B"
3.73762129051158e-05,1.43460629329357,0.676,0.445,0.764904197103196,"5","RILPL2"
3.6628314708631e-05,1.43041473484513,0.559,0.249,0.749598460512134,"5","SLC37A3"
0.00531636425949356,1.42578618544265,0.618,0.484,1,"5","NME1"
4.10712161726945e-05,1.42548693375506,0.5,0.213,0.840522438974193,"5","SEH1L"
3.49246974977735e-05,1.42403424558724,0.618,0.309,0.714733934291935,"5","TRMT1"
0.00102938087646498,1.4236639104544,0.353,0.143,1,"5","CLN6"
0.00045094955439362,1.4204505742521,0.676,0.454,1,"5","STAT5A"
3.44700839769452e-05,1.41954046871557,0.706,0.419,0.705430268588183,"5","SLC25A46"
4.86738336524795e-07,1.41904113355377,0.824,0.512,0.00996110005697992,"5","HDAC7"
0.00677091976126531,1.41770410028304,0.265,0.115,1,"5","GABARAPL1"
0.00110569623289947,1.41216652162698,0.559,0.301,1,"5","PLIN3"
0.00216623132576443,1.41142906202011,0.324,0.133,1,"5","TET3"
5.25605530130591e-05,1.40970194131889,0.412,0.15,1,"5","APOBEC3F"
0.0014146668858448,1.40853854973743,0.382,0.164,1,"5","PINX1"
0.002259670936265,1.40745029682564,0.294,0.122,1,"5","LINC02256"
0.00148551962705823,1.4061887510562,0.529,0.326,1,"5","PPAN"
1.51909119725513e-05,1.39992156237062,0.647,0.291,0.310882013518262,"5","AHRR"
0.00229954678076116,1.39577287833132,0.294,0.12,1,"5","TXNL4B"
4.3470813726465e-07,1.39552718465846,0.824,0.559,0.00889630202912106,"5","UBASH3A"
5.6829216330545e-06,1.3943282736586,0.765,0.366,0.11630099122046,"5","EZH2"
0.00144397386014439,1.39403426448922,0.412,0.194,1,"5","GCSH"
2.14496377326512e-07,1.3929761813429,0.794,0.453,0.00438966836198706,"5","DCUN1D5"
0.0012339680834681,1.39253952531493,0.412,0.19,1,"5","RRP15"
0.00447871103170616,1.3908199262952,0.265,0.108,1,"5","GTPBP2"
7.43639172640087e-06,1.37838263175801,0.559,0.241,0.152185756680794,"5","CCDC28B"
0.00276991522448355,1.3773284732788,0.618,0.356,1,"5","TOMM40"
0.0011911741649786,1.37671805256345,0.324,0.125,1,"5","DNAJC18"
4.26131553432629e-05,1.37194121580495,0.676,0.367,0.872078224099876,"5","CDK2AP1"
6.87616903156663e-05,1.3702820836331,0.676,0.339,1,"5","ERCC6"
2.71065298496076e-06,1.3672414093664,0.706,0.357,0.055473513337222,"5","NOP14"
0.000221893066940648,1.36365591228783,0.412,0.163,1,"5","DTX3"
1.48802054145136e-06,1.36258794753457,0.824,0.501,0.0304523403808021,"5","AK2"
3.63893487564937e-07,1.36253230917089,0.912,0.667,0.00744708022301643,"5","ATXN1"
0.00487109415340536,1.36192460005429,0.559,0.34,1,"5","SLA"
0.00373929095024939,1.35778892142036,0.382,0.185,1,"5","TMEM116"
3.04366827741376e-07,1.3571948698503,1,0.984,0.00622886712972726,"5","TPI1"
0.00131201766617761,1.35668264011756,0.412,0.197,1,"5","TRMT6"
0.000395292321574203,1.35623484295631,0.412,0.173,1,"5","TFB2M"
0.000129656719628501,1.35572394750222,0.735,0.535,1,"5","MTHFD2"
0.00136213122355744,1.35344313128806,0.676,0.524,1,"5","JARID2"
8.03817393757456e-07,1.34916193985219,0.853,0.499,0.0164501229632463,"5","GLCCI1"
7.2118757514783e-06,1.34644084341068,0.912,0.761,0.147591037254003,"5","MT2A"
0.00799997193815716,1.34624166469752,0.294,0.141,1,"5","HEATR3"
0.000298298577553036,1.34448893040386,0.559,0.27,1,"5","GABPB1"
1.57610591244861e-10,1.34292102121634,0.941,0.607,3.22550074982608e-06,"5","NFAT5"
0.00291491521648801,1.33755536422889,0.324,0.139,1,"5","ZNF749"
5.72208946891806e-12,1.33575168803233,1,0.737,1.17102560981408e-07,"5","STAT3"
0.00838468751062993,1.33269018877174,0.324,0.161,1,"5","OAZ2"
0.000196213382790633,1.3301967385812,0.382,0.141,1,"5","FASN"
3.47171133432411e-05,1.32923410430869,0.647,0.321,0.71048572456943,"5","ANKRD28"
0.000470005614601199,1.32848205610361,0.529,0.284,1,"5","CD151"
0.000165981032592022,1.32812605275448,0.618,0.321,1,"5","PES1"
0.00128810740945062,1.32340161218389,0.412,0.193,1,"5","METTL8"
3.22010321340827e-06,1.31910723966736,0.588,0.242,0.0658994122624001,"5","TOLLIP"
2.65520217168635e-06,1.31746831193896,0.824,0.538,0.0543387124435613,"5","HBS1L"
0.00819012359163218,1.31664565822144,0.382,0.208,1,"5","LINC00963"
0.000223610493771176,1.3127955925507,0.412,0.162,1,"5","UTP25"
0.00179229772968204,1.3127094806377,0.324,0.13,1,"5","DCTN6"
0.00112489966107354,1.29777358574361,0.382,0.164,1,"5","RAB30"
0.00319537747597587,1.29518095711693,0.588,0.397,1,"5","MIR4435-2HG"
0.000185401706693122,1.29344525083213,0.765,0.578,1,"5","RANBP1"
0.000412886221839992,1.29121783005387,0.647,0.391,1,"5","GTPBP4"
0.00614321540485863,1.28986422799332,0.353,0.171,1,"5","AP000787.1"
0.0041833227019632,1.28909259268773,0.294,0.12,1,"5","DHX35"
3.94368557048441e-05,1.28864938505128,0.529,0.228,0.807075251999635,"5","NRIP1"
0.00031458609070989,1.28729314101371,0.471,0.229,1,"5","TRUB2"
9.50679212441408e-06,1.28682345669776,0.647,0.291,0.194556500826134,"5","PELP1"
0.000226338301059892,1.28647648488236,0.382,0.141,1,"5","COX18"
0.000825668019461823,1.28415261381895,0.382,0.161,1,"5","TMED1"
0.00627948345939933,1.28268113758017,0.353,0.185,1,"5","MYBBP1A"
0.000510830596873513,1.28205241003518,0.412,0.174,1,"5","PDRG1"
3.05600883487855e-07,1.27875754148254,0.971,0.732,0.00625412208057896,"5","ZFP36L1"
2.14393389659229e-05,1.27860527419484,0.853,0.709,0.438756071937612,"5","VOPP1"
3.5196935216808e-05,1.27777297653804,0.794,0.551,0.720305279211976,"5","RPL22L1"
0.000437522739064278,1.27367644808172,0.647,0.37,1,"5","UBA5"
2.44518757153145e-05,1.2709856488745,0.706,0.373,0.500407636513911,"5","TIAM1"
0.00286638368617909,1.27082072191153,0.412,0.195,1,"5","HAVCR2"
2.33620894318776e-06,1.26820983802235,0.824,0.536,0.0478105160223374,"5","ARAP2"
0.000978105042141353,1.26764051479827,0.324,0.122,1,"5","LINC01806"
3.67529727607341e-05,1.2673316239307,0.559,0.25,0.752149587548423,"5","TXLNA"
1.15106244780172e-06,1.2643686098253,0.912,0.672,0.0235564929942622,"5","CBLB"
0.000366238491221083,1.26379280978698,0.324,0.112,1,"5","LAIR2"
4.26326678404365e-08,1.2619437002618,1,0.911,0.000872477547354533,"5","FAM107B"
1.77674690515772e-08,1.26108486461022,0.941,0.749,0.000363611254140528,"5","BHLHE40"
0.00150318754480994,1.2578861668377,0.471,0.237,1,"5","LONP1"
0.00863934378116138,1.25687734518576,0.353,0.182,1,"5","KIF21A"
0.00244145868309897,1.2537345451202,0.412,0.2,1,"5","ZMIZ1"
4.98299231921351e-06,1.25372800836437,0.706,0.342,0.101976937812704,"5","AKT3"
0.00173656053030835,1.25051325856811,0.5,0.273,1,"5","MRPS17"
8.83615437674568e-05,1.24969100411416,0.765,0.536,1,"5","ZC3H7A"
0.000468407075677302,1.24950116983364,0.353,0.129,1,"5","PLAGL2"
0.00634452365625271,1.24908394720767,0.382,0.2,1,"5","MAP3K14"
0.00102607673839872,1.24535736084675,0.471,0.233,1,"5","AK6"
3.81616457507672e-05,1.24477775650711,0.588,0.262,0.780978080289451,"5","CBX6"
0.000192558429046308,1.24442042801094,0.471,0.198,1,"5","SMG9"
5.22284080941571e-05,1.23120750629509,0.618,0.299,1,"5","KDM5C"
6.60402415126882e-05,1.2275312908046,0.765,0.477,1,"5","FARSA"
0.000369730748999597,1.22252437953633,0.382,0.144,1,"5","EMC1"
0.00383126111432852,1.21599831974394,0.676,0.508,1,"5","APOBEC3G"
0.000113034814549939,1.21526188915369,0.529,0.229,1,"5","MLH1"
0.000730562355781172,1.21347663771345,0.618,0.313,1,"5","SMCO4"
0.000208624859594941,1.21280426566343,0.529,0.225,1,"5","RAB9A"
0.00748528522046077,1.20770847490167,0.265,0.113,1,"5","CLPB"
1.07550775718668e-05,1.207317366678,0.706,0.335,0.220102662508254,"5","PMPCA"
0.000656570462842287,1.20666695805901,0.706,0.465,1,"5","DENND4A"
0.00517981732384376,1.20026532341973,0.382,0.19,1,"5","PRMT5"
1.43350125134667e-05,1.19928626465559,0.765,0.427,0.293366031088096,"5","NUP58"
0.00100436318433283,1.19736945498245,0.5,0.241,1,"5","LRRC8B"
1.02482946100491e-05,1.19568154940343,0.706,0.395,0.209731349194654,"5","IRF4"
1.02616710684345e-08,1.19555496448531,0.941,0.671,0.000210005098415511,"5","POLR2E"
3.9325330090545e-05,1.19548622509694,0.824,0.509,0.804792880303002,"5","TFG"
0.00315427599753337,1.19314947806024,0.412,0.2,1,"5","GATAD1"
8.62616728747323e-05,1.19041044872452,0.765,0.547,1,"5","LDLRAD4"
0.00256367599132457,1.18969091346539,0.265,0.099,1,"5","ABCB6"
0.00759510352747128,1.18332489018453,0.588,0.379,1,"5","TNIP2"
0.000134872434233158,1.18027078060275,0.765,0.6,1,"5","SLC3A2"
3.25424011395903e-05,1.17819224943644,0.706,0.407,0.665980239321715,"5","SRP68"
0.000633453468666278,1.17764434936679,0.559,0.292,1,"5","RFX5"
6.95483609591818e-07,1.17591922692777,0.941,0.817,0.0142330720702966,"5","LBH"
0.00414244054995261,1.1756717796553,0.441,0.232,1,"5","ADAT2"
0.000422936216564862,1.17554535061076,0.5,0.245,1,"5","DPM2"
0.00461326580149279,1.17224092010711,0.294,0.126,1,"5","TRPS1"
0.00151704200789116,1.17195237522654,0.382,0.164,1,"5","SERPINB6"
2.84751865620159e-05,1.16938621805003,0.882,0.69,0.582744692991655,"5","CFLAR"
0.00030539076258429,1.16763967309242,0.618,0.34,1,"5","APP"
0.000244022272385847,1.16730229335149,0.735,0.554,1,"5","SINHCAF"
0.00998617288744241,1.16648117970914,0.324,0.156,1,"5","TELO2"
0.00177372617869587,1.16133300485878,0.353,0.151,1,"5","SPOPL"
0.00812394366942915,1.15442062852569,0.471,0.275,1,"5","ARL3"
2.52633325843465e-05,1.15248712715572,0.5,0.187,0.517014101338652,"5","ACAD11"
0.00123131212532046,1.15067438423394,0.471,0.208,1,"5","LRRC42"
0.000577234130517468,1.14717584943592,0.471,0.211,1,"5","IZUMO4"
0.000292205292332426,1.14684068984134,0.529,0.244,1,"5","FUOM"
5.14806091118647e-05,1.14058634490917,0.706,0.405,1,"5","MRPL32"
0.00275262184442604,1.13937115152195,0.382,0.171,1,"5","VEGFA"
0.00201861225351219,1.1352403963681,0.353,0.15,1,"5","FBXO31"
0.00423511706705737,1.13500566024771,0.559,0.369,1,"5","ARRDC2"
0.00203700850073796,1.13465904461153,0.471,0.229,1,"5","DNAJA3"
0.000891300235754677,1.13209614686726,0.735,0.505,1,"5","PAICS"
0.000694880033813128,1.13198700323513,0.324,0.123,1,"5","AL365295.1"
0.00727340068250526,1.13158389546441,0.382,0.199,1,"5","GRWD1"
0.00181187044943321,1.13019145877945,0.471,0.23,1,"5","TTF2"
8.26349807765414e-05,1.12857976957904,0.676,0.384,1,"5","ITGAE"
0.000910813884281048,1.12735863435282,0.471,0.238,1,"5","TSPYL2"
0.000635273972200645,1.12714573239535,0.559,0.338,1,"5","WARS"
6.662565968929e-06,1.12710450767472,0.853,0.723,0.136349412554132,"5","TRAF1"
1.34261666682178e-05,1.12560746055041,0.912,0.697,0.274766500865078,"5","ZEB1"
0.00201549557702729,1.12394846175098,0.441,0.217,1,"5","AP1AR"
0.00736087217705039,1.12299974331946,0.324,0.149,1,"5","GPR180"
0.00254709064384184,1.12170736127146,0.294,0.112,1,"5","TTPAL"
0.000162788350536847,1.1211174917823,0.853,0.576,1,"5","SHMT2"
2.14442077417498e-05,1.12076055249326,0.647,0.314,0.43885571143491,"5","CERS6"
0.00202543930658461,1.11903604969274,0.382,0.171,1,"5","TCEANC2"
0.00496674775510142,1.11900946562268,0.441,0.231,1,"5","RYBP"
0.000843493686635499,1.11564021866769,0.765,0.57,1,"5","TSPOAP1-AS1"
0.00923053996502343,1.11563039407885,0.471,0.261,1,"5","UTP14A"
0.0067903452685838,1.11480799963767,0.412,0.224,1,"5","PDXP"
0.000464648251824684,1.11397628254903,0.647,0.359,1,"5","TRAP1"
0.000662067499263008,1.11331950459942,0.735,0.654,1,"5","DDHD1"
0.00487506422467909,1.11298702947875,0.294,0.121,1,"5","GCAT"
0.00264312146948265,1.11166853662351,0.559,0.338,1,"5","AK4"
0.00331338585236063,1.1054248391639,0.441,0.224,1,"5","INTS4"
0.00868537483320386,1.10287218846201,0.382,0.201,1,"5","RANGAP1"
0.00251683743594766,1.10266375723976,0.294,0.116,1,"5","CD274"
7.07437378510978e-05,1.10063998074983,0.647,0.354,1,"5","BMS1"
0.0044223477505867,1.09880590775104,0.5,0.263,1,"5","CYP51A1"
0.00024456527434058,1.09771091440876,0.647,0.335,1,"5","ZNF410"
0.00703523352623181,1.09583998965737,0.441,0.241,1,"5","TSR1"
0.00554995635528543,1.09425081169324,0.529,0.315,1,"5","ZNF281"
4.45096878232132e-05,1.09212078772333,0.971,0.834,0.910890761302058,"5","PPP1CC"
0.000748276019102878,1.09019969137374,0.676,0.434,1,"5","RTCB"
0.000709430793517818,1.0881695298866,0.706,0.462,1,"5","JUN"
0.000450341493093198,1.08753699635176,0.5,0.238,1,"5","WDR46"
0.000141415774535414,1.08669871478186,0.676,0.324,1,"5","AGPAT5"
0.00448566417515917,1.08614711900445,0.588,0.345,1,"5","PPIF"
0.0022458274360575,1.08364596354088,0.559,0.294,1,"5","RARA"
0.000319018331802257,1.0831116810523,0.735,0.548,1,"5","POLR2H"
0.000810188963501712,1.08302868093654,0.588,0.313,1,"5","BCOR"
0.00713163744324374,1.08054416629479,0.294,0.129,1,"5","COPG2"
0.00848476358952843,1.08018726398896,0.412,0.225,1,"5","SLC35F3"
0.000334333494407923,1.07567737794144,0.676,0.413,1,"5","EIF2S1"
0.00114965627698571,1.07538380633515,0.529,0.283,1,"5","HMGCS1"
0.000279912165256357,1.07482895105793,0.676,0.382,1,"5","GK"
0.0089315847397835,1.07390774192904,0.382,0.192,1,"5","CPEB2"
3.74729258734163e-08,1.07299449890917,1,0.895,0.000766883427999465,"5","ALDOA"
3.01094922328105e-08,1.07186382017553,1,0.997,0.000616190758544466,"5","GAPDH"
0.00138504384104321,1.07098144407461,0.706,0.443,1,"5","GFI1"
0.00187361571197586,1.07058976328009,0.441,0.212,1,"5","TAB3"
0.00481430269392913,1.06989293589477,0.588,0.358,1,"5","DHRS3"
0.00437267904510108,1.06908908870126,0.412,0.194,1,"5","SURF6"
0.00270396834855191,1.06867300463213,0.706,0.571,1,"5","NIBAN1"
0.0096951216087251,1.06619296356391,0.353,0.171,1,"5","PRXL2C"
0.00244973369475487,1.06492699649499,0.382,0.165,1,"5","HEXIM1"
4.01105083043252e-05,1.06106192548714,0.706,0.331,0.820861552448015,"5","KPNA1"
0.00138620190241001,1.05383517838136,0.559,0.315,1,"5","LINC01871"
0.000155390925375976,1.05219579853984,0.706,0.417,1,"5","MSI2"
0.000265924844373711,1.05173834030883,0.412,0.157,1,"5","GSE1"
0.000534724420147459,1.05161966260861,0.588,0.318,1,"5","HTRA2"
0.00512731472761185,1.04971692959793,0.588,0.375,1,"5","POLD2"
5.35731887829627e-06,1.04730421898945,0.882,0.61,0.109637530844333,"5","KDM5B"
0.00117514569283328,1.04164500016604,0.529,0.282,1,"5","HLA-DMA"
0.00159800778370256,1.04141869687075,0.441,0.203,1,"5","MAP3K13"
0.000809906673768346,1.03743610216835,0.853,0.662,1,"5","IFNAR2"
0.000967840211417048,1.03724449513014,0.382,0.152,1,"5","ABI2"
0.00548193106843398,1.0369801439822,0.324,0.141,1,"5","TYW5"
6.58089877918488e-05,1.03631546558762,1,0.969,1,"5","LDHA"
0.00367881280334248,1.03626221284835,0.353,0.157,1,"5","UBQLN4"
0.00351335926477447,1.03572767881466,0.588,0.362,1,"5","ZNF267"
0.00120714264444199,1.03419236805335,0.735,0.479,1,"5","RAB27A"
0.000647826380727246,1.03381726307355,0.824,0.654,1,"5","TNFSF10"
0.00125552242977189,1.0319569252359,0.618,0.33,1,"5","ABCB7"
0.00131813434045869,1.0302917024987,0.618,0.373,1,"5","MRPS23"
0.000224889001465112,1.02680500988488,0.588,0.27,1,"5","INTS6L"
0.00311979766101755,1.02500346393565,0.559,0.383,1,"5","PELI1"
0.000195545085643234,1.02101209314515,0.735,0.444,1,"5","SRSF6"
0.00996306543742542,1.02067319707216,0.382,0.188,1,"5","PLEKHF2"
0.00343992130214033,1.02050527415162,0.412,0.188,1,"5","MEMO1"
0.00805761863442944,1.01946648443562,0.647,0.478,1,"5","BZW2"
1.75649953979562e-05,1.01820384256153,0.794,0.552,0.359467630819174,"5","HDAC2"
0.00160965159709803,1.01700644019775,0.441,0.203,1,"5","NKIRAS2"
3.19019042309687e-05,1.01626359362541,0.853,0.596,0.652872470086775,"5","CHD4"
0.00337341777092748,1.01620657454132,0.824,0.663,1,"5","CYTOR"
8.75415101413424e-05,1.01154686872222,0.735,0.454,1,"5","AFTPH"
7.88104761644259e-05,1.01015130982702,0.824,0.523,1,"5","SMAD3"
0.00511194368560863,1.00971222334303,0.5,0.271,1,"5","PTRH2"
0.00164347724679992,1.00799858261128,0.412,0.177,1,"5","ACY1"
0.000287387294026997,1.00718334436373,0.824,0.679,1,"5","SYNCRIP"
0.000653173347951341,1.00584202708056,0.647,0.37,1,"5","LARP4"
1.81786897883729e-05,1.00414031838935,0.912,0.656,0.372026886519051,"5","ADRM1"
7.5445456901857e-06,1.0030160028579,0.794,0.532,0.15439912754965,"5","SIPA1L1"
0.00948816833058519,0.999841183809226,0.5,0.284,1,"5","SERTAD2"
4.56740928456156e-05,0.999147786991551,0.912,0.692,0.934720310085524,"5","VASP"
0.00238712801674112,0.995582419830046,0.5,0.245,1,"5","GTPBP8"
7.08606642396692e-05,0.993921934719471,0.912,0.702,1,"5","PSMD13"
0.00111042946472528,0.992070874055966,0.5,0.243,1,"5","GPATCH2"
0.00183299025942008,0.991936665436458,0.588,0.354,1,"5","SNRNP35"
0.000791606645441867,0.990434585940065,0.706,0.38,1,"5","TRIM8"
1.17015076295246e-07,0.990113216311274,0.971,0.709,0.00239471353638221,"5","ACADVL"
0.00807127255001494,0.989873989662569,0.324,0.151,1,"5","ZNF282"
0.00435141994065136,0.989739340917051,0.471,0.242,1,"5","LTBP3"
0.0069474302305601,0.986873925320617,0.618,0.355,1,"5","KLHL2"
0.00425457549148289,0.983855680371666,0.353,0.156,1,"5","PISD"
0.00883920451225895,0.98300099738674,0.412,0.22,1,"5","HMGCR"
0.00299942673272646,0.982975752866857,0.5,0.264,1,"5","ARFIP1"
0.000741343717264087,0.981720162939363,0.853,0.667,1,"5","NHP2"
0.0048028802022877,0.979658025773601,0.382,0.174,1,"5","TKFC"
5.05716031651282e-06,0.978838597128103,1,0.874,0.103494785877435,"5","VDAC1"
0.00235384657039339,0.977785379919505,0.735,0.561,1,"5","CD38"
0.0091155908874192,0.977734022453928,0.412,0.212,1,"5","EIF4ENIF1"
0.00698113596603744,0.976483465839645,0.294,0.121,1,"5","GLA"
0.00608589731389486,0.975739294498961,0.618,0.359,1,"5","TMEM205"
0.00544682709513045,0.975636432424575,0.559,0.326,1,"5","INSIG1"
5.7195814341382e-05,0.975095668147874,0.824,0.495,1,"5","ABCC1"
0.00100985831337308,0.973385760860196,0.529,0.252,1,"5","TTC33"
0.000892485518706243,0.968337023030428,0.382,0.154,1,"5","PDE8A"
0.00110770789701786,0.966276547076641,0.559,0.285,1,"5","ZNF236"
0.00824216040899017,0.966139592338085,0.618,0.443,1,"5","PPP1R16B"
2.19646852372968e-06,0.963716830348732,0.971,0.799,0.0449507283381279,"5","RBM8A"
0.00288618102880656,0.963604532375391,0.853,0.665,1,"5","WSB1"
0.00176186090873265,0.962289119580681,0.765,0.517,1,"5","TAF9"
0.000312802201093199,0.96219123381589,0.853,0.662,1,"5","SEPHS2"
0.0082198858041318,0.959811162581892,0.618,0.377,1,"5","ADPRHL2"
0.00271769928209653,0.956536170662252,0.824,0.621,1,"5","PTPN6"
0.00422443516111604,0.95636331231777,0.529,0.307,1,"5","GEMIN7"
4.62460115291385e-06,0.955290442583075,0.794,0.417,0.094642462594382,"5","AKIRIN2"
0.00556070645593909,0.953677633259534,0.382,0.173,1,"5","PANK3"
0.000698356436652281,0.952733792989117,0.971,0.975,1,"5","PGK1"
0.00242405846562233,0.952641203667265,0.5,0.269,1,"5","DENND1A"
3.41870340925254e-06,0.950646386004748,1,0.972,0.0699637652703533,"5","NCL"
0.00964548902041962,0.950236529477389,0.412,0.214,1,"5","PEX26"
0.000768008545878551,0.948241256678568,0.559,0.3,1,"5","AL135818.1"
0.000282379882015071,0.944863677412444,0.971,0.933,1,"5","RAN"
0.00652187945738625,0.943546179148145,0.441,0.234,1,"5","LSG1"
0.00488370374002955,0.94144500617633,0.735,0.484,1,"5","EIF4E"
0.00547655430969018,0.941221562355151,0.382,0.179,1,"5","AGPAT2"
0.00228612479296375,0.936222239732306,0.735,0.548,1,"5","SH2D2A"
0.00273153148773031,0.935002687191851,0.618,0.332,1,"5","PRPF39"
0.00605111295720273,0.934323932934366,0.618,0.45,1,"5","ASAP1"
0.000552960703979588,0.934273684677596,0.647,0.343,1,"5","BRCC3"
0.000283151749545629,0.931676835771977,0.735,0.435,1,"5","RPUSD3"
1.08213111815747e-05,0.931120093449265,0.941,0.638,0.221458133330926,"5","ISCU"
0.00505046528535891,0.928121780879208,0.471,0.25,1,"5","RNF24"
0.00967121588360098,0.927541027144395,0.382,0.193,1,"5","VKORC1L1"
0.00431701642588567,0.926815001087757,0.882,0.848,1,"5","JUNB"
0.00451273233350991,0.926748382136864,0.824,0.584,1,"5","MFSD10"
0.000605977073058428,0.926628815225737,0.735,0.477,1,"5","STARD7"
0.00377803771417429,0.924073636942462,0.5,0.291,1,"5","DDX41"
0.000213474796341817,0.923309707504753,0.706,0.39,1,"5","CNOT9"
0.000720338055326231,0.923189299068212,0.676,0.361,1,"5","DCAF6"
0.000470503873555073,0.922870860090582,0.853,0.702,1,"5","ILF2"
0.00165547998019289,0.921326929952228,0.765,0.46,1,"5","SPAG9"
0.00241268296088326,0.919917411657189,0.529,0.284,1,"5","NXF1"
0.00189140723535197,0.919803951237826,0.647,0.402,1,"5","NUP62"
0.00416886440128406,0.919368815976254,0.559,0.314,1,"5","SCYL2"
0.000730899995808887,0.917479588006482,0.529,0.234,1,"5","FBXO46"
0.00382177686969309,0.915597808357301,0.647,0.405,1,"5","LRCH3"
0.00252506938599151,0.911700493313685,0.559,0.311,1,"5","RARS"
3.90786392712172e-05,0.909800093690572,0.882,0.734,0.799744352685461,"5","LMAN1"
0.00924606964814068,0.909380069962812,0.265,0.107,1,"5","ZBTB21"
0.00121780831797702,0.907169124379745,0.353,0.145,1,"5","IGFBP2"
0.00907996727074156,0.905958847055623,0.618,0.402,1,"5","GRPEL1"
2.67165514886702e-05,0.905235447233975,0.882,0.575,0.546754226215637,"5","TMPO"
0.000234847073438793,0.904363008563649,0.882,0.615,1,"5","PUF60"
0.00168060264126835,0.904252578758181,0.765,0.575,1,"5","RELB"
0.00552030914428947,0.901072523141239,0.5,0.276,1,"5","ALDH18A1"
4.66046148008825e-05,0.899185376474695,0.882,0.605,0.953763441900061,"5","ETV6"
0.00122500656495284,0.898853597401937,0.588,0.297,1,"5","ATP13A3"
0.000285513553625272,0.898189867819558,0.676,0.316,1,"5","RRP7A"
4.55995681820642e-05,0.894234028498628,1,0.861,0.933195162845945,"5","PSMA6"
7.90768852063639e-05,0.893875753988899,0.912,0.631,1,"5","THOC7"
0.000389138247063325,0.893783011570962,0.794,0.531,1,"5","MEA1"
0.00310115494693708,0.892968015831818,0.5,0.256,1,"5","SERTAD1"
0.00301397501526202,0.892696064328413,0.706,0.412,1,"5","PARL"
0.000283694009361568,0.892048747022008,0.706,0.345,1,"5","RNF6"
0.000116300229615396,0.891341929357878,0.735,0.44,1,"5","CAMTA1"
0.000153408066110972,0.89086583596993,0.794,0.501,1,"5","NUTM2B-AS1"
1.16773944160986e-05,0.889003437492756,0.941,0.937,0.238977876725458,"5","PARK7"
0.00137915257629029,0.887971371759818,0.706,0.42,1,"5","PSPC1"
5.48663783472847e-05,0.887563890286624,0.882,0.634,1,"5","ATP5MC1"
4.18905090615596e-08,0.884406510873607,1,0.996,0.000857289267944816,"5","PTMA"
0.00951392508577542,0.884384711969811,0.412,0.205,1,"5","MTHFD1L"
0.00179849839585522,0.884199762856015,0.471,0.221,1,"5","PDLIM5"
0.00588561088037287,0.883891720528775,0.412,0.212,1,"5","AP3S2"
0.00269402521960083,0.88007150794143,0.941,0.921,1,"5","CD44"
0.000758789347345745,0.878990898473272,0.824,0.534,1,"5","SUPT4H1"
0.00169917660530516,0.878037552037206,0.353,0.143,1,"5","TBXAS1"
0.00239417894422145,0.872727873989318,0.706,0.472,1,"5","HMCES"
0.000852753074366275,0.872673796422444,0.912,0.762,1,"5","ELMO1"
0.000114711480535101,0.87199591493065,0.971,0.988,1,"5","ENO1"
0.000994532345850452,0.870896320214213,0.735,0.403,1,"5","NUDT4"
0.00184260915552081,0.868158670825762,0.794,0.651,1,"5","SQOR"
0.00336560452104595,0.868041847344368,0.588,0.329,1,"5","MRPS18A"
0.000246855523530209,0.863219578831381,0.588,0.284,1,"5","HIF1A-AS3"
0.00483782437005886,0.861962567339361,0.353,0.157,1,"5","ZC3H12D"
8.72131673768095e-07,0.856094218000785,1,0.819,0.0178481747036641,"5","FKBP1A"
4.73370992915001e-06,0.855249202222411,1,0.729,0.096875373700055,"5","PRDX3"
0.00155860131550467,0.854274407332117,0.824,0.675,1,"5","PRMT1"
0.00764035829146126,0.850572719349988,0.412,0.205,1,"5","HIST1H2BK"
0.000599852050626737,0.8490723946777,0.706,0.411,1,"5","PBDC1"
0.0076476276510602,0.847467736604502,0.324,0.144,1,"5","CDYL2"
0.00358791378290557,0.846169093362533,0.529,0.283,1,"5","SENP1"
0.000714206399792694,0.845494320508986,0.735,0.409,1,"5","TRPT1"
0.00851170773056054,0.845155953105856,0.382,0.186,1,"5","ST3GAL3"
3.59386433701481e-06,0.844341737821678,0.971,0.972,0.073548433657008,"5","JUND"
0.0018747953627245,0.842319270643943,0.794,0.525,1,"5","TDG"
0.00103230408153032,0.839962975181735,0.912,0.816,1,"5","BZW1"
0.000341223220254649,0.837281615273094,0.794,0.476,1,"5","IMMP2L"
0.00453339608061021,0.832137000262093,0.618,0.381,1,"5","ESF1"
0.000674490786096715,0.826746773976574,0.853,0.622,1,"5","NUDT5"
0.00876949701586671,0.826620910623032,0.618,0.425,1,"5","FDX1"
0.00021925568345349,0.826228726136699,0.853,0.64,1,"5","ZFR"
0.00417968161166082,0.824984618550446,0.559,0.292,1,"5","MTX2"
5.69652394677433e-06,0.823674571605824,1,0.922,0.116579362570737,"5","TMBIM6"
0.0053931320130487,0.823229662182883,0.529,0.275,1,"5","ZHX1"
4.2259969187608e-05,0.822407416290618,0.941,0.859,0.864850269424398,"5","SQSTM1"
0.00473185919472652,0.82201829634397,0.676,0.483,1,"5","RHOC"
0.00154542454549444,0.821991160260928,0.588,0.308,1,"5","TDP1"
1.38945979055727e-06,0.82170552624382,0.941,0.802,0.0284352946137545,"5","PSMD8"
0.00188784236470441,0.818565499909741,0.559,0.29,1,"5","FAM210A"
0.0059984035713212,0.816857840466009,0.529,0.298,1,"5","SLC39A1"
0.00144613729655485,0.816819876913291,0.706,0.392,1,"5","HMG20B"
0.00165637450847722,0.816501702721935,0.765,0.659,1,"5","PFKP"
0.00517083171346888,0.815990955300176,0.706,0.474,1,"5","MRPL36"
3.45778162151866e-05,0.814457335338106,0.971,0.799,0.707635008843794,"5","NFKB1"
0.00721118742463123,0.814300390467562,0.559,0.331,1,"5","DCUN1D1"
0.00175749297563277,0.811397149966681,0.735,0.461,1,"5","MTG1"
0.0064404367206059,0.809355084719539,0.5,0.285,1,"5","NBPF14"
0.00656582324924582,0.808559852835524,0.618,0.365,1,"5","SREBF2"
0.00663354379181968,0.807820963084094,0.5,0.258,1,"5","SYNC"
0.0071935984197673,0.807707951707968,0.471,0.249,1,"5","FEM1B"
0.000619974501235854,0.806157095191767,0.794,0.551,1,"5","SRPK1"
0.00086326489868993,0.805578591257472,0.735,0.446,1,"5","OTUD5"
0.0023481688659186,0.803991441688466,0.647,0.41,1,"5","WDR26"
0.0075419972662365,0.802397791071473,0.618,0.38,1,"5","RABGEF1"
0.000165239316215038,0.802013533729767,1,0.799,1,"5","POMP"
0.000824256407892632,0.80091756773676,0.853,0.679,1,"5","SDF4"
0.000506017337482234,0.800832924834334,0.794,0.531,1,"5","ECHS1"
0.00873105952545261,0.799014078538091,0.618,0.445,1,"5","ZNF580"
1.44810189761646e-05,0.79891271879792,1,0.863,0.296354053347209,"5","C19orf53"
0.00397775984323467,0.793514086718431,0.794,0.65,1,"5","NOP58"
0.00468855448619543,0.791923399297134,0.618,0.361,1,"5","VEZF1"
0.00949546374338772,0.79070641400388,0.676,0.413,1,"5","EXOC1"
0.000209658664383383,0.78990430965664,0.941,0.846,1,"5","FYN"
0.0068684202114202,0.789197316556459,0.706,0.532,1,"5","SPEN"
0.0051653868307493,0.788114466411075,0.559,0.29,1,"5","GPN1"
0.000927190464963923,0.78763709983773,0.765,0.461,1,"5","PHAX"
0.000499260976000615,0.78524038632537,0.941,0.928,1,"5","SERBP1"
0.00181288277135039,0.784142288957789,0.735,0.435,1,"5","SCAF4"
0.00170710871591018,0.782364024327837,1,0.932,1,"5","SOD1"
0.000664166718964854,0.780620985614995,0.882,0.751,1,"5","HNRNPUL2"
0.00674710813813517,0.777489077671873,0.647,0.381,1,"5","IKBKB"
0.00141972130034174,0.776644996920806,0.618,0.322,1,"5","PAM16"
0.000171489136167269,0.769653944876296,0.882,0.801,1,"5","CD27"
0.00384584291293022,0.768628078401157,0.676,0.428,1,"5","SRRT"
0.000228725103374572,0.767442328701595,0.853,0.636,1,"5","ASXL1"
0.00103904791415244,0.766278949225734,0.735,0.418,1,"5","GALM"
4.69210773899054e-05,0.764421683800572,0.971,0.772,0.960239848784413,"5","C17orf49"
7.32225266466546e-05,0.764148612389637,0.912,0.71,1,"5","RAB8B"
0.00291148503586625,0.763303737243608,0.706,0.443,1,"5","SNAPIN"
3.81465377063961e-08,0.763214483343891,1,0.932,0.000780668894161396,"5","HNRNPC"
0.00874488167549559,0.761749578681007,0.559,0.331,1,"5","SLC35B2"
0.000614493747768119,0.761231106480611,0.882,0.672,1,"5","MBD2"
0.00899984750519423,0.760055389868408,0.471,0.27,1,"5","HELLS"
0.00327877993922021,0.75557789517348,0.647,0.379,1,"5","SART1"
0.000426026983769701,0.754886279054808,0.735,0.404,1,"5","ECPAS"
0.00382296271013605,0.75436274610476,0.706,0.406,1,"5","KDM4B"
0.00377903650700984,0.752392866979173,0.5,0.254,1,"5","TTC9C"
0.000147951542227354,0.752326299856954,0.912,0.616,1,"5","ETFA"
0.00176147080294498,0.74971681367802,0.735,0.479,1,"5","RPL7L1"
0.00336042590791652,0.748943044639717,0.912,0.717,1,"5","FAM162A"
0.00679767047302171,0.747634054058604,0.941,0.91,1,"5","EID1"
0.0060480242629477,0.746909948176088,0.676,0.45,1,"5","DLD"
9.35792765943688e-06,0.74661506163213,0.941,0.846,0.191509989550376,"5","PSMA2"
0.00597560585573631,0.746192340025956,0.588,0.339,1,"5","GADD45G"
0.00987307266582382,0.74566803840832,0.412,0.201,1,"5","SNHG30"
0.00734860242755908,0.745432003531603,0.471,0.248,1,"5","TOGARAM1"
0.00364614082139236,0.745273104832533,0.588,0.353,1,"5","TMEM263"
0.00814253272616061,0.744740214985569,0.618,0.396,1,"5","FAM207A"
0.00434220373729821,0.739481516782383,0.706,0.495,1,"5","PSMD14"
0.00507468886187867,0.739039812373094,0.735,0.53,1,"5","HSPA4"
0.00987310429397525,0.736337097054003,0.559,0.33,1,"5","MGA"
0.00621791000821159,0.734173792550062,0.706,0.453,1,"5","SMARCA4"
3.43857715865425e-05,0.730901670316337,0.941,0.744,0.703704815518593,"5","NPEPPS"
8.44824407526534e-05,0.726807296179314,0.912,0.717,1,"5","TNIP1"
0.00109602901816475,0.724762248393793,0.765,0.503,1,"5","DNAJB6"
0.000556665548832269,0.722815309563554,0.882,0.62,1,"5","RFTN1"
0.00390325408512737,0.722446167143924,0.794,0.601,1,"5","EIF1AX"
0.00524469641780878,0.721878176964096,0.853,0.666,1,"5","GSTO1"
0.000543907559080514,0.721676841891695,0.765,0.478,1,"5","KAT6B"
0.00897307402320946,0.72165125509215,0.647,0.439,1,"5","HARS"
9.28565852720276e-05,0.720632045764678,0.882,0.711,1,"5","RBMX"
0.00996333370619107,0.719738777462649,0.353,0.161,1,"5","EPHX2"
0.00512908868387862,0.717524599319123,0.853,0.632,1,"5","STOML2"
1.8288697765545e-05,0.716211277582565,1,0.911,0.374278199771878,"5","CALM3"
0.00427480988818285,0.712227987006681,0.853,0.753,1,"5","DNAJA1"
0.00208818331659066,0.71202108878305,0.824,0.5,1,"5","GPR174"
8.08865748296306e-05,0.709204229617824,0.882,0.591,1,"5","TXNDC17"
2.10961518594122e-05,0.708463262649337,1,0.787,0.43173274780287,"5","SRSF10"
0.00574855362598314,0.70732720468267,0.794,0.541,1,"5","MKLN1"
8.45612748712199e-08,0.707047760051075,1,0.969,0.00173054649023952,"5","HNRNPK"
0.00927234400791255,0.705645641623679,0.559,0.322,1,"5","KYAT3"
0.000117934356978378,0.702408646187102,0.941,0.675,1,"5","HIF1A"
0.00518341004125422,0.698965968300574,0.735,0.528,1,"5","COMMD1"
0.00190326411500519,0.694020866350866,0.824,0.481,1,"5","PSMB5"
0.00342820319033654,0.692335944981229,0.882,0.59,1,"5","ADSS"
0.000444853797932909,0.690084519344698,0.971,0.857,1,"5","DBI"
1.64019204691446e-05,0.689784956891305,1,0.876,0.335665302401044,"5","TAX1BP1"
0.00401299193364091,0.687633826482027,0.824,0.66,1,"5","GADD45GIP1"
8.46353523948906e-05,0.685395901839438,0.971,0.877,1,"5","NOP10"
0.000251611241680605,0.684301838564853,1,0.913,1,"5","C12orf57"
0.00993545275637575,0.684245377112813,0.647,0.542,1,"5","TRAF3"
0.00524245892816722,0.682973685394305,0.706,0.465,1,"5","EML2"
0.000618559352506765,0.678546512474407,0.941,0.788,1,"5","ZNF292"
0.00937864070242833,0.678301063148294,0.647,0.416,1,"5","P2RY10"
0.00113891478266925,0.676909034706202,0.912,0.759,1,"5","CDK6"
0.00159573638582322,0.674766243420899,0.382,0.164,1,"5","TYMS"
0.00490876489973213,0.673635264153077,0.794,0.673,1,"5","UBE2F"
0.00223124973564981,0.671925722854772,0.824,0.601,1,"5","KXD1"
0.000110266054079045,0.669251896103373,0.941,0.769,1,"5","PSMB6"
4.04343424298403e-07,0.668941805259011,0.971,0.965,0.00827488817826683,"5","EDF1"
0.00211981065412181,0.663307025669874,0.853,0.644,1,"5","MRPL14"
0.00621773700168227,0.661080431920956,0.765,0.594,1,"5","PPP4R2"
0.0065275341761899,0.658707162951608,0.794,0.675,1,"5","TOP2B"
0.00387272706387343,0.652732947394628,0.941,0.883,1,"5","SRSF7"
0.000137537707276536,0.651927948585934,0.971,0.976,1,"5","HSP90AA1"
0.00128755861557495,0.649544145344241,0.971,0.812,1,"5","CCT3"
4.27994407157239e-05,0.64945597121501,1,0.959,0.875890554247291,"5","CLEC2D"
0.00410693628967596,0.649339598275716,0.647,0.392,1,"5","NSD2"
4.58324233676421e-07,0.648998790154112,1,0.995,0.00937960544218797,"5","NPM1"
0.000562026543265537,0.648877223332661,0.941,0.931,1,"5","RGS10"
0.000567533314421942,0.645374229358329,0.912,0.827,1,"5","RHOG"
0.000479352668602884,0.643572172728943,0.912,0.859,1,"5","NDUFV2"
0.0031621677002418,0.643485278280797,0.882,0.719,1,"5","SAMSN1"
0.000171878165652339,0.643040186119622,0.971,0.798,1,"5","DNPH1"
1.20451692713353e-05,0.639706164105865,1,0.922,0.246504389137876,"5","GNG5"
0.00849233354342838,0.638682296670042,0.647,0.389,1,"5","VWA8"
0.00832701124814217,0.637410843572555,0.735,0.518,1,"5","FYTTD1"
0.00300530724207726,0.637123136469733,0.765,0.509,1,"5","ZMYM2"
0.00461068236929596,0.636061767347995,0.735,0.448,1,"5","GID8"
0.00690093607538467,0.634242266470311,0.853,0.586,1,"5","BCL7C"
1.49668779014789e-06,0.633799318443467,1,0.954,0.0306297156253765,"5","ATP5MC3"
0.000902755329894367,0.630925789212639,0.912,0.826,1,"5","EIF5"
0.00713339782414923,0.630842885240398,0.912,0.741,1,"5","TLK1"
0.0019943667888831,0.628500870376529,0.912,0.779,1,"5","NOL7"
0.00423645781665605,0.627580949916452,0.706,0.551,1,"5","NFE2L2"
0.000415286144581195,0.623930671328764,1,0.862,1,"5","TOMM6"
0.00374659435261981,0.620405953006294,0.941,0.686,1,"5","CAMK2D"
2.95194426191969e-05,0.62031656312708,1,0.964,0.604115393201865,"5","NAP1L1"
0.00172880967948008,0.619483583851745,0.941,0.805,1,"5","ZNF706"
0.00303547968488727,0.618309558241909,0.941,0.721,1,"5","MLF2"
0.00472757458695061,0.617810995989402,0.912,0.813,1,"5","NDUFC1"
0.00294014536773779,0.616930143596352,0.941,0.726,1,"5","EIF4H"
0.00372082775990146,0.616486640034605,0.824,0.672,1,"5","EIF2A"
0.00272794636033313,0.615416146679557,0.824,0.497,1,"5","PFDN4"
0.00688852496702874,0.614754597291463,0.824,0.706,1,"5","SELENOT"
0.00747336802480203,0.608436451304473,0.971,0.965,1,"5","CD2"
2.15105882135358e-05,0.608230297485914,0.941,0.877,0.44021418779001,"5","ARPC4"
0.00513184155189972,0.603039898779504,0.794,0.506,1,"5","SUPT20H"
0.000935854157108729,0.602389565930487,1,0.869,1,"5","CCT8"
0.001138278222788,0.599801885056166,1,0.993,1,"5","MIF"
0.00363765665627147,0.598075475062957,0.735,0.424,1,"5","GRIPAP1"
0.00633140357904405,0.597414176474469,0.853,0.656,1,"5","CNIH1"
0.00124448549929568,0.597092822280732,0.912,0.65,1,"5","EMD"
0.000933404191479692,0.596067669873112,0.971,0.84,1,"5","VDAC2"
0.00820058266529533,0.595264277958823,0.735,0.673,1,"5","OLA1"
0.00419748581154855,0.5906217088231,0.912,0.794,1,"5","GRB2"
7.29635034546483e-06,0.582608220969591,0.971,0.917,0.149319809819938,"5","PSMB1"
0.00619296670822655,0.575835846310736,0.853,0.712,1,"5","ZNF638"
0.00803142453070693,0.575673699169647,0.765,0.537,1,"5","SCFD1"
0.00872817081126676,0.571110059293437,0.882,0.686,1,"5","COPZ1"
0.00257676149128616,0.570957240408557,0.912,0.612,1,"5","PSMD6"
0.00345404236312241,0.566944999064661,0.794,0.653,1,"5","CPSF6"
0.000938708418177336,0.564985665858548,0.882,0.703,1,"5","SENP6"
0.00276907322845643,0.56035137618145,0.941,0.831,1,"5","EIF3I"
0.00237436420759374,0.554720925615209,0.941,0.835,1,"5","ANP32A"
0.00364390427979933,0.545211828068508,0.941,0.637,1,"5","LIMS1"
3.13507224378728e-05,0.538999146859944,1,0.99,0.641592534691068,"5","HNRNPA1"
0.00255834683831568,0.534943358961357,0.971,0.728,1,"5","TXNL1"
0.00466073313053506,0.534080114692391,0.971,0.864,1,"5","SRSF3"
0.00916122092262328,0.533643912338953,0.882,0.745,1,"5","ANP32E"
0.00174378095434946,0.533260246415791,1,0.93,1,"5","SEC61G"
0.0048779980703173,0.530424080121161,0.794,0.536,1,"5","CCDC12"
0.00207366860879721,0.524258227892506,0.941,0.746,1,"5","MRPL51"
0.00130348334412878,0.523756941709804,0.941,0.801,1,"5","RBM25"
0.00105459025016463,0.523565704910292,0.912,0.771,1,"5","MRPL57"
0.00426569076564776,0.521247843474175,0.912,0.771,1,"5","SNRPB"
0.0072724840294156,0.520906440561293,0.912,0.723,1,"5","RBBP4"
0.000112714617922283,0.52045747064744,1,0.962,1,"5","SKP1"
0.000575481918875465,0.518080313757082,0.971,0.955,1,"5","HNRNPU"
0.0052729505551905,0.50530809632078,0.882,0.777,1,"5","SF3B6"
0.00303739723961116,0.504226582147508,0.941,0.837,1,"5","EWSR1"
0.0091409023703819,0.504097231016933,0.735,0.449,1,"5","PPP3CB"
0.00777531408712329,0.499827828614343,1,0.944,1,"5","FNBP1"
0.00126299125069584,0.499689764189666,1,0.99,1,"5","LAPTM5"
0.00363043686632714,0.488426631519598,0.824,0.754,1,"5","U2SURP"
0.00479104497229055,0.481564914006038,1,0.956,1,"5","BRK1"
0.00043418083243818,0.477722969032174,0.941,0.748,1,"5","LUC7L2"
0.000603841887244716,0.476624291797219,1,0.997,1,"5","H3F3B"
0.000278633994152289,0.471092037762193,1,0.963,1,"5","SON"
4.66874231235259e-05,0.460927956812688,1,0.996,0.955458114222958,"5","EIF1"
0.00732666374450952,0.459817653820423,0.971,0.925,1,"5","CSNK2B"
4.56928325731631e-05,0.458040152000936,1,0.967,0.935103818609784,"5","SLC25A3"
0.00199307723112097,0.453530717356928,1,0.942,1,"5","SEC61B"
0.000689728096834985,0.453200156092945,0.971,0.894,1,"5","PABPN1"
0.00707653579971024,0.443901124703634,0.912,0.841,1,"5","CAPZA1"
0.00267356213400438,0.443756830545198,0.971,0.929,1,"5","UBB"
0.00895882342472643,0.440588814475464,0.824,0.652,1,"5","MRPS36"
0.00412733165838275,0.426679445598242,0.941,0.695,1,"5","RSF1"
0.00569072461327114,0.411967217353234,0.941,0.904,1,"5","DDX24"
0.000501874341993336,0.411811835951713,1,0.999,1,"5","ACTB"
0.00728838697621037,0.409676299411323,0.971,0.964,1,"5","SUB1"
0.00682836324835101,0.407094103589035,0.971,0.742,1,"5","BCLAF1"
0.00902152766160014,0.390138068494379,0.912,0.848,1,"5","HNRNPA0"
8.60304733516504e-05,0.386929656310757,1,0.993,1,"5","PPIA"
0.0093318439130281,0.377924763914793,0.971,0.934,1,"5","PTGES3"
0.00280042266140956,0.377719593303313,1,0.983,1,"5","DDX5"
0.00320300817048036,0.352939723509094,0.941,0.869,1,"5","EIF3D"
0.00787802615912203,0.331371476752786,0.971,0.997,1,"5","IL2RG"
0.00936922657902195,0.320215626624656,0.971,0.948,1,"5","ATP5MF"
0.00755502169039901,0.319768733286373,1,0.985,1,"5","SRSF5"
0.00623654756311365,0.307391413727084,0.941,0.959,1,"5","COX7A2"
0.00188522686645531,0.291313509828854,1,0.995,1,"5","HNRNPA2B1"
1.77635683940025e-15,5.94066298914136,0.286,0.022,3.63531427183261e-11,"6","ABTB2"
1.29433437301429e-08,4.85599474748043,0.333,0.056,0.000264885529437375,"6","ITGA1"
3.64950758502403e-09,4.71705561296602,0.286,0.038,7.46871727275167e-05,"6","AC079142.1"
2.446313149429e-05,4.3539117605845,0.286,0.065,0.500637986030645,"6","IKZF2"
4.37026259247908e-06,4.25522832442512,0.333,0.077,0.0894374239550844,"6","TAF4"
0.00209353006901325,4.24621980871895,0.333,0.142,1,"6","KIAA0825"
0.00304575213471958,4.14517979817059,0.429,0.237,1,"6","AF165147.1"
0.00033940828709178,4.13686741265495,0.333,0.114,1,"6","ATP8B4"
0.0051052730767549,4.07605200729937,0.286,0.113,1,"6","TOX"
0.00224531399316708,4.05890518334322,0.333,0.144,1,"6","LINC01473"
2.00720416776434e-06,4.05461556188837,0.429,0.126,0.0410774332932973,"6","TRPS1"
0.00044791151237189,3.96980868720226,0.524,0.29,1,"6","LINC02694"
7.00970740452611e-06,3.95427885233176,0.476,0.176,0.143453662033627,"6","EXT1"
2.9535083267973e-09,3.92653814523269,0.667,0.23,6.04435479079068e-05,"6","FNDC3B"
0.000882639980303024,3.91263925982993,0.333,0.124,1,"6","AL365295.1"
4.32320845789036e-13,3.87463111659848,0.714,0.187,8.84744610907262e-09,"6","RREB1"
0.00064553945435808,3.83549723104538,0.381,0.15,1,"6","CLIC5"
0.000537222748199673,3.80602731981244,0.381,0.147,1,"6","MCU"
0.0021516238554653,3.7916642974141,0.286,0.105,1,"6","PHLPP1"
0.00456217870516129,3.77266702706064,0.286,0.117,1,"6","SIK2"
5.93961901884654e-08,3.77060529721353,0.286,0.043,0.00121554303220694,"6","AL157392.3"
2.44173773289447e-06,3.75946698718772,0.619,0.304,0.0499701627036853,"6","GRAMD1B"
0.00352790796574376,3.73997399834947,0.333,0.15,1,"6","MCF2L2"
3.86965059995248e-09,3.73773767872858,0.714,0.314,7.91923995280275e-05,"6","RFX3"
0.000223554440337503,3.72062037506292,0.286,0.081,1,"6","KIAA0753"
7.40959774203631e-07,3.68536518613147,0.667,0.349,0.0151637417790773,"6","EXOC6B"
0.00578041048873423,3.68182564798486,0.286,0.116,1,"6","C20orf194"
2.74472935712922e-07,3.6760524405619,0.714,0.421,0.00561708862936494,"6","RAD51B"
7.87506955179929e-06,3.6714338427196,0.524,0.211,0.161163298377572,"6","ZSWIM6"
2.55141078886467e-06,3.65927636455186,0.429,0.13,0.0522146217941155,"6","B4GALT5"
4.07461163287604e-05,3.65620578800475,0.476,0.198,0.833869270668081,"6","TMTC2"
7.93498395657011e-07,3.64073365759837,0.619,0.273,0.0162389446671207,"6","ZNF407"
2.5524131808119e-07,3.63034115641174,0.714,0.417,0.00522351357453155,"6","PHF21A"
5.46229728115577e-14,3.62667284794518,0.905,0.425,1.11785913858853e-09,"6","BCAS3"
4.1316612464648e-07,3.62423767580334,0.714,0.403,0.00845544474089022,"6","PAM"
8.03251056780141e-07,3.61480592975145,0.524,0.184,0.0164385328770056,"6","BMPR1A"
2.35434758144581e-05,3.61106280262697,0.524,0.242,0.481817232542886,"6","RUNX2"
0.000170243316374163,3.6025159052146,0.619,0.402,1,"6","DLEU2"
3.62535492113292e-05,3.59826354090974,0.286,0.068,0.741928884609852,"6","AC078785.1"
2.23680819799732e-05,3.59012192759469,0.714,0.62,0.457762797720151,"6","ANK3"
1.32464636084517e-05,3.58600420079635,0.619,0.336,0.271088877746964,"6","WWOX"
2.37308601769293e-06,3.54521425634569,0.381,0.098,0.0485652053520857,"6","PRKCE"
1.21424932553182e-07,3.52644183568831,0.714,0.392,0.00248496124470088,"6","OSBPL3"
7.92560480844529e-06,3.51911892860869,0.429,0.141,0.162197502404833,"6","MTMR10"
9.02766341415173e-06,3.51419671858089,0.286,0.06,0.184751131770615,"6","AC006299.1"
2.44365816470804e-09,3.50848750361323,0.857,0.488,5.000946434075e-05,"6","GPHN"
3.98384337740865e-07,3.5073075635459,0.524,0.179,0.0081529354718668,"6","SLC35F5"
5.06865769380749e-05,3.49430924954746,0.429,0.164,1,"6","ALG9"
7.41273367037554e-05,3.49088687902894,0.333,0.097,1,"6","AC016831.7"
0.000163962605074452,3.48112784293518,0.429,0.177,1,"6","MB21D2"
2.77937198631673e-05,3.47304653300268,0.429,0.155,0.568798476999718,"6","PDE8A"
0.000285773361835773,3.47285118455109,0.476,0.232,1,"6","ARMH3"
8.0804684514657e-06,3.47072015833777,0.333,0.083,0.165366786859246,"6","SRGAP2B"
4.05197431163629e-09,3.45956779156425,0.81,0.495,8.29236542876366e-05,"6","FBXL17"
0.000191316233254524,3.45124760104518,0.333,0.107,1,"6","DBT"
3.50630502499172e-06,3.45024890546969,0.476,0.16,0.0717565323364555,"6","ZNF248"
3.189892794353e-12,3.44630824818896,0.905,0.547,6.52811560364341e-08,"6","FTX"
0.000320258727735556,3.44350157609531,0.381,0.143,1,"6","POLA1"
0.00683873453065886,3.42766319150072,0.286,0.123,1,"6","PLCXD2"
6.3517658834833e-05,3.41621023838561,0.524,0.263,1,"6","SFMBT2"
3.10240824918928e-05,3.41111874733102,0.381,0.121,0.634907848196586,"6","STXBP4"
0.000236783472389979,3.38492950905129,0.381,0.145,1,"6","CDYL2"
0.00324976097517271,3.38358244932967,0.381,0.192,1,"6","SPATA5"
0.00370607913880461,3.38160773581298,0.333,0.146,1,"6","MICAL2"
8.49004966527733e-05,3.37984216007898,0.286,0.072,1,"6","BCL9"
3.63135946690463e-06,3.37561442399223,0.571,0.241,0.0743157714902032,"6","MBTD1"
0.000153277442499267,3.36226522157067,0.476,0.224,1,"6","KIAA1328"
5.91455276977015e-07,3.34935361253607,0.619,0.263,0.0121041322433346,"6","USP32"
3.07529791720995e-06,3.34478168962714,0.571,0.235,0.0629359718757017,"6","LINC00886"
9.17488307550229e-13,3.33862931751504,0.952,0.63,1.87763982140154e-08,"6","SMYD3"
8.45140201155559e-06,3.33359638329771,0.476,0.169,0.172957942166485,"6","LINC01004"
0.00905535615111508,3.3303790264288,0.476,0.287,1,"6","HIF1A-AS3"
2.34166019907889e-11,3.32460709584227,0.905,0.607,4.79220759741494e-07,"6","ARID2"
1.94066984704477e-13,3.31997355954366,0.952,0.655,3.97158084197713e-09,"6","CHST11"
0.00952576719043519,3.30846492501644,0.476,0.316,1,"6","TSHZ2"
0.00213894361780986,3.30581775987591,0.333,0.136,1,"6","LINC02649"
7.67372476673245e-09,3.30539277388111,0.81,0.543,0.00015704277735118,"6","MED13L"
3.15360952019006e-06,3.30457395615779,0.524,0.204,0.0645386188306896,"6","SMURF1"
5.09759366984497e-06,3.30386936359707,0.667,0.388,0.104322254453377,"6","TMEM65"
8.63891731190947e-05,3.29394132899542,0.524,0.262,1,"6","RPS6KC1"
5.15258862243684e-08,3.2848010523303,0.571,0.188,0.0010544772615817,"6","ACAD11"
1.18668281867684e-08,3.25707911091609,0.857,0.67,0.000242854638842216,"6","ATXN1"
7.79142580675796e-07,3.24982348649841,0.667,0.345,0.0159451529135302,"6","AKT3"
4.46547243626583e-10,3.2437963317788,0.762,0.331,9.13858934081802e-06,"6","CMIP"
0.00951442956354143,3.24069890919536,0.333,0.167,1,"6","DEC1"
5.29046608743755e-08,3.23819735113364,0.476,0.121,0.00108269388479409,"6","LINC01409"
2.71081201930201e-09,3.23140274776145,0.81,0.425,5.54767679750157e-05,"6","CAMKMT"
1.13571963673564e-05,3.22184183127431,0.476,0.179,0.232425023657949,"6","SLC10A7"
7.33227424110083e-07,3.21916432484718,0.714,0.364,0.0150054992344129,"6","BTBD9"
6.48374114842198e-07,3.20981603225015,0.714,0.449,0.0132689762602456,"6","PCNX2"
0.000317524104630262,3.20851353202343,0.571,0.366,1,"6","AOAH"
1.5911050892381e-06,3.20119876074405,0.667,0.375,0.0325619656512577,"6","MRTFA"
0.000308824719194467,3.19757635943367,0.619,0.444,1,"6","PPP1R16B"
2.02681440946151e-05,3.19569963423688,0.619,0.37,0.414787568896298,"6","UMAD1"
0.000502881286780887,3.19392356881643,0.286,0.089,1,"6","DAG1"
0.00231030826547518,3.19335868492084,0.333,0.136,1,"6","NUBPL"
0.00010095773803287,3.19002423711041,0.286,0.072,1,"6","AC009120.2"
0.00310094323605981,3.18769838091228,0.381,0.18,1,"6","IPMK"
0.000352317529324964,3.18570139629496,0.429,0.179,1,"6","SLC12A2"
9.87114834316571e-11,3.17523132234707,0.905,0.734,2.02013050842886e-06,"6","TANK"
0.000436119620419673,3.16877549972566,0.667,0.589,1,"6","LINC01934"
4.37337943637317e-10,3.16686913240516,0.857,0.57,8.95012101653769e-06,"6","ZFAND3"
2.93131414697001e-08,3.16619841825421,0.762,0.45,0.000599893440177413,"6","NCOA2"
7.25251391882065e-05,3.16448776399471,0.571,0.325,1,"6","CDK19"
6.37703958581426e-05,3.1594258178006,0.333,0.094,1,"6","STARD9"
1.02012743781188e-05,3.14918634612507,0.619,0.327,0.208769080148201,"6","XKR6"
1.67864855349364e-08,3.14899701186805,0.762,0.418,0.000343535426472474,"6","MSI2"
0.00170706256237985,3.145850785192,0.333,0.136,1,"6","NAPB"
0.000136315192772241,3.14523594034001,0.571,0.319,1,"6","STXBP5"
1.68229430386191e-10,3.1446335499893,0.857,0.482,3.4428152928534e-06,"6","KDM6A"
0.00155612904844427,3.14385338197275,0.429,0.213,1,"6","AP3S2"
0.00231661024060625,3.14267957120578,0.333,0.144,1,"6","IGF1R"
2.04658183209361e-05,3.14014802940029,0.524,0.226,0.418832971937957,"6","FRS2"
3.05017829433929e-05,3.14013664973538,0.286,0.067,0.624218987936536,"6","ZFAT"
1.23119224371138e-07,3.13421392426863,0.714,0.344,0.00251963492675533,"6","NCOA1"
5.07341913622561e-05,3.13190418957322,0.571,0.317,1,"6","MICU1"
0.00750931981994762,3.12580176741359,0.429,0.259,1,"6","MANBA"
3.6782841217331e-09,3.12230740051666,0.857,0.525,7.52760845512679e-05,"6","ST8SIA4"
3.6379570580003e-05,3.12096188052861,0.524,0.241,0.744507911919761,"6","SLC9A8"
3.34843264226947e-13,3.11879972655,0.952,0.746,6.85256740240447e-09,"6","LRBA"
0.000162449282526733,3.11715811240435,0.524,0.286,1,"6","ATG7"
0.000328404971146501,3.11476403499434,0.476,0.227,1,"6","TCF20"
0.000830853194690784,3.11375963213848,0.429,0.204,1,"6","GTDC1"
2.1123363058706e-09,3.11148867222941,0.762,0.349,4.32289624996418e-05,"6","STRN3"
3.75882068959221e-06,3.1052099312674,0.714,0.532,0.0769242654125046,"6","PCNX1"
3.08725511821706e-09,3.10516410821018,0.857,0.693,6.31806759943121e-05,"6","PRKCA"
0.00459989853924614,3.10142586243466,0.381,0.199,1,"6","AOPEP"
0.000210447221509424,3.1002646124862,0.571,0.342,1,"6","FTO"
2.58934862440441e-08,3.0989800216579,0.762,0.432,0.000529910195984362,"6","CDKAL1"
1.04132585887484e-07,3.09871015976921,0.762,0.423,0.00213107337018736,"6","BRAF"
0.00415665856657244,3.09329293205212,0.524,0.4,1,"6","SLC9A9"
0.00124652850150686,3.07693342876151,0.381,0.167,1,"6","TBCEL"
0.000420941933266583,3.07619058352357,0.429,0.185,1,"6","CATSPERB"
6.18723654219888e-05,3.07418586365033,0.524,0.245,1,"6","ZNF592"
0.000349736395016675,3.0708281168987,0.476,0.243,1,"6","LRRC8B"
5.13188504802642e-07,3.06842505909294,0.81,0.628,0.0105024027507861,"6","MAML2"
4.35512403917926e-09,3.06744259911438,0.857,0.628,8.91276134618035e-05,"6","PTPRJ"
7.4248115211617e-07,3.06686075122754,0.571,0.23,0.0151948767780574,"6","ABCA5"
5.08632502516093e-06,3.06411983311819,0.571,0.246,0.104091641639918,"6","MCOLN2"
0.00165889571753874,3.06316141100735,0.286,0.096,1,"6","ARMH4"
0.00379567218182419,3.0622122611959,0.333,0.139,1,"6","SNHG22"
7.67693267089697e-06,3.057273312275,0.714,0.463,0.157108427109907,"6","KAT2B"
5.48955305657017e-08,3.05640645080259,0.857,0.66,0.00112343703302709,"6","PHACTR2"
5.06523534626879e-06,3.0547232778301,0.619,0.312,0.103660041361391,"6","NCALD"
0.000102416268745076,3.05326260037469,0.619,0.38,1,"6","SP4"
0.00977999537827667,3.05120064628573,0.333,0.161,1,"6","MROH1"
1.01743367064699e-08,3.05066437047714,0.81,0.497,0.000208217800697907,"6","PPP3CA"
2.05268047004381e-09,3.05065491285561,0.81,0.49,4.20081058194466e-05,"6","KANSL1"
5.11141129422299e-10,3.04857314517855,0.81,0.43,1.04605032136273e-05,"6","CLASP1"
0.000925483740561894,3.03148460163073,0.429,0.2,1,"6","DNASE1"
1.55470969431803e-09,3.02857284055255,0.81,0.466,3.18171338942186e-05,"6","ATAD2B"
0.00141972724396711,3.02697466129063,0.429,0.205,1,"6","NDUFAF7"
4.24865653769757e-09,3.02548883227102,0.857,0.674,8.69487560439808e-05,"6","CBLB"
0.00775603705056493,3.02543777673446,0.476,0.349,1,"6","SUMF1"
1.57285295898646e-09,3.01932209807784,0.857,0.607,3.21884358056579e-05,"6","ETV6"
1.09420648986003e-06,3.01882786738947,0.571,0.216,0.0223929358149855,"6","SLC39A11"
4.7201802608754e-06,3.0160213954846,0.619,0.309,0.096598489038815,"6","XPR1"
4.78812952842134e-07,3.01497483631233,0.81,0.537,0.00979890707991427,"6","CASK"
1.85940851116229e-06,3.00908491322503,0.667,0.369,0.0380527951809362,"6","ARL15"
0.000306356195810986,3.00784038278487,0.381,0.139,1,"6","TCP11L1"
4.17621046633343e-08,3.00339922625808,0.762,0.444,0.000854661471935136,"6","BABAM2"
2.74715918562318e-05,2.99361688480608,0.571,0.288,0.562206127337784,"6","TMEM135"
0.000181871141724965,2.98712641840257,0.524,0.257,1,"6","WASL"
0.000182676614086885,2.98537646781276,0.524,0.249,1,"6","SNX25"
0.00240119875889255,2.98526825031859,0.333,0.14,1,"6","SUSD1"
1.5741073333686e-08,2.98152590136931,0.81,0.519,0.000322141065773884,"6","VTI1A"
0.00025109982474425,2.98125194432666,0.524,0.27,1,"6","MEAK7"
8.01891869794957e-07,2.98086124626746,0.619,0.256,0.0164107171153538,"6","TMEM161B"
0.00264812535543935,2.9803732369992,0.333,0.141,1,"6","AL050309.1"
0.001713082577808,2.97643700030898,0.381,0.173,1,"6","ARHGEF12"
1.40248532787268e-08,2.97540968180858,0.857,0.659,0.000287018622349144,"6","MBD5"
2.70921453064954e-05,2.97166921749909,0.381,0.119,0.554440753697428,"6","KSR1"
0.000349871555303638,2.97044791793477,0.286,0.082,1,"6","CCZ1B"
0.00016190107522962,2.96868800652804,0.429,0.175,1,"6","MCTP2"
1.26658632693122e-07,2.96604531273223,0.571,0.197,0.00259206891806474,"6","FBXW4"
7.11789516216754e-08,2.96502909126337,0.81,0.538,0.00145667724493759,"6","ARAP2"
9.53912193679685e-08,2.96437481033382,0.714,0.352,0.00195218130436547,"6","MED13"
1.6369983911968e-05,2.96345496369187,0.571,0.27,0.335011720758425,"6","DENND1A"
2.11477896971957e-07,2.9613388504214,0.619,0.245,0.00432789516153109,"6","TTC13"
2.68882553795535e-05,2.9584505830326,0.571,0.29,0.550268146342563,"6","HERC3"
0.00269938992924468,2.95528570316038,0.524,0.325,1,"6","PBX4"
5.07306570085575e-08,2.95474882925649,0.762,0.445,0.00103820289568013,"6","TRAPPC9"
0.0010298825509345,2.95291284689301,0.286,0.092,1,"6","ACTR3C"
1.16795018101357e-10,2.94821258402239,0.905,0.699,2.39021004544426e-06,"6","ZEB1"
7.35422721165335e-07,2.94467518444762,0.857,0.708,0.0150504259886486,"6","CDC14A"
4.47241691547973e-05,2.94404312288883,0.667,0.497,0.915280121752926,"6","FBXW7"
0.0056301936740828,2.94136893009515,0.476,0.334,1,"6","MAPK8"
0.00417496359527125,2.94029719490519,0.476,0.306,1,"6","ATG10"
0.000136920007991925,2.93670551401305,0.476,0.212,1,"6","MARCH8"
0.000995734279145122,2.93072262840705,0.524,0.325,1,"6","ANKRD28"
0.00364423310131223,2.92947879503073,0.524,0.372,1,"6","SNX9"
0.00016204664838404,2.92939500904562,0.429,0.179,1,"6","FGFR1OP"
8.34974644980946e-08,2.92842865709088,0.762,0.493,0.00170877561095351,"6","SPIDR"
1.73077568277336e-05,2.92695400138253,0.476,0.185,0.354203243479567,"6","AL592183.1"
6.01787675802434e-06,2.92311470283835,0.571,0.264,0.123155847852968,"6","ARHGAP35"
0.00836512946168,2.92308934490752,0.381,0.22,1,"6","ERI1"
1.34255483144052e-05,2.92177297790981,0.667,0.398,0.274753846254303,"6","RASA1"
0.0012297349141881,2.92102346831835,0.286,0.094,1,"6","ZNF649"
2.63065250858396e-05,2.92084459373039,0.714,0.514,0.538363035881708,"6","DOCK9"
0.000526038761956338,2.91892870480083,0.524,0.315,1,"6","USP12"
0.00190076753992896,2.91877681156227,0.571,0.465,1,"6","MIB1"
2.14144257881799e-11,2.91827086567148,0.952,0.906,4.38246223755101e-07,"6","DPYD"
0.00815135509474385,2.91673345423148,0.286,0.119,1,"6","CUL9"
0.00298672023851942,2.91471803298168,0.286,0.109,1,"6","UPP2"
0.000586081731519306,2.91292065244976,0.667,0.535,1,"6","SIPA1L1"
3.66929852191333e-06,2.90774797620908,0.571,0.252,0.0750921942509564,"6","ATG16L1"
0.00178981512052911,2.90670395966408,0.524,0.359,1,"6","SLC12A6"
0.000711695111387467,2.90647764303403,0.619,0.516,1,"6","HIVEP2"
2.09752311401967e-05,2.90315681492177,0.619,0.377,0.429258105284126,"6","RCOR3"
3.14640768035446e-05,2.90268406980045,0.476,0.186,0.64391233178454,"6","ST3GAL2"
0.00858067340169799,2.901425787254,0.381,0.209,1,"6","POU2F1"
1.06955460339453e-05,2.89924947855136,0.667,0.425,0.21888434958469,"6","NEDD9"
3.77793067718457e-05,2.89762990756056,0.571,0.311,0.773153513085822,"6","GARS-DT"
0.000709002875836307,2.89416390103546,0.476,0.23,1,"6","PRDM1"
0.000383686447135823,2.89353925239917,0.381,0.152,1,"6","SPOPL"
0.00808120929914868,2.89289370690665,0.333,0.166,1,"6","MAP4K3"
0.00106721238191554,2.89225250173372,0.524,0.323,1,"6","BRWD3"
0.00210896039795094,2.89104036462877,0.381,0.184,1,"6","UBN2"
5.84076614051909e-06,2.88598908525147,0.619,0.321,0.119531279065723,"6","MFSD14C"
0.000194225055586861,2.88137760223294,0.571,0.322,1,"6","ATXN7"
7.3400024769299e-07,2.88084605444852,0.667,0.32,0.015021315069037,"6","SGMS1"
2.50146543294694e-05,2.88077150490943,0.714,0.497,0.511924900852591,"6","SATB1-AS1"
2.47787055318582e-08,2.88065226386207,0.762,0.374,0.000507096208709479,"6","FAM214A"
7.18691439693941e-09,2.87630457029809,0.857,0.572,0.000147080203133365,"6","PICALM"
5.71881526763018e-05,2.86956320639331,0.571,0.327,1,"6","TFCP2"
0.00562078649657027,2.86934504190747,0.381,0.195,1,"6","ASB7"
0.00286436082588892,2.86901981561945,0.333,0.135,1,"6","TRAF3IP2-AS1"
3.60822483003176e-13,2.8619046832625,1,0.636,7.38423211466e-09,"6","KDM4C"
0.00328829206352776,2.86064620266333,0.286,0.111,1,"6","CPQ"
2.77057288222693e-09,2.85896321632567,0.81,0.428,5.66997740347741e-05,"6","XYLT1"
4.15210076765149e-06,2.85762681252684,0.762,0.593,0.0849727422099877,"6","LPP"
0.00623125415159187,2.85578112452069,0.429,0.246,1,"6","HIVEP1"
5.81659458820383e-07,2.85440455126528,0.571,0.219,0.0119036608247591,"6","SEC31B"
0.00302784879806794,2.85331854130529,0.476,0.3,1,"6","DGKH"
0.000557142881927764,2.85163088279766,0.714,0.549,1,"6","ADAM19"
8.28226376370367e-14,2.85078475907821,0.952,0.514,1.69496527924196e-09,"6","KIAA1109"
1.38762174639595e-07,2.84605436036074,0.667,0.303,0.00283976790399931,"6","MYO9A"
1.57953168455904e-06,2.84385657060154,0.619,0.275,0.0323251159245008,"6","TPT1-AS1"
0.00380060497558143,2.84383807064677,0.333,0.141,1,"6","AL591895.1"
7.86488651982609e-11,2.84075452764133,0.952,0.663,1.60954902628241e-06,"6","TBC1D5"
1.42412992953922e-07,2.84003369882127,0.762,0.511,0.00291448190080201,"6","ZMYM2"
5.15324380945259e-08,2.83555262834309,0.81,0.571,0.00105461134560447,"6","SMG6"
1.4546155664652e-05,2.83244670346544,0.667,0.397,0.297687075677103,"6","DIAPH2"
0.00148588583803511,2.83111408477266,0.429,0.219,1,"6","ZDHHC17"
0.00116546226529857,2.83023390264688,0.286,0.098,1,"6","TMEM91"
0.00128022015128693,2.82843916412841,0.333,0.13,1,"6","AP002495.1"
0.00486895943145815,2.82482522540573,0.381,0.2,1,"6","SLC36A4"
0.00469760094370875,2.82354042670122,0.476,0.32,1,"6","SCFD2"
0.000431778008486594,2.82246372123164,0.524,0.312,1,"6","ULK4"
7.97694308323216e-05,2.81787108640343,0.524,0.254,1,"6","SLC16A1-AS1"
3.33066907387547e-15,2.81525473983395,1,0.977,6.81621425968615e-11,"6","ARHGAP15"
0.00302055879517127,2.8122458692191,0.286,0.11,1,"6","SH3D21"
0.000134549826310559,2.81118640509461,0.524,0.271,1,"6","KLHDC10"
0.00258892033328362,2.80836808390989,0.429,0.231,1,"6","ATRN"
3.64051843653179e-05,2.80828691148567,0.524,0.228,0.745032098036231,"6","MINDY3"
8.19860925682647e-06,2.80510113706537,0.476,0.174,0.167784538440954,"6","PANK3"
5.88420911995513e-09,2.80447090959742,0.905,0.877,0.000120420339639882,"6","NEAT1"
1.10304278155837e-07,2.80346175361668,0.857,0.737,0.00225737705245921,"6","ZBTB20"
3.24190985323547e-06,2.80342253263529,0.714,0.482,0.0663456851464639,"6","WDR70"
9.25637344550978e-12,2.80219832313248,0.952,0.811,1.89431682562358e-07,"6","FOXN3"
0.00213536271301207,2.80071362092191,0.571,0.432,1,"6","PHKB"
3.86816052653227e-05,2.79614251383344,0.524,0.247,0.791619051754829,"6","RAPGEF2"
0.000125715027990303,2.7914524762373,0.571,0.329,1,"6","NAPG"
1.98063787593128e-13,2.78627790396631,1,0.716,4.05337541309336e-09,"6","FUT8"
0.000185631334701952,2.78436274271697,0.476,0.229,1,"6","SNX19"
0.000153283591846076,2.78399977682279,0.619,0.42,1,"6","DYRK1A"
3.20912159614828e-05,2.78148607839003,0.571,0.295,0.656746734651745,"6","INVS"
0.00511579138732099,2.77842710761614,0.429,0.237,1,"6","MIR155HG"
2.60809591832167e-05,2.77571228060545,0.476,0.173,0.53374682968453,"6","TGFBR3"
0.000196286960913339,2.77551327189911,0.571,0.328,1,"6","DHRSX"
0.000239528122042865,2.7745269701192,0.429,0.178,1,"6","TBC1D22B"
1.00412861803179e-07,2.77391535278413,0.81,0.612,0.00205494921680205,"6","VPS13B"
0.000308836473692287,2.77187944330855,0.619,0.491,1,"6","MNAT1"
5.59552604251223e-09,2.77144997115036,0.81,0.495,0.000114512440460013,"6","TNRC6A"
1.33927846590609e-09,2.76678538847852,0.857,0.626,2.74083338047681e-05,"6","ARID1B"
1.0097531699671e-09,2.76465283157878,0.857,0.563,2.06645986233767e-05,"6","MAP3K2"
0.000417216421475741,2.76267805582257,0.429,0.192,1,"6","DOP1A"
0.000147458430967307,2.76186654195084,0.571,0.309,1,"6","MCM9"
7.38107797104703e-10,2.75955224098761,0.952,0.766,1.51053760677478e-05,"6","PAG1"
0.000714222675613829,2.75720405329125,0.524,0.311,1,"6","CCDC7"
3.769360168282e-05,2.75666175779054,0.619,0.379,0.771399558438911,"6","YEATS2"
7.13106395053842e-05,2.75480997942679,0.429,0.163,1,"6","UBASH3B"
2.85923267646648e-05,2.75381470464675,0.667,0.413,0.585141967238866,"6","CEMIP2"
0.000184650520772545,2.75341099966374,0.476,0.218,1,"6","STRIP1"
4.68063767655735e-06,2.75322555754521,0.667,0.347,0.0957892500507462,"6","TAOK1"
1.91286630979448e-09,2.74558035820225,0.81,0.456,3.9146809029944e-05,"6","TBCK"
0.00193229825574615,2.74485372053673,0.381,0.177,1,"6","MRTFB"
1.90319501882641e-05,2.74050152302484,0.714,0.529,0.389488860602825,"6","GMDS-DT"
0.0010183276568474,2.73990894886291,0.524,0.336,1,"6","DCP1A"
7.09055036907102e-12,2.73784331920686,1,0.967,1.45108113303039e-07,"6","SKAP1"
0.000946758466997544,2.73471779734296,0.476,0.24,1,"6","TTN-AS1"
0.000372455393677251,2.73405503297917,0.571,0.363,1,"6","THADA"
0.00648360887581578,2.73015432970006,0.333,0.152,1,"6","CARMIL1"
1.69851883669025e-07,2.72747996735653,0.81,0.622,0.00347601879928661,"6","RUNX1"
0.00827541170113544,2.72454862231697,0.381,0.201,1,"6","ENOX2"
0.000145991664368683,2.72408238002919,0.619,0.38,1,"6","MYO5A"
0.000575470116637833,2.72400245304787,0.571,0.384,1,"6","LINC01619"
0.00316046729338204,2.72252967439721,0.286,0.107,1,"6","SLC38A6"
0.000270484175449504,2.72212341831088,0.476,0.213,1,"6","TAB3"
0.000189902723363167,2.72195892825196,0.667,0.511,1,"6","TMEM131L"
5.20911620749409e-06,2.71848132052819,0.619,0.295,0.106604563186367,"6","YPEL2"
3.99680288865056e-15,2.71593826947755,1,0.919,8.17945711162338e-11,"6","DOCK10"
2.0575273262935e-07,2.71358726653492,0.762,0.525,0.00421072967325964,"6","MEF2A"
1.79899122654259e-05,2.71081541027159,0.667,0.454,0.368163554511941,"6","FCHSD2"
0.00729724666130349,2.70853479064634,0.429,0.274,1,"6","COG6"
1.57422963553699e-11,2.70769462926712,0.952,0.763,3.22166094912646e-07,"6","PACS1"
0.000272703154261089,2.70663162599937,0.571,0.364,1,"6","DCAF6"
0.00443967465018336,2.70617993158321,0.429,0.244,1,"6","KIF13B"
2.38850929796808e-05,2.70380105794731,0.667,0.481,0.488808427829167,"6","KAT6B"
1.5889212479081e-07,2.70198293792734,0.81,0.602,0.00325172733384393,"6","PLCL2"
9.60278057071662e-09,2.69640243303384,0.857,0.67,0.000196520904379716,"6","GRAP2"
1.8527992051709e-07,2.69480908334205,0.762,0.452,0.00379175357338224,"6","RNF38"
3.54179051589298e-05,2.69405051946157,0.571,0.306,0.724827429077499,"6","TLK2"
1.03246273774893e-06,2.69190574120358,0.762,0.543,0.0211293499280318,"6","SLFN12L"
7.30483325066533e-05,2.69177049266326,0.619,0.366,1,"6","TNKS"
2.65831801016247e-12,2.69023998283701,0.952,0.659,5.4402478077975e-08,"6","CEP85L"
6.74145944401516e-07,2.68595970714821,0.714,0.437,0.013796396752177,"6","TET2"
0.00369720281744201,2.68230830809266,0.429,0.237,1,"6","ZDBF2"
0.000217193565394513,2.6794340001945,0.429,0.178,1,"6","AREL1"
0.00348679923358075,2.67808164295252,0.429,0.233,1,"6","NPC1"
5.95065989372756e-07,2.67632577852971,0.762,0.542,0.0121780254725135,"6","DLG1"
2.24398264547787e-06,2.67624119613822,0.762,0.528,0.0459231048397046,"6","KLF12"
0.00283112888087533,2.67438698251748,0.524,0.388,1,"6","ATR"
0.000675689372989119,2.67413855946018,0.571,0.347,1,"6","TMEM245"
1.37968176883163e-08,2.67409757166179,0.857,0.677,0.000282351873991393,"6","RORA"
0.00184528828331443,2.6737486572098,0.476,0.288,1,"6","FOCAD"
0.00598051121246956,2.67136416297386,0.429,0.247,1,"6","BACH1"
0.00355157778620141,2.67116215325982,0.286,0.109,1,"6","KIAA0556"
0.000195358173049831,2.67067576877832,0.667,0.526,1,"6","JARID2"
0.00609992532633474,2.6676252696889,0.286,0.117,1,"6","PI4K2A"
0.000450641198005197,2.6675041084032,0.619,0.514,1,"6","DENND1B"
2.93801623274526e-06,2.66680517070099,0.81,0.739,0.0601265022031316,"6","RBMS1"
6.06256062651855e-05,2.66371325868041,0.476,0.193,1,"6","CPEB2"
0.00164424467808488,2.65789573442436,0.524,0.317,1,"6","SLC25A26"
0.00136927615101601,2.65784298496491,0.619,0.478,1,"6","GNAQ"
0.000181051988392467,2.65553920308493,0.524,0.259,1,"6","IL12RB2"
0.00999609406988555,2.65482894064787,0.476,0.352,1,"6","BTBD10"
0.000160001036243473,2.65003750720047,0.524,0.274,1,"6","ARHGEF18"
1.78827798169579e-06,2.64979095000914,0.714,0.442,0.0365971088954042,"6","RELCH"
0.00136846285453052,2.64867977319798,0.619,0.498,1,"6","COMMD10"
1.26819037937764e-07,2.64797109956036,0.81,0.589,0.00259535161139635,"6","ERC1"
1.03182129507218e-10,2.64541712182582,0.905,0.657,2.11162228036521e-06,"6","EXOC4"
4.3583400362257e-05,2.64428120117682,0.714,0.608,0.891934288413591,"6","ZNF148"
0.00190022556356251,2.64246164981688,0.619,0.493,1,"6","CNOT6L"
0.00167942869903115,2.64233947447764,0.429,0.215,1,"6","BMPR2"
0.000170883572119029,2.64153149943787,0.619,0.442,1,"6","PTAR1"
6.44617914602463e-10,2.6409049920416,0.857,0.542,1.31921056223394e-05,"6","MKLN1"
0.000305838440580519,2.63676826532343,0.476,0.234,1,"6","ALG6"
0.00350437479810695,2.63438785114514,0.429,0.236,1,"6","PEAK1"
3.97028474985461e-07,2.63150005948236,0.81,0.568,0.00812518774057747,"6","LRRC8C"
0.000665460775148841,2.63106427835976,0.571,0.399,1,"6","STAU2"
0.000883120333952769,2.63011193277208,0.619,0.467,1,"6","MAST4"
0.000256909862073051,2.62972297300906,0.524,0.292,1,"6","FBXO42"
1.22299261162695e-07,2.62960923218036,0.857,0.551,0.00250285437969455,"6","FAM172A"
0.000658648762687175,2.62758602788179,0.429,0.195,1,"6","RBM12B"
5.72571923207477e-09,2.6264059072175,0.857,0.632,0.00011717684408441,"6","AP3B1"
8.3698398434251e-08,2.62380585369073,0.714,0.34,0.00171288772395695,"6","R3HCC1L"
1.76859106248983e-07,2.6228100271133,0.81,0.653,0.00361942160938544,"6","DDHD1"
0.000869339107334888,2.62246412691556,0.476,0.256,1,"6","MAN1A1"
2.38510917895951e-05,2.61563351336063,0.714,0.542,0.488112593474064,"6","TRAF3"
0.00523859867676002,2.61182122472304,0.476,0.309,1,"6","ARFGEF2"
5.98749675395638e-07,2.61157088087714,0.667,0.347,0.0122534121069717,"6","PSME4"
9.66149296122154e-08,2.61120967086142,0.857,0.553,0.00197722453451399,"6","UBR5"
0.00273890155954337,2.61000192560438,0.476,0.296,1,"6","AHRR"
1.90693490642602e-06,2.60968463664803,0.857,0.691,0.0390254228600084,"6","NR3C1"
1.09427825962793e-05,2.60965716815615,0.762,0.686,0.223944045832857,"6","PVT1"
0.00226180138403476,2.60938036103772,0.571,0.389,1,"6","PGAP1"
1.05541355772676e-05,2.60923410483984,0.667,0.395,0.215990384588781,"6","USP24"
0.00206086102450853,2.6091932165486,0.619,0.59,1,"6","HELZ"
5.19499213553765e-05,2.60793457612736,0.571,0.315,1,"6","ZMYM6"
3.07084693824677e-05,2.6061546433324,0.619,0.368,0.628448825912202,"6","ANTXR2"
7.13209860014885e-05,2.60520595064564,0.667,0.47,1,"6","FAM126A"
0.00709801253344367,2.60067617297514,0.429,0.262,1,"6","PKD2"
0.000135452175155093,2.59946809157134,0.429,0.168,1,"6","RNF121"
5.49962469567067e-05,2.59908792564964,0.714,0.526,1,"6","FNDC3A"
7.16615167206669e-07,2.59628002632876,0.762,0.576,0.0146655293968845,"6","TCF12"
2.21191117542041e-05,2.59533782907986,0.667,0.446,0.452667622049787,"6","RNGTT"
0.000304500456452805,2.59466052743646,0.524,0.289,1,"6","FAM91A1"
5.07819564177225e-10,2.58951409935596,0.905,0.73,1.03925273808869e-05,"6","ADK"
1.1468019190719e-05,2.58803776296736,0.714,0.575,0.234693012738065,"6","INPP5D"
0.00480449465257915,2.5879304734478,0.524,0.408,1,"6","FBXO11"
9.02082297304929e-07,2.58678189867607,0.714,0.4,0.0184611142143454,"6","MCPH1"
1.08801856413265e-14,2.58508616799926,1,0.984,2.22662999149748e-10,"6","MBNL1"
0.00023324600052832,2.58340532771477,0.524,0.273,1,"6","TRERF1"
0.0021420389377369,2.58084103630821,0.476,0.28,1,"6","SUSD6"
0.000168775964581203,2.57532379161542,0.571,0.318,1,"6","G2E3"
0.00967967854897345,2.57491451345821,0.333,0.17,1,"6","TVP23C"
0.00186676440044065,2.57395955784607,0.619,0.443,1,"6","KDM7A"
1.90531416643935e-07,2.57347910107135,0.762,0.517,0.00389922544161814,"6","SIK3"
5.31391196822995e-07,2.56378526390421,0.762,0.496,0.0108749208429826,"6","TRIM33"
0.0031088250191722,2.5602048621659,0.571,0.396,1,"6","MAP4K5"
0.00646640199776094,2.55786387659069,0.429,0.253,1,"6","CEP295"
2.88343815491032e-09,2.55328816676406,0.857,0.515,5.90095618402398e-05,"6","ANKRD36B"
3.89001406886358e-06,2.55166308160233,0.619,0.297,0.0796091379192931,"6","MCCC1"
7.59882428091885e-08,2.55115254222029,0.81,0.611,0.00155509938909004,"6","NFAT5"
0.00053318424496096,2.54999777497805,0.524,0.294,1,"6","TAPT1"
0.00589054796536836,2.54980146821601,0.571,0.466,1,"6","PDE4B"
0.000406421047605354,2.54913885550283,0.571,0.394,1,"6","CHD6"
6.31185304023063e-09,2.54699545452129,0.857,0.549,0.00012917207246832,"6","DOCK11"
0.000100006051974466,2.54631042630946,0.524,0.249,1,"6","NRF1"
9.61686751344004e-07,2.54542414357555,0.714,0.373,0.019680919366255,"6","ZNF280D"
1.18012087457764e-06,2.54506598890964,0.667,0.332,0.0241511736982314,"6","FBXL20"
8.10183704569312e-08,2.54450675280234,0.857,0.629,0.0016580409514011,"6","MAP3K1"
0.00295034185128973,2.54187840336814,0.333,0.14,1,"6","ZNF14"
0.000291902412002942,2.53414933374363,0.619,0.393,1,"6","ANKRD13C"
0.00332500516248757,2.53244734816432,0.524,0.392,1,"6","VWA8"
2.75599079113675e-08,2.53222507318522,0.857,0.678,0.000564013515406137,"6","JMJD1C"
0.000111444565916941,2.53195872907153,0.667,0.545,1,"6","DYM"
4.49020013950641e-05,2.52983099645536,0.619,0.387,0.918919458549986,"6","FARS2"
5.84450045026941e-06,2.52891420537666,0.81,0.801,0.119607701714763,"6","GNG2"
0.0061205861780691,2.52377850144355,0.429,0.259,1,"6","BBS9"
4.56463554265873e-06,2.52231126225087,0.714,0.523,0.093415266380511,"6","GPRIN3"
0.00430924423469614,2.52066230294706,0.476,0.307,1,"6","PTBP2"
5.05303479962915e-05,2.52038548823232,0.667,0.474,1,"6","AFF1"
2.40402187046129e-09,2.51950063847693,0.905,0.76,4.91983075789904e-05,"6","CDK6"
0.00161605030109202,2.51877765785873,0.524,0.328,1,"6","AFDN"
0.00191166539377807,2.51870557033648,0.429,0.22,1,"6","RBM15"
0.00533313639689714,2.51803264975863,0.429,0.25,1,"6","XPO7"
0.00400978407581332,2.51796553086651,0.429,0.245,1,"6","SNHG14"
7.6261219561502e-12,2.51071117934838,0.952,0.808,1.56068585832614e-07,"6","ITK"
0.00191351889854197,2.50823419155858,0.524,0.361,1,"6","SHLD2"
0.000459442477158456,2.50650566924634,0.619,0.489,1,"6","NSMCE2"
1.36071711676067e-07,2.50457807096777,0.857,0.816,0.00278470757945071,"6","UTRN"
1.33006941593905e-06,2.50326744237107,0.762,0.56,0.0272198705971927,"6","ST6GAL1"
0.00128893655048001,2.50200193104253,0.571,0.408,1,"6","LRCH3"
0.000117330909869873,2.49809153576086,0.571,0.333,1,"6","CUX1"
0.00478909064496702,2.49400176198094,0.286,0.113,1,"6","FKTN"
0.000387404819765846,2.49345405940123,0.619,0.465,1,"6","DIP2B"
1.14816471885604e-08,2.48899131417679,0.905,0.789,0.000234971909713888,"6","ZNF292"
1.70661202947286e-08,2.48310672706136,0.905,0.85,0.000349258151831622,"6","RABGAP1L"
0.00415903323495059,2.47927867083256,0.429,0.215,1,"6","POLR3A"
1.71769800605404e-08,2.47880841909261,0.857,0.712,0.000351526896938958,"6","CCSER2"
1.12864792178868e-07,2.47776054660374,0.81,0.64,0.00230977797194054,"6","ITPR2"
0.00203540401340452,2.47564648430574,0.524,0.338,1,"6","UBR3"
0.00303231939087256,2.47259248162505,0.667,0.689,1,"6","RPS6KA5"
7.99719701862767e-05,2.47128639360067,0.619,0.384,1,"6","UHRF2"
0.000592533506255766,2.46898882321733,0.476,0.248,1,"6","NCOA5"
0.000200155319414863,2.46685093358963,0.571,0.329,1,"6","HEATR5B"
0.00705246690636474,2.4650310753894,0.571,0.493,1,"6","ACYP2"
2.64588086995587e-08,2.46475234501445,0.857,0.782,0.00054147952003647,"6","TNRC6B"
6.02963472484674e-08,2.46369619516648,0.857,0.67,0.00123396474643989,"6","TBC1D22A"
4.4422078969264e-05,2.46357537976358,0.667,0.397,0.909097846105987,"6","MIR4435-2HG"
0.000817197759062305,2.46158392467957,0.619,0.534,1,"6","DENND4C"
2.9870050703984e-06,2.4610531343159,0.762,0.563,0.0611290587657032,"6","PKN2"
0.000206943674307292,2.46011770181748,0.619,0.444,1,"6","RFX7"
8.41308637866689e-07,2.45892826796889,0.762,0.539,0.0172173812739418,"6","SCFD1"
0.00061257606214915,2.4513275033663,0.476,0.241,1,"6","SYNJ1"
0.00056636761173734,2.44937134242143,0.524,0.325,1,"6","RPRD1A"
3.5527136788005e-14,2.44648149255939,1,0.902,7.27062854366523e-10,"6","PRKCH"
1.53809181169251e-07,2.44605294425859,0.81,0.649,0.00314770489262872,"6","ARFGEF1"
2.63825827850894e-09,2.44556583901156,0.952,0.819,5.39919556696855e-05,"6","TAB2"
0.000412938838542987,2.44528397912533,0.524,0.298,1,"6","FBXO38"
0.00134172157854717,2.44455848388555,0.571,0.405,1,"6","TFRC"
0.00790303653125046,2.44355074905652,0.429,0.273,1,"6","INTS6L"
0.0070777043061907,2.44136491669158,0.429,0.26,1,"6","CREB3L2"
9.79575299051572e-05,2.44034073763619,0.714,0.639,1,"6","SLC4A7"
2.98491438550652e-05,2.43766944418112,0.667,0.412,0.61086272899391,"6","WDR26"
3.61056193831644e-08,2.43379048141777,0.857,0.635,0.000738901500676459,"6","PARP8"
7.38885457263194e-08,2.43190317893972,0.81,0.598,0.00151212908828913,"6","BBX"
9.32545180098998e-06,2.4311844758274,0.667,0.396,0.19084537110726,"6","FNIP1"
2.35159353101366e-06,2.42803450856088,0.81,0.685,0.0481253616121946,"6","KMT2C"
0.00339285194683714,2.42802344129685,0.476,0.306,1,"6","IPO9"
3.16250829968112e-08,2.42510253073386,0.857,0.645,0.000647207323529742,"6","INPP4A"
1.8716375758121e-06,2.42113485079255,0.714,0.417,0.0383030629889947,"6","ZNF654"
2.92224892743942e-05,2.41733613242017,0.667,0.453,0.598038243000477,"6","RALGAPA2"
0.000490558106312822,2.41650335982236,0.619,0.441,1,"6","HIVEP3"
4.55316469525346e-05,2.41482876413993,0.714,0.525,0.931805154883621,"6","CUL1"
0.00525424311023115,2.41369094936414,0.476,0.318,1,"6","HDAC4"
9.3292089609065e-09,2.41003082589708,0.81,0.541,0.000190922261384951,"6","MON2"
0.00025811229966255,2.4090941636534,0.667,0.558,1,"6","CCDC91"
0.000971648744418685,2.40850012925641,0.524,0.309,1,"6","SIDT1"
0.00115286993800767,2.40795410018277,0.524,0.31,1,"6","TNPO3"
0.000216782439989238,2.40572938531773,0.571,0.365,1,"6","CBFA2T2"
2.21368310338033e-05,2.40477719415194,0.667,0.455,0.453030247106784,"6","NUP153"
0.00525654279237742,2.40475215346402,0.524,0.405,1,"6","ZNF609"
7.40719007241708e-07,2.40029422015367,0.81,0.666,0.0151588144832016,"6","ASCC3"
3.84014597898386e-10,2.39946502344195,0.905,0.548,7.85885874599046e-06,"6","TRPM7"
0.000197157113029478,2.39885691455674,0.571,0.317,1,"6","ZNF91"
1.18885281983339e-05,2.39874068958844,0.714,0.494,0.243298729578902,"6","NEK7"
0.000451185614663396,2.39852534255058,0.619,0.433,1,"6","RNF144A"
3.33000575820641e-05,2.39684582181013,0.714,0.572,0.681485678416942,"6","ACBD6"
1.54641823568724e-07,2.39470262539108,0.81,0.565,0.00316474491933394,"6","FAF1"
0.00190638502804474,2.39409026685697,0.333,0.136,1,"6","TNFRSF11A"
2.04718262564185e-07,2.3932889943657,0.762,0.433,0.00418955924337605,"6","MSH3"
1.41932868791272e-07,2.39319708991209,0.81,0.605,0.00290465615981339,"6","ANKRD17"
1.15643050691006e-11,2.38961172762571,0.952,0.924,2.36663503239143e-07,"6","CDC42SE2"
0.000183619456953332,2.38903301004888,0.619,0.434,1,"6","CHD9"
0.00588877985101832,2.38773739664255,0.429,0.246,1,"6","GALNT2"
0.00234699544703232,2.38732450637627,0.524,0.336,1,"6","AUH"
2.01612788877092e-05,2.38633838830257,0.667,0.358,0.41260057243697,"6","RIPK1"
0.000802833017741866,2.38258047466061,0.619,0.434,1,"6","CPOX"
3.94470258902047e-07,2.38255277108841,0.81,0.765,0.00807283384843038,"6","ELMO1"
3.47138243683709e-06,2.38246720134084,0.762,0.545,0.071041841569871,"6","CD226"
0.00167012595112137,2.38215997882641,0.524,0.324,1,"6","TRAPPC8"
5.00892315360435e-05,2.38101391591975,0.667,0.478,1,"6","AEBP2"
8.82962369885831e-10,2.3807251982183,0.905,0.779,1.80698248997135e-05,"6","IQGAP2"
8.09034972348854e-09,2.3804554792309,0.857,0.743,0.000165569007091193,"6","DOCK2"
1.41883834345879e-05,2.37550697599054,0.714,0.481,0.290365266988842,"6","EIF4G3"
0.000755051036605447,2.37233132033987,0.571,0.382,1,"6","PKIA"
0.00147435576781918,2.37129960866774,0.524,0.361,1,"6","MYSM1"
0.000974951368981403,2.3708931748507,0.619,0.422,1,"6","PSPC1"
0.00128993377921915,2.36942766716836,0.571,0.422,1,"6","FOXJ3"
0.000464442396236331,2.36934720867522,0.619,0.489,1,"6","LINC00342"
0.00297443848433154,2.36894063705319,0.476,0.294,1,"6","COX10"
0.00551537870726393,2.36677415073766,0.381,0.196,1,"6","ERCC8"
0.00765333068517626,2.36618617764798,0.429,0.255,1,"6","SERGEF"
0.0033758919406166,2.36440407460972,0.762,0.748,1,"6","BCL2"
3.10705835393499e-06,2.36316355618779,0.762,0.64,0.0635859492132795,"6","HERC1"
1.54669103995531e-05,2.36242374294949,0.667,0.377,0.316530321326853,"6","PRR14L"
0.00583296869733663,2.36205033395631,0.381,0.205,1,"6","STX18"
2.15747246179454e-06,2.35078157320459,0.857,0.822,0.0441526739306253,"6","THEMIS"
0.000118000151035247,2.34737535354612,0.619,0.395,1,"6","ANO6"
2.00356398138979e-10,2.34702792588233,1,0.922,4.1002936879142e-06,"6","ANKRD12"
0.000229337971136667,2.34461215848513,0.619,0.386,1,"6","PLEKHA2"
0.000271431956440304,2.3419221830282,0.762,0.761,1,"6","ARID5B"
0.00200439374380257,2.34176233142917,0.571,0.394,1,"6","EED"
3.83810354314118e-05,2.34130057805603,0.762,0.752,0.785467890103843,"6","PDE7A"
0.00883881981490475,2.34096560209769,0.524,0.408,1,"6","ECPAS"
0.00631991570736101,2.33987985511554,0.429,0.241,1,"6","ZBP1"
1.84451349181103e-05,2.33925972325631,0.619,0.344,0.377479686099127,"6","VPS13D"
0.00287778371711611,2.33787861784217,0.524,0.34,1,"6","ARNT"
0.00408816319704441,2.33657107777621,0.476,0.287,1,"6","TNFRSF10A"
0.000257090797656456,2.33557113346218,0.714,0.627,1,"6","RNF19A"
0.00879482422148992,2.32848466182143,0.571,0.475,1,"6","TSPAN5"
3.79665188177114e-11,2.32779167296339,0.952,0.926,7.76984807604464e-07,"6","ANKRD44"
0.000336000956175031,2.32534214866571,0.476,0.236,1,"6","FAM126B"
0.0007099300301181,2.32439824908467,0.571,0.335,1,"6","ATP10A"
0.00100600524154815,2.3238494151971,0.667,0.552,1,"6","RBM33"
5.43117995022158e-10,2.32317907620684,0.952,0.878,1.11149097681285e-05,"6","MACF1"
0.00020952744316971,2.32249812858921,0.619,0.415,1,"6","MARCH6"
1.39765976570061e-11,2.32068489253278,0.952,0.867,2.8603107105063e-07,"6","CELF2"
8.10231097991831e-07,2.31981327655555,0.81,0.579,0.0165813794204028,"6","RBM26"
0.00856048017395028,2.31805164555505,0.381,0.22,1,"6","CSTF3"
2.47256568441934e-06,2.3149001667831,0.667,0.37,0.0506010567316417,"6","RABGAP1"
2.65946699495867e-05,2.31261941035004,0.667,0.393,0.544259920518292,"6","NSD2"
0.000201973241381159,2.31140635883054,0.667,0.563,1,"6","PAN3"
2.94491448338263e-07,2.31095726566014,0.762,0.484,0.00602676749024256,"6","TENT2"
6.89291343325404e-05,2.310615348055,0.714,0.526,1,"6","COG5"
0.00542623352536209,2.30932304520016,0.571,0.454,1,"6","OXSR1"
0.00880085733504532,2.30854897227291,0.524,0.403,1,"6","ACSL4"
0.000151467633023428,2.30798239616264,0.619,0.411,1,"6","HECTD4"
0.00769723295770475,2.30564219069604,0.476,0.321,1,"6","ZNF83"
8.70671187285232e-05,2.30555086822871,0.714,0.611,1,"6","PUM2"
2.33993447729119e-07,2.30346679044536,0.81,0.564,0.00478867590777643,"6","UVRAG"
0.00487433407214799,2.302242658161,0.524,0.362,1,"6","SMARCAD1"
5.66140606135246e-05,2.29801578271469,0.762,0.628,1,"6","HERC4"
0.000815547318884002,2.29731436175692,0.571,0.376,1,"6","XPO4"
0.000254776355615993,2.29554660537968,0.619,0.416,1,"6","WDR7"
0.000261874914407212,2.29519135779535,0.762,0.701,1,"6","ARHGAP25"
1.43374539818275e-06,2.29396810791569,0.762,0.624,0.02934159957381,"6","RICTOR"
0.00384247247524216,2.29076273547625,0.476,0.303,1,"6","ELP3"
0.000871467560225714,2.29013129599317,0.619,0.504,1,"6","USP9X"
0.00278051364965792,2.28805228745378,0.571,0.485,1,"6","NBAS"
0.000796534957138606,2.28616363158328,0.476,0.239,1,"6","CNOT6"
0.000182280826894532,2.28592869857974,0.667,0.509,1,"6","TUT7"
3.28194434517926e-07,2.2844017743142,0.81,0.689,0.00671649910240935,"6","CAMK2D"
0.00130771293172627,2.28352361788403,0.667,0.593,1,"6","PITPNC1"
5.11223232391167e-06,2.2816014914525,0.714,0.48,0.104621834508852,"6","RC3H1"
2.43599986848864e-08,2.28068517265358,0.857,0.757,0.000498527373086199,"6","BIRC6"
0.00212611777722227,2.27674730994082,0.571,0.417,1,"6","CEP192"
2.82551628094652e-07,2.27591703018357,0.762,0.488,0.00578241906895705,"6","MAP3K5"
1.00353583221136e-08,2.27506343680988,0.857,0.694,0.000205373608062054,"6","RAPGEF6"
0.000994667245120873,2.27502285649302,0.571,0.393,1,"6","VPS54"
5.32411563947122e-07,2.2748958339809,0.81,0.651,0.0108958026561778,"6","ANKRD36"
2.48680700363213e-05,2.27320325993979,0.714,0.514,0.508925053293315,"6","ARIH1"
4.09633095355133e-06,2.2719276704647,0.762,0.62,0.083831412964428,"6","COP1"
0.00408565499777813,2.27121889344086,0.571,0.516,1,"6","RERE"
8.42592018601707e-07,2.26964042543004,0.81,0.616,0.0172436456606839,"6","USP25"
0.00288677823051309,2.26945248989868,0.619,0.605,1,"6","BACH2"
6.36683146457706e-05,2.26801169814853,0.714,0.549,1,"6","LDLRAD4"
0.00189752337372817,2.26765908018315,0.524,0.359,1,"6","SYMPK"
0.000518716335940361,2.26718652636544,0.571,0.356,1,"6","DGKD"
0.00238811539105477,2.26681327976167,0.429,0.205,1,"6","CD109"
0.000756134675923503,2.26607529322881,0.619,0.489,1,"6","ALG13"
8.18146213887871e-07,2.26583244115655,0.81,0.758,0.0167433622672153,"6","MLLT3"
6.87653882740502e-05,2.26499535798743,0.619,0.409,1,"6","KDM4B"
0.00252722560582197,2.26270801005779,0.571,0.383,1,"6","KDM2B"
0.000596604837295178,2.26191774421369,0.619,0.432,1,"6","REPS1"
3.04642373190056e-05,2.25990841470027,0.714,0.6,0.62345061673345,"6","SUCLG2"
0.00434878744053568,2.25964096550245,0.476,0.293,1,"6","ILRUN"
1.05710985964791e-07,2.2519725215288,0.952,0.961,0.00216337532776945,"6","PDE3B"
5.12810529458285e-05,2.25192446150425,0.714,0.532,1,"6","MIA2"
0.00220366432598351,2.25180595527872,0.381,0.174,1,"6","RUBCN"
0.00287732102490112,2.25092309001342,0.524,0.358,1,"6","KLHL2"
1.12226439252794e-08,2.24987907583144,0.905,0.734,0.000229671407930843,"6","TNIK"
3.34854811212537e-07,2.24618884676393,0.857,0.753,0.00685280371146457,"6","PIP4K2A"
0.000551349149444658,2.24580026904042,0.571,0.376,1,"6","UBE3C"
4.50467630479512e-05,2.24454732975432,0.714,0.526,0.921882005776321,"6","SMAD3"
0.000269515012231603,2.24310651823792,0.762,0.617,1,"6","IL2RA"
0.000253882534329009,2.24197043543752,0.714,0.578,1,"6","PHC3"
0.000162139272391615,2.2405141049989,0.667,0.509,1,"6","NFKBIZ"
0.00503346964149576,2.23985007596399,0.524,0.379,1,"6","SEC24B"
0.000110516467331401,2.23663608273153,0.667,0.481,1,"6","REL"
5.55135204498569e-05,2.23653860626868,0.714,0.589,1,"6","GPATCH8"
0.000613359293330618,2.23459476174849,0.571,0.382,1,"6","UIMC1"
0.000584026308339425,2.23439213696843,0.619,0.451,1,"6","ASAP1"
0.000309519732920815,2.23289737164987,0.571,0.327,1,"6","FAM193A"
1.76461067979972e-11,2.23238747152135,0.952,0.739,3.61127575621012e-07,"6","AAK1"
0.00176914841546938,2.22550352152748,0.571,0.389,1,"6","CSNK1G1"
0.000179181155077757,2.22451022744244,0.667,0.5,1,"6","LYST"
0.00017758462326567,2.22439250173407,0.619,0.393,1,"6","ATF2"
0.00363220600321523,2.22375522436552,0.571,0.485,1,"6","CDK17"
7.73539454712591e-10,2.21784372689395,0.905,0.749,1.58304849406932e-05,"6","USP34"
0.00011297545508282,2.21602989401513,0.714,0.624,1,"6","NCOA3"
0.00359479206940438,2.21094109014563,0.524,0.338,1,"6","ZNF708"
5.58414381335304e-06,2.20791960312516,0.762,0.553,0.11427950314027,"6","SLAMF1"
0.00441913595148447,2.20778025288792,0.524,0.34,1,"6","DAPP1"
2.46007083388733e-05,2.20621628366487,0.667,0.425,0.503453496155042,"6","DMTF1"
0.00164818294144875,2.20513114959023,0.524,0.328,1,"6","MTM1"
0.000460682004079338,2.20441165028408,0.619,0.449,1,"6","MAP2K4"
0.000930337289321015,2.20255708029867,0.429,0.205,1,"6","ATG2B"
0.00557864819175746,2.19768827227084,0.524,0.409,1,"6","FKBP5"
0.00221409446364551,2.19597943818605,0.429,0.224,1,"6","SLC25A16"
0.0024656514384116,2.19476048827109,0.524,0.352,1,"6","FBXW11"
0.00385695905195971,2.19414599093679,0.619,0.56,1,"6","BRWD1"
0.00048705167697527,2.19155652976424,0.524,0.295,1,"6","APTX"
0.000622789071829333,2.19072239758307,0.571,0.394,1,"6","MINDY2"
0.0039916446188577,2.18919530545202,0.524,0.378,1,"6","METTL15"
0.00841364400571876,2.18908407840653,0.619,0.555,1,"6","SSBP2"
1.8828017100958e-07,2.1884216216049,0.81,0.593,0.00385315369971106,"6","SP3"
1.07073541144587e-08,2.18839002395956,0.857,0.531,0.000219126001952397,"6","UBA6"
1.39274165089631e-07,2.18210897068612,0.714,0.343,0.0028502457885593,"6","MED23"
0.00729939475838237,2.18011125116214,0.524,0.411,1,"6","SUCO"
2.54832754897905e-09,2.17468727091605,0.905,0.659,5.21515232898562e-05,"6","FRYL"
1.15126428046342e-05,2.17278835074319,0.714,0.499,0.235606234996838,"6","ABCC1"
0.000175373265691503,2.17006206135334,0.714,0.572,1,"6","MYO9B"
4.1017521393405e-05,2.16779763720587,0.762,0.675,0.839423575316033,"6","VMP1"
0.00751870560046464,2.16503652545873,0.476,0.301,1,"6","NSUN6"
5.27284653162319e-05,2.16286647836117,0.714,0.476,1,"6","INO80D"
3.28917476144497e-07,2.1600924029777,0.81,0.713,0.00673129614929713,"6","ZNF638"
1.28791007814044e-06,2.15894912736896,0.857,0.665,0.0263570797491441,"6","HUWE1"
0.00941695925749841,2.15752635139921,0.429,0.249,1,"6","VPS37B"
8.48688993460023e-06,2.15745520716202,0.762,0.551,0.173684202511594,"6","PUM1"
0.00218603422476882,2.15526492767218,0.476,0.253,1,"6","GALNT7"
0.000546367528377445,2.15490461345028,0.571,0.383,1,"6","RABGEF1"
0.00513933418832546,2.15466884346639,0.524,0.398,1,"6","CKAP5"
1.28056476755845e-06,2.15406977797069,0.762,0.611,0.0262067579680836,"6","UBR2"
1.54068506841298e-08,2.15211677056668,0.857,0.576,0.000315301199250717,"6","ANKRD36C"
0.000678763454728726,2.14898775142421,0.571,0.373,1,"6","CCNT2"
4.15571106231472e-05,2.14767759650735,0.714,0.483,0.850466268902706,"6","KLHL5"
1.9837682731616e-05,2.14392351176289,0.81,0.75,0.405978177102522,"6","STAT4"
0.00330372951946178,2.1424763772362,0.667,0.761,1,"6","SSH2"
5.30530462894419e-07,2.13532658977441,0.81,0.799,0.0108573059231343,"6","GLS"
0.00931872242875698,2.13379135402874,0.524,0.418,1,"6","HDAC8"
0.00889388573142336,2.13169103286041,0.333,0.163,1,"6","GIGYF1"
6.5904537382977e-09,2.13003266455223,0.952,0.899,0.000134873635754262,"6","USP15"
0.00408812984630047,2.12866053414417,0.524,0.374,1,"6","ZZEF1"
0.00784153429549561,2.12557484065899,0.476,0.302,1,"6","EHBP1L1"
0.00639640044113454,2.12521603512835,0.571,0.54,1,"6","PPP6R3"
3.76661220213848e-07,2.12444146835898,0.857,0.706,0.00770837187167639,"6","SND1"
2.7047123971613e-06,2.12137932057901,0.762,0.477,0.055351939207906,"6","RANBP9"
0.000815726229507652,2.11689255851992,0.667,0.555,1,"6","CDR2"
0.00193665112489216,2.11483962064968,0.571,0.454,1,"6","MLLT10"
0.00558582455304801,2.11199773475548,0.524,0.399,1,"6","TBC1D2B"
0.000112821562034515,2.11184086934139,0.667,0.512,1,"6","RPTOR"
1.35094890829635e-09,2.10685084810599,0.905,0.722,2.76471694082847e-05,"6","TGFBR2"
3.10129857350461e-07,2.10617213605501,0.905,0.798,0.00634680753067718,"6","PCED1B"
0.00177486988031128,2.10567796896269,0.524,0.333,1,"6","UBE4B"
0.00500451304221339,2.1046145940328,0.571,0.43,1,"6","TARSL2"
0.00714788921446519,2.10344762102726,0.524,0.387,1,"6","SIN3A"
0.00215813873473514,2.10124723449051,0.571,0.449,1,"6","RPRD2"
6.66628818812853e-09,2.09799473427053,0.857,0.674,0.00013642558777005,"6","PDS5A"
0.00575070772504049,2.09697777401594,0.524,0.401,1,"6","WWP2"
9.59768712247566e-05,2.09621969378191,0.714,0.614,1,"6","ITFG1"
0.00396126202438429,2.09379317886486,0.524,0.381,1,"6","KIAA0319L"
1.18676224718506e-05,2.09293880739957,0.905,0.949,0.242870893886422,"6","SOS1"
0.00451230148401005,2.09264521820647,0.429,0.233,1,"6","RYBP"
0.000221235433435885,2.09018401815816,0.714,0.568,1,"6","TMEM87A"
0.00283090841055467,2.08845010871249,0.667,0.644,1,"6","STAT5B"
3.58516771825634e-10,2.08838364702737,0.905,0.864,7.33704573541161e-06,"6","CYTH1"
0.000482289412700787,2.08736290437402,0.667,0.615,1,"6","ATP11B"
1.9836937525497e-05,2.08712692733022,0.714,0.484,0.405962926459296,"6","AGTPBP1"
8.06159173349918e-06,2.08573474474805,0.762,0.554,0.164980474826061,"6","SEC63"
0.00300806870631765,2.08487530758249,0.524,0.332,1,"6","KIAA0232"
0.000328134419330217,2.08260229089537,0.762,0.737,1,"6","SERINC5"
0.00473497644498533,2.0805339140592,0.429,0.246,1,"6","KCTD7"
5.29832851297041e-05,2.07978725972244,0.714,0.557,1,"6","STIM2"
0.00451479070229244,2.07977073297167,0.571,0.429,1,"6","EP300"
0.000251444135847212,2.07300688267946,0.667,0.556,1,"6","KIAA2026"
0.00244519004121324,2.07200597240617,0.571,0.4,1,"6","FBXO34"
6.36609986948145e-09,2.071611494161,0.905,0.668,0.000130282233828938,"6","SMG1"
1.74559899868143e-09,2.06859403317442,0.952,0.801,3.57236835080155e-05,"6","AKAP13"
1.09283617266698e-07,2.06787078698774,0.81,0.648,0.00223648922736297,"6","R3HDM2"
4.27342678355203e-07,2.06584374117567,0.857,0.68,0.00874556791253922,"6","CDK13"
0.00113243786322914,2.06547183874334,0.667,0.582,1,"6","ZNF644"
0.00205888679659805,2.06263091316836,0.571,0.389,1,"6","ADNP"
1.02290140890915e-06,2.05958057080059,0.81,0.691,0.0209336773333257,"6","MAP4K4"
7.5079368232922e-05,2.05784161693914,0.714,0.573,1,"6","C1GALT1"
0.000154697026387041,2.05260994998965,0.714,0.59,1,"6","KAT6A"
0.000670787281854546,2.05229872358788,0.667,0.624,1,"6","RFTN1"
6.46270439541574e-06,2.05066243371207,0.81,0.614,0.132259245452183,"6","STAG1"
0.000253944987500754,2.04929914429722,0.571,0.345,1,"6","VEZT"
0.00617156708262279,2.04914131893403,0.619,0.592,1,"6","SPPL2A"
0.00011261817662489,2.04816918332182,0.667,0.455,1,"6","ATF6"
8.11694540647778e-06,2.04687632706198,0.762,0.609,0.166113287743568,"6","GSK3B"
0.000857797846072206,2.04527238355535,0.667,0.507,1,"6","YIPF4"
0.000938007501129157,2.04487019330365,0.667,0.504,1,"6","GPR174"
4.03938931414771e-07,2.04470403712263,0.952,0.957,0.00826661023140329,"6","RNF213"
0.000104047361954018,2.04433324624041,0.714,0.634,1,"6","TBL1XR1"
0.000918752452953919,2.04414010646052,0.619,0.537,1,"6","ZNF131"
0.00198693723038379,2.04340540222942,0.619,0.499,1,"6","ZNF721"
0.00522707036338055,2.04328838201596,0.476,0.292,1,"6","KPNA6"
0.00807732544024797,2.04228118102004,0.571,0.551,1,"6","RPAP2"
3.95133195807418e-06,2.03843643707447,0.81,0.747,0.080864008521988,"6","PRKACB"
0.000515289542341035,2.0384228928376,0.571,0.35,1,"6","PDXDC1"
1.26394819566222e-06,2.03724106882336,0.762,0.525,0.0258666998242274,"6","PIBF1"
8.04152153310866e-07,2.03649187736793,0.81,0.746,0.0164569738175069,"6","ASH1L"
3.22368427507769e-08,2.03573149080328,0.857,0.797,0.000659726986894649,"6","PRKCQ"
0.00557910691478813,2.03366054280963,0.524,0.354,1,"6","TYW1"
1.15736173977865e-08,2.03223803256384,0.905,0.798,0.000236854080045701,"6","SRPK2"
0.00139429446817196,2.03088752688136,0.714,0.802,1,"6","NFKB1"
0.00349955363603938,2.02925200843922,0.667,0.568,1,"6","SNTB1"
0.00140575217683825,2.0288343756426,0.667,0.523,1,"6","RAPGEF1"
0.00289086243808878,2.02680382914606,0.524,0.379,1,"6","MAN2A1"
0.000218758843968825,2.02414199893935,0.667,0.529,1,"6","ETNK1"
0.000512058630041778,2.0235786256034,0.619,0.417,1,"6","DMXL1"
0.000210956605963597,2.02181362672694,0.714,0.558,1,"6","NLRC3"
0.000121672855655897,2.02089468961991,0.667,0.462,1,"6","CHD7"
0.000835891068404537,2.02028688998216,0.667,0.618,1,"6","DCP2"
0.00193316923341413,2.01479713893725,0.714,0.716,1,"6","PRKCB"
0.0012259700816466,2.01478807076766,0.667,0.577,1,"6","EHMT1"
0.00332316898631091,2.01261215059667,0.619,0.515,1,"6","CHIC2"
1.08881403306782e-05,2.01208548978759,0.81,0.704,0.222825791867329,"6","LNPEP"
0.00121168523864101,2.01204317674358,0.667,0.624,1,"6","PTPN4"
0.00761678741910199,2.01171492796567,0.476,0.298,1,"6","CEP95"
6.87110934372015e-07,2.00580783941601,0.905,0.87,0.0140617252719233,"6","EML4"
1.58223424659987e-05,1.9949133167991,0.714,0.578,0.323804238566663,"6","STIM1"
0.00519292998985499,1.99209149430495,0.524,0.378,1,"6","RC3H2"
0.00905113370780786,1.99015978043093,0.571,0.511,1,"6","TRG-AS1"
0.00720132607960888,1.98921721745513,0.571,0.505,1,"6","UBR1"
1.05252853543902e-07,1.9886961185033,0.857,0.586,0.00215399964777596,"6","ERN1"
0.00538141412638571,1.9885219217311,0.571,0.467,1,"6","AGFG1"
0.00257945828613626,1.9863549726443,0.619,0.489,1,"6","CERT1"
0.000366827052178165,1.98625952980768,0.762,0.735,1,"6","NKTR"
0.00157861383398283,1.98238504972156,0.619,0.44,1,"6","MAPK14"
0.000280856177425459,1.98095186068266,0.667,0.474,1,"6","MDM4"
8.89374927348641e-06,1.97962758016466,0.762,0.595,0.182010578881899,"6","GOLGA8B"
0.000350421114492905,1.97773605745728,0.714,0.62,1,"6","ZCCHC7"
0.000122915762452713,1.97637973179639,0.762,0.657,1,"6","SYNE1"
0.0015786232917876,1.97494026957979,0.619,0.539,1,"6","SCLT1"
0.00444338385617038,1.97346329472535,0.571,0.422,1,"6","TAF3"
7.54555404067769e-05,1.97277877786671,0.81,0.813,1,"6","FOXP1"
1.56516644089777e-07,1.97261861473104,0.857,0.617,0.00320311312129729,"6","USP47"
0.000143249727196704,1.96858009941508,0.762,0.749,1,"6","ADAM10"
7.95272065978736e-08,1.96368958665327,0.857,0.828,0.00162752428302548,"6","ANKRD11"
0.000345563751948497,1.96362616084951,0.762,0.9,1,"6","TNFAIP8"
0.000212796753427336,1.96234142517107,0.667,0.533,1,"6","OSBPL9"
2.7137818734424e-06,1.96082536681892,0.81,0.659,0.0555375460399987,"6","MARCH7"
0.00218715151001558,1.95485072742734,0.571,0.462,1,"6","GATAD2B"
1.09856583829782e-08,1.95377286033792,0.857,0.707,0.000224821498807648,"6","RASA2"
2.36451946911131e-09,1.95135382824992,1,0.937,4.83898909353631e-05,"6","DOCK8"
6.23020158658782e-05,1.95085851072433,0.81,0.832,1,"6","MYCBP2"
0.00970291752411434,1.95058315205605,0.476,0.319,1,"6","RALGAPB"
7.91840642611064e-06,1.95039852313366,0.714,0.441,0.162050187510354,"6","CREBBP"
0.00627563531509967,1.94710050249092,0.524,0.398,1,"6","ZMYND8"
0.00322014229001377,1.94672540590854,0.524,0.34,1,"6","TAF2"
0.000117131288008165,1.94328947020699,0.667,0.483,1,"6","MTR"
1.14893360763091e-05,1.94245960691543,0.762,0.54,0.235129262801665,"6","HBS1L"
0.00325481105888148,1.93525077719601,0.571,0.49,1,"6","TMED5"
0.00916201396408667,1.93456147777064,0.476,0.307,1,"6","HCG18"
0.00680096684473042,1.93437322958885,0.762,0.848,1,"6","FYN"
0.000344615678690818,1.93412161017673,0.714,0.749,1,"6","NIPBL"
0.0069816987271567,1.93393116051739,0.619,0.534,1,"6","SPEN"
4.63564682195994e-08,1.93363727408321,0.905,0.796,0.000948685122114101,"6","STK10"
0.00744606110026114,1.93196540586843,0.571,0.461,1,"6","DIP2A"
0.0049062225152301,1.93003901728169,0.524,0.393,1,"6","RIC1"
0.000373018746125497,1.92944653563138,0.714,0.699,1,"6","RSF1"
0.00824760413825532,1.92925852680849,0.667,0.603,1,"6","EFR3A"
7.75359016991217e-08,1.9272118401507,0.857,0.684,0.00158677222827253,"6","OGA"
0.000523986286496969,1.92649654112002,0.619,0.395,1,"6","SENP5"
0.000207735610291859,1.92637694721307,0.667,0.492,1,"6","GIGYF2"
0.00168844726062112,1.92313579181471,0.619,0.522,1,"6","PPIP5K2"
1.27297046526031e-06,1.92237604857174,0.857,0.647,0.0260513405715523,"6","RBM6"
1.20788115820503e-06,1.91891542456015,0.857,0.79,0.0247192879026659,"6","GLG1"
0.000101291686364968,1.91856382924736,0.714,0.637,1,"6","FOXO1"
0.00273756573107398,1.91643785689909,0.619,0.518,1,"6","EXOC2"
3.7870294189446e-05,1.91584960329645,0.714,0.55,0.775015570587012,"6","ATF7IP"
0.00563134534586229,1.91117156307034,0.476,0.309,1,"6","TXNDC11"
2.91153656739596e-08,1.90571522928906,0.905,0.748,0.000595845958517582,"6","ITSN2"
0.00658158528424857,1.90244493237795,0.571,0.497,1,"6","UBE2G1"
1.03643760240857e-11,1.89985332312515,1,0.939,2.12106955332914e-07,"6","IKZF1"
2.27686733225152e-05,1.89956944821548,0.762,0.685,0.465960899545274,"6","WNK1"
0.00449485726764021,1.89596950036829,0.619,0.546,1,"6","SLC39A10"
0.000118128982012911,1.8941622774859,0.714,0.582,1,"6","JPX"
1.118147778989e-05,1.88894108001285,0.857,0.721,0.228828942970098,"6","SAMSN1"
0.000449923877376968,1.88671366544937,0.667,0.572,1,"6","ERBIN"
0.00170250138242434,1.88441223735717,0.667,0.649,1,"6","KDM2A"
0.00254178331647514,1.88018116254074,0.571,0.472,1,"6","TASOR2"
0.00434543363831397,1.88002920455558,0.619,0.551,1,"6","N4BP1"
1.24566126591397e-06,1.8742235580732,0.81,0.681,0.0254924578069293,"6","FLI1"
9.9450914170518e-10,1.87188396467755,0.952,0.772,2.03526295849965e-05,"6","ZNF207"
0.00328194703726004,1.86506728349183,0.619,0.596,1,"6","WDR33"
0.00155111534335095,1.86503614049973,0.619,0.465,1,"6","SPG11"
2.22979238007071e-05,1.86228024474226,0.762,0.593,0.45632701058147,"6","SENP7"
4.43485324423953e-05,1.86126256536281,0.762,0.663,0.907592716433621,"6","NFATC3"
0.00788405477478671,1.86066065326962,0.571,0.521,1,"6","SSBP3"
0.00401530710299514,1.85951010378488,0.524,0.337,1,"6","C18orf25"
0.000259862094940333,1.85493424417988,0.714,0.606,1,"6","CLTC"
0.000589976707216611,1.84169048990637,0.619,0.455,1,"6","RNF111"
0.000377383346241267,1.84040046547233,0.714,0.678,1,"6","MYO1F"
2.28319545558797e-06,1.83759493269687,0.81,0.937,0.0467255949986078,"6","CAMK4"
7.30109476210217e-07,1.83700251114565,0.81,0.629,0.0149416904306421,"6","SETD2"
0.00610320528903974,1.83490981301109,0.571,0.483,1,"6","ABHD3"
0.00236487949605912,1.83083127350801,0.667,0.527,1,"6","OFD1"
0.00818286528984302,1.82870607194848,0.619,0.557,1,"6","CARD11"
0.00756493157081128,1.82742711981636,0.524,0.4,1,"6","CDS2"
3.12299993825427e-05,1.82732613600833,0.762,0.725,0.639121937363736,"6","CAB39"
0.00175174248661802,1.82714294077955,0.714,0.797,1,"6","MDFIC"
0.00139880023227734,1.82372501571067,0.571,0.38,1,"6","SYTL2"
0.00788579809787593,1.81878759097963,0.571,0.511,1,"6","DGLUCY"
0.000888724305775579,1.81800488658776,0.619,0.473,1,"6","NUTM2A-AS1"
2.77647530415592e-05,1.81708193433729,0.857,0.73,0.56820567099551,"6","PHF3"
0.000118011693183151,1.81333639667477,0.714,0.605,1,"6","DHX9"
0.000765541106406253,1.81176247766381,0.619,0.44,1,"6","CYP20A1"
0.00378724051920276,1.80283090141183,0.619,0.568,1,"6","PHF14"
0.000307151089471436,1.80142536121116,0.667,0.498,1,"6","SREK1"
0.00104728826240619,1.79863476467912,0.619,0.498,1,"6","VPS8"
0.000185914535097531,1.79132824759345,0.667,0.489,1,"6","PPM1B"
7.85220286747546e-06,1.78584048646967,0.762,0.585,0.160695331682885,"6","ATP2B4"
0.00796892821717532,1.78578369143899,0.619,0.538,1,"6","TRPC4AP"
0.00247565279862894,1.78552435123668,0.714,0.646,1,"6","GOLGA8A"
0.00423375148452343,1.78429627844677,0.619,0.565,1,"6","CDC73"
0.00734150877929052,1.78203332572812,0.667,0.703,1,"6","UBE3A"
1.23096731148298e-05,1.7809682464265,0.81,0.815,0.251917460294991,"6","BCL11B"
0.00586621968847689,1.78061815866784,0.524,0.369,1,"6","CHFR"
7.04560303517177e-05,1.78057468684786,0.762,0.734,1,"6","OGT"
0.000235878423846314,1.77961429940253,0.714,0.558,1,"6","P4HA1"
4.29282264757802e-06,1.77658548418345,0.81,0.676,0.0878526154826842,"6","MAN1A2"
0.00813603524395345,1.7765591404457,0.524,0.426,1,"6","FAM120B"
0.00126249938684309,1.76760410112251,0.714,0.583,1,"6","WWP1"
1.86279054803506e-06,1.76726647119047,0.81,0.647,0.0381220085655376,"6","CREB1"
0.00131904173887576,1.766079970651,0.667,0.67,1,"6","PHIP"
0.00503327089494254,1.76482008781261,0.571,0.432,1,"6","ATP9B"
0.00324030883266646,1.75971304842325,0.619,0.453,1,"6","LARP4B"
0.000209513175796205,1.75852030649241,0.619,0.401,1,"6","AGO3"
0.00266522140770142,1.7505922554442,0.667,0.658,1,"6","MGAT4A"
1.10652111473541e-07,1.75011197641465,0.952,0.924,0.00226449546130603,"6","ITGA4"
0.000178008511364069,1.74401310089644,0.667,0.443,1,"6","UBR4"
0.00440960704741644,1.74259346959638,0.619,0.596,1,"6","ZNF800"
2.02812687088993e-07,1.74243577325801,0.905,0.926,0.00415056164127625,"6","LCP2"
0.00298061874795308,1.74216437074627,0.619,0.509,1,"6","SMC6"
0.000270864098590007,1.73864767933015,0.762,0.804,1,"6","RASGRP1"
6.30664057377217e-06,1.73838179544262,0.81,0.511,0.129065399342247,"6","PREX1"
2.81219751485651e-06,1.73657632381277,0.857,0.845,0.0575516221415384,"6","XRN1"
0.000668293003992959,1.73309379252111,0.571,0.37,1,"6","HECA"
9.16444697907082e-12,1.73294295433129,1,0.985,1.87550407426684e-07,"6","CD96"
0.000132806277992614,1.72141825870639,0.714,0.573,1,"6","NLRC5"
0.000562990591395307,1.713483366954,0.714,0.64,1,"6","TGOLN2"
0.00766191530720306,1.71339088742704,0.667,0.723,1,"6","STAG2"
0.000693486778561514,1.70291011599156,0.714,0.682,1,"6","SEMA4D"
0.000303170175725676,1.68580512878693,0.714,0.666,1,"6","UBAC2"
8.81685546327837e-06,1.6851296084828,0.81,0.654,0.180436947055992,"6","PARP14"
0.0086532554707015,1.68308570938053,0.619,0.555,1,"6","DNAJC1"
8.30143740415679e-08,1.68301029995264,0.905,0.846,0.00169888916476069,"6","ARID4B"
2.15086225654471e-05,1.67892259244287,0.762,0.747,0.440173960801874,"6","NPEPPS"
1.40171815488088e-07,1.67760172093613,0.905,0.765,0.00286861620396373,"6","CHD2"
3.38916958131374e-05,1.67377389591075,0.762,0.722,0.693593554815858,"6","TTC17"
0.000205946537124024,1.66704831200536,0.81,0.91,1,"6","EPB41"
0.00796004910080428,1.66683346133771,0.667,0.623,1,"6","CNOT2"
0.00301109853210413,1.65765844019619,0.619,0.488,1,"6","SEL1L3"
0.00881189522925951,1.65419314375915,0.667,0.63,1,"6","BDP1"
6.57543186499687e-06,1.65384624989883,0.81,0.79,0.134566213117161,"6","VPS13C"
6.24109046121202e-05,1.64862838197555,0.762,0.654,1,"6","TTC14"
1.57380453251754e-05,1.64819796236398,0.857,0.887,0.322079097579715,"6","N4BP2L2"
0.000620332216980657,1.64787386892945,0.714,0.56,1,"6","HOOK3"
1.26033241678591e-05,1.64096663935425,0.81,0.789,0.257927029095237,"6","STK38"
7.10759914734904e-05,1.63388925299192,0.81,0.684,1,"6","CEP350"
0.00671481785615557,1.63299134284635,0.619,0.566,1,"6","RAB11FIP1"
6.36234706696825e-07,1.63259449086327,0.857,0.796,0.0130205432725505,"6","EPC1"
0.000305020247047372,1.63102462791271,0.714,0.571,1,"6","FUBP1"
0.000282267269639425,1.62735161784991,0.714,0.79,1,"6","PAFAH1B1"
0.000193805012526971,1.62452459488815,0.762,0.813,1,"6","ABLIM1"
1.98688234518407e-05,1.6182733776612,0.952,0.973,0.40661547194192,"6","SMCHD1"
0.00614922096703463,1.618114359673,0.619,0.498,1,"6","CLSTN1"
0.000443185582097438,1.60954740660987,0.714,0.603,1,"6","CCDC88C"
0.00112850374412932,1.60050764966787,0.667,0.672,1,"6","LMBRD1"
0.00128183550382222,1.58584975315982,0.81,0.906,1,"6","RHOH"
0.00721015528475966,1.58110450374319,0.571,0.482,1,"6","PTK2B"
0.00124955740391153,1.57955023061587,0.667,0.599,1,"6","PPP2R5E"
0.00958281424552698,1.57604576942092,0.762,0.805,1,"6","OSBPL8"
0.000933488808406713,1.57207861481683,0.667,0.544,1,"6","CUL5"
5.64804791278739e-05,1.56563743736324,0.762,0.636,1,"6","NSD1"
1.02860857831288e-07,1.56525024564594,0.952,0.929,0.00210504745551732,"6","RIPOR2"
0.000323170280673635,1.56480601165156,0.714,0.638,1,"6","PRRC2B"
0.000444400610144946,1.56300089093033,0.81,0.89,1,"6","NSD3"
0.000944292426485971,1.5522100961867,0.762,0.746,1,"6","SORL1"
0.00577662152693126,1.54645292823836,0.571,0.477,1,"6","OGDH"
0.00513603290324705,1.54220146374542,0.667,0.705,1,"6","PTPN22"
0.00638903329717366,1.53515656924786,0.571,0.49,1,"6","RNF115"
0.000591399925848446,1.53471277501637,0.762,0.709,1,"6","GOLGB1"
0.00651727821366466,1.53057308581046,0.619,0.519,1,"6","HELB"
0.0052340769864736,1.52978883305,0.714,0.629,1,"6","NLRP1"
0.00805553458397168,1.52532983098996,0.667,0.685,1,"6","PTEN"
0.00129107602794698,1.51101941679461,0.714,0.655,1,"6","KDM5A"
8.43768577407644e-06,1.50849979729164,0.905,0.887,0.172677239366474,"6","SLC38A1"
0.000390104933579272,1.49929123676614,0.762,0.725,1,"6","TRAF1"
0.00961599276243463,1.49891516481774,0.571,0.505,1,"6","NUTM2B-AS1"
0.00591554714114717,1.4930958440647,0.619,0.473,1,"6","SUDS3"
0.00403591979824514,1.49029114803541,0.714,0.681,1,"6","OXNAD1"
0.000493340055073954,1.48758493568911,0.714,0.602,1,"6","HERC2"
0.000734281057543029,1.4823380280219,0.762,0.866,1,"6","ELF1"
0.00170874104219343,1.48004975352311,0.667,0.611,1,"6","CTNNB1"
0.00884225288155438,1.47930466248216,0.667,0.752,1,"6","LUC7L2"
2.652360672184e-05,1.46545914945552,0.857,0.829,0.542805611562455,"6","ATM"
0.00238019036125015,1.46504356641156,0.667,0.542,1,"6","CNOT4"
0.000438262824711932,1.45072598831154,0.714,0.692,1,"6","ARHGEF3"
3.67753809762394e-05,1.44991204865043,0.81,0.788,0.75260817167874,"6","FAM49B"
0.00385014222240754,1.448663138371,0.714,0.803,1,"6","PPP1R12A"
4.23210639577398e-06,1.44265272426635,0.857,0.922,0.0866100573895145,"6","CD44"
0.00709795978898708,1.44006490975034,0.667,0.745,1,"6","TLK1"
0.000118561975732456,1.43057379695425,0.81,0.871,1,"6","KMT2E"
0.00802916720931068,1.43037039924932,0.762,0.729,1,"6","DYNC1H1"
0.00272544854947432,1.43034122675531,0.714,0.739,1,"6","TAOK3"
0.000425795890512726,1.42966714931147,0.762,0.817,1,"6","SYNRG"
0.00637887409298088,1.42662234794915,0.714,0.725,1,"6","SP140L"
1.33487298428214e-05,1.42162255956954,0.81,0.753,0.27318175623334,"6","SETX"
0.00640467206167683,1.42083627580272,0.667,0.609,1,"6","CCNY"
9.22145959467713e-05,1.41777774685321,0.81,0.882,1,"6","TC2N"
2.84891221724592e-10,1.41018888342368,1,1,5.83029885259378e-06,"6","PTPRC"
0.00182560098115392,1.4071051217527,0.762,0.719,1,"6","ELOVL5"
5.74491559102164e-06,1.3987729945175,0.905,0.914,0.117569697570258,"6","SRSF11"
0.000379933857563408,1.38284223267419,0.857,0.864,1,"6","LUC7L3"
0.00736353380148236,1.38210168278493,0.714,0.847,1,"6","ATRX"
0.00277894120906197,1.38166803011373,0.667,0.682,1,"6","CUL3"
3.41625090216624e-07,1.37390141081233,1,0.965,0.00699135747128321,"6","STK17B"
0.0010133159915533,1.3554294434556,0.714,0.894,1,"6","RAP1A"
0.00480611297146005,1.34720981453185,0.81,0.855,1,"6","AC004687.1"
0.00194535844506971,1.34138912197686,0.667,0.557,1,"6","WASHC4"
8.23335625455002e-06,1.33691718122851,0.857,0.844,0.168495635749366,"6","CCM2"
0.00782619481951152,1.32791361060242,0.714,0.694,1,"6","MIS18BP1"
0.0026798574582676,1.32712893601982,0.762,0.87,1,"6","KMT2A"
0.000365167918604081,1.32062326942781,0.81,0.806,1,"6","TUT4"
4.93094454157017e-12,1.3184635147279,1,1,1.00911780043234e-07,"6","MALAT1"
3.95010273064322e-05,1.31439533480361,1,1,0.808388523826136,"6","MT-ATP6"
1.45060013845288e-06,1.30485942814329,0.905,0.763,0.0296865318334383,"6","RPS6KA3"
0.00343938265944499,1.30427449996954,0.714,0.791,1,"6","CCNL1"
0.000149985805403263,1.29389359726405,0.857,0.904,1,"6","WIPF1"
1.93098335008468e-05,1.28681462370209,1,0.959,0.39517574259483,"6","CLEC2D"
0.000201438041968593,1.28261325772734,0.81,0.943,1,"6","CYTIP"
0.00301821558369975,1.27863704704087,0.714,0.746,1,"6","BCLAF1"
0.00228866699969754,1.27760913107593,0.714,0.711,1,"6","VOPP1"
0.000585404859271277,1.2634901465404,0.857,0.736,1,"6","LPIN2"
0.00623683222566651,1.25624592560981,0.762,0.871,1,"6","ZC3HAV1"
0.0002759829760699,1.25333674628775,0.81,0.875,1,"6","ITGAL"
0.000296125458134844,1.24261294664356,0.81,0.847,1,"6","NCOR1"
0.000348761141090614,1.22385437257988,0.905,0.986,1,"6","MT-ND5"
0.00187655147817378,1.21662496470463,0.81,0.88,1,"6","PPP2R5C"
0.00196508629909098,1.2012914003543,0.714,0.705,1,"6","GTF2I"
0.00132216065821122,1.18722539311404,0.762,0.688,1,"6","CHD1"
0.00249692879270835,1.18426023579542,0.714,0.799,1,"6","PCM1"
0.00163259526804183,1.1778684637482,0.81,0.751,1,"6","PRPF4B"
0.000752996571791842,1.17583853690401,0.857,0.883,1,"6","ZRANB2"
6.76221383333342e-08,1.17211674710554,1,1,0.00138388706099168,"6","MT-CO2"
0.00452506810344255,1.16824835518199,0.714,0.71,1,"6","ANKHD1"
0.00784485275661129,1.16776082904374,0.667,0.715,1,"6","RNASEH2B"
0.00757530832846509,1.15913477067931,0.619,0.48,1,"6","NSRP1"
2.59489231257959e-06,1.15738080878526,0.905,0.945,0.0531044711769413,"6","FNBP1"
0.000458037537508282,1.14319037786116,0.857,0.969,1,"6","STK4"
9.66111198819064e-07,1.13077777984589,1,1,0.0197714656838321,"6","MT-CO1"
0.00479073321113122,1.1284661315696,0.762,0.89,1,"6","SYNE2"
0.000632769035427083,1.11192670323549,0.762,0.785,1,"6","PTBP3"
0.00869357930849746,1.1091288768224,0.857,0.939,1,"6","PSMA1"
0.00124568016003002,1.06002832128372,0.857,0.91,1,"6","RSRP1"
0.000798782733066883,1.03802778512109,0.905,0.961,1,"6","MT-ND2"
0.0011798525147384,1.03147598226064,0.952,0.999,1,"6","MT-CO3"
0.00142575787443278,1.00867404264902,1,0.999,1,"6","MT-CYB"
0.00114751628807741,0.99330626407695,0.857,0.959,1,"6","PRRC2C"
0.00879143211258016,0.972599308849155,0.714,0.809,1,"6","ROCK1"
0.000611088983675012,0.95424398472676,0.857,0.93,1,"6","SP100"
3.20085790166402e-05,0.951384610310463,0.857,0.97,0.655055569575542,"6","DDX17"
0.00369907996209329,0.941848274229768,0.81,0.896,1,"6","KIF2A"
0.000109465628924665,0.909965990615857,1,0.998,1,"6","MT-ND4L"
0.000578244880655499,0.908856774908634,1,1,1,"6","CD4"
0.00635292899344075,0.859103993160096,0.952,0.987,1,"6","JAK1"
0.00482671293680736,0.835860329805796,0.81,0.845,1,"6","MT-ND6"
0.000706796906922103,0.775753583874513,1,0.981,1,"6","FYB1"
0.00193141159173349,0.771694844038951,0.905,0.903,1,"6","LRRFIP1"
0.0057531064232561,0.731770975698886,0.81,0.828,1,"6","RAB7A"
0.00645360449701515,0.653265537195492,0.81,0.956,1,"6","SRRM2"
0.00938878870404246,0.340201328281433,0.238,0.684,1,"6","PRPF6"
0.00937276832002217,0.308073163867599,0.143,0.485,1,"6","RO60"
